-3.0	-3.0	0.001	0.001	74.57566205639448	74.65222715054122	7.322444299746424	76.02706243063656	74.3640580325328	7.745148287310095
-3.0	-2.9491542372881354	0.001	0.001124205647631211	74.57566205639448	74.65222715054122	7.322444299746424	76.08623292071232	74.35241865865771	7.76509326655322
-3.0	-2.8983084745762713	0.001	0.001263838338165909	74.57566205639448	74.65222715054122	7.322444299746424	76.13964346158419	74.34185030073887	7.784146413440156
-3.0	-2.8474627118644067	0.001	0.0014208141974589592	74.57566205639448	74.65222715054122	7.322444299746424	76.18655451997532	74.33272366680416	7.801740764667715
-3.0	-2.7966169491525426	0.001	0.0015972873450179669	74.57566205639448	74.65222715054122	7.322444299746424	76.22620550244478	74.32527209902125	7.81757764443977
-3.0	-2.745771186440678	0.001	0.0017956794541590607	74.57566205639448	74.65222715054122	7.322444299746424	76.25777840643008	74.3195187017323	7.83176879439763
-3.0	-2.6949254237288134	0.001	0.0020187129837009464	74.57566205639448	74.65222715054122	7.322444299746424	76.28082830072184	74.31567453137114	7.8440373085556585
-3.0	-2.6440796610169492	0.001	0.002269448537223054	74.57566205639448	74.65222715054122	7.322444299746424	76.2951835349149	74.3140123336923	7.853967665116099
-3.0	-2.5932338983050847	0.001	0.0025513268625545478	74.57566205639448	74.65222715054122	7.322444299746424	76.30065399397708	74.31455574869321	7.861627003929268
-3.0	-2.5423881355932205	0.001	0.002868216067837038	74.57566205639448	74.65222715054122	7.322444299746424	76.29713973502999	74.31717782781105	7.867365371453162
-3.0	-2.491542372881356	0.001	0.0032244647020889827	74.57566205639448	74.65222715054122	7.322444299746424	76.28517741927645	74.32214653134723	7.870727045126228
-3.0	-2.4406966101694914	0.001	0.003624961428675924	74.57566205639448	74.65222715054122	7.322444299746424	76.26527027755921	74.32946439709434	7.871767641112176
-3.0	-2.389850847457627	0.001	0.0040752021105627725	74.57566205639448	74.65222715054122	7.322444299746424	76.23804884583463	74.3390486834818	7.870696356082698
-3.0	-2.3390050847457626	0.001	0.004581365227933299	74.57566205639448	74.65222715054122	7.322444299746424	76.20450947987476	74.35099896160948	7.867339843080474
-3.0	-2.2881593220338985	0.001	0.00515039666310386	74.57566205639448	74.65222715054122	7.322444299746424	76.16536418492	74.36498380075183	7.862365517426458
-3.0	-2.237313559322034	0.001	0.005790105016202303	74.57566205639448	74.65222715054122	7.322444299746424	76.12191678878031	74.38116054755307	7.855444591085919
-3.0	-2.1864677966101693	0.001	0.006509268759592433	74.57566205639448	74.65222715054122	7.322444299746424	76.07514804016203	74.3993065575818	7.8469821531092325
-3.0	-2.135622033898305	0.001	0.007317756701483213	74.57566205639448	74.65222715054122	7.322444299746424	76.02611938456634	74.41927097952755	7.8372092796034165
-3.0	-2.0847762711864406	0.001	0.00822666341179857	74.57566205639448	74.65222715054122	7.322444299746424	75.97577249204976	74.44081833079981	7.826491868428796
-3.0	-2.0339305084745765	0.001	0.009248461468704988	74.57566205639448	74.65222715054122	7.322444299746424	75.9252483281275	74.46398757521469	7.814604841228135
-3.0	-1.9830847457627119	0.001	0.010397172615017792	74.57566205639448	74.65222715054122	7.322444299746424	75.8750832383973	74.48831976733113	7.802270293467149
-3.0	-1.9322389830508475	0.001	0.011688560173199561	74.57566205639448	74.65222715054122	7.322444299746424	75.82620650896794	74.5138778263295	7.7891071001198755
-3.0	-1.8813932203389832	0.001	0.013140345359388184	74.57566205639448	74.65222715054122	7.322444299746424	75.77889814509771	74.54021681403843	7.775691336542299
-3.0	-1.8305474576271186	0.001	0.014772450464848772	74.57566205639448	74.65222715054122	7.322444299746424	75.7335349413072	74.56713343894782	7.762047048064204
-3.0	-1.7797016949152542	0.001	0.016607272241935287	74.57566205639448	74.65222715054122	7.322444299746424	75.69033991648116	74.59440855925608	7.748166116625767
-3.0	-1.7288559322033898	0.001	0.01866998924613268	74.57566205639448	74.65222715054122	7.322444299746424	75.64925391113263	74.62166731161922	7.734287674804268
-3.0	-1.6780101694915255	0.001	0.020988907351716324	74.57566205639448	74.65222715054122	7.322444299746424	75.61022186157192	74.64864711983537	7.720371517643467
-3.0	-1.6271644067796611	0.001	0.023595848182407723	74.57566205639448	74.65222715054122	7.322444299746424	75.57306864224438	74.67505404776028	7.706399094434778
-3.0	-1.5763186440677965	0.001	0.026526585787311405	74.57566205639448	74.65222715054122	7.322444299746424	75.53751371330155	74.70055654784043	7.692401415975103
-3.0	-1.5254728813559322	0.001	0.02982133755446928	74.57566205639448	74.65222715054122	7.322444299746424	75.50313708069885	74.72473173223523	7.678588209246849
-3.0	-1.4746271186440678	0.001	0.03352531609865107	74.57566205639448	74.65222715054122	7.322444299746424	75.46970328623472	74.74737188808533	7.6647590222826185
-3.0	-1.4237813559322035	0.001	0.03768934969672507	74.57566205639448	74.65222715054122	7.322444299746424	75.43701141152133	74.76832036637252	7.650655302206624
-3.0	-1.372935593220339	0.001	0.04237057978460597	74.57566205639448	74.65222715054122	7.322444299746424	75.40441900184261	74.78698450683883	7.6369573314800965
-3.0	-1.3220898305084745	0.001	0.04763324508726285	74.57566205639448	74.65222715054122	7.322444299746424	75.37207829054573	74.80356455137942	7.622853736386546
-3.0	-1.2712440677966101	0.001	0.0535495631421025	74.57566205639448	74.65222715054122	7.322444299746424	75.33943136195995	74.81754460564673	7.60907064682552
-3.0	-1.2203983050847458	0.001	0.060200721312535725	74.57566205639448	74.65222715054122	7.322444299746424	75.30659233038472	74.82907329189496	7.595130215408258
-3.0	-1.1695525423728814	0.001	0.06767799089102523	74.57566205639448	74.65222715054122	7.322444299746424	75.27345628414432	74.83807341728992	7.581133781076581
-3.0	-1.118706779661017	0.001	0.07608397958002418	74.57566205639448	74.65222715054122	7.322444299746424	75.23990110146445	74.84444540804533	7.567354653146905
-3.0	-1.0678610169491525	0.001	0.08553403953812092	74.57566205639448	74.65222715054122	7.322444299746424	75.20621707031744	74.84850038216477	7.553373224786398
-3.0	-1.0170152542372881	0.001	0.09615785031346677	74.57566205639448	74.65222715054122	7.322444299746424	75.1719904656162	74.84984611255817	7.54028040519632
-3.0	-0.9661694915254238	0.001	0.10810119838647589	74.57566205639448	74.65222715054122	7.322444299746424	75.13811467046963	74.84940159565888	7.5266465541156995
-3.0	-0.9153237288135593	0.001	0.1215279777417781	74.57566205639448	74.65222715054122	7.322444299746424	75.1042423838068	74.8468514362913	7.513576175295496
-3.0	-0.8644779661016949	0.001	0.13662243892250697	74.57566205639448	74.65222715054122	7.322444299746424	75.07081977460369	74.84268187498274	7.500629670267412
-3.0	-0.8136322033898306	0.001	0.15359171742983244	74.57566205639448	74.65222715054122	7.322444299746424	75.03790975198588	74.8370050157473	7.488137157394657
-3.0	-0.7627864406779661	0.001	0.17266867616399467	74.57566205639448	74.65222715054122	7.322444299746424	75.00567982775993	74.83004712014582	7.476212049453105
-3.0	-0.7119406779661017	0.001	0.19411510091256737	74.57566205639448	74.65222715054122	7.322444299746424	74.97460217323226	74.82234814586961	7.464325749583316
-3.0	-0.6610949152542372	0.001	0.21822529273641061	74.57566205639448	74.65222715054122	7.322444299746424	74.94446673275782	74.81377408238171	7.453266271928986
-3.0	-0.6102491525423729	0.001	0.24533010655024695	74.57566205639448	74.65222715054122	7.322444299746424	74.91560956212675	74.80474418420184	7.442677264510313
-3.0	-0.5594033898305085	0.001	0.2758014913177542	74.57566205639448	74.65222715054122	7.322444299746424	74.88799852757329	74.79531492388115	7.4328746251191005
-3.0	-0.508557627118644	0.001	0.3100575941645296	74.57566205639448	74.65222715054122	7.322444299746424	74.86197213811609	74.78591745659725	7.423365086097687
-3.0	-0.45771186440677963	0.001	0.34856849845071003	74.57566205639448	74.65222715054122	7.322444299746424	74.83736695957289	74.77648329318045	7.414600767708259
-3.0	-0.40686610169491527	0.001	0.39186267454461904	74.57566205639448	74.65222715054122	7.322444299746424	74.81435595398128	74.76728121506376	7.406296139083275
-3.0	-0.35602033898305085	0.001	0.4405342318189317	74.57566205639448	74.65222715054122	7.322444299746424	74.79283054815068	74.75829799176826	7.398675777794547
-3.0	-0.30517457627118644	0.001	0.49525107138571994	74.57566205639448	74.65222715054122	7.322444299746424	74.7729196301565	74.74975609496053	7.391440740916231
-3.0	-0.254328813559322	0.001	0.5567640514472341	74.57566205639448	74.65222715054122	7.322444299746424	74.75448876313764	74.74161202485251	7.384778560196034
-3.0	-0.20348305084745763	0.001	0.6259172910350144	74.57566205639448	74.65222715054122	7.322444299746424	74.73728277980447	74.73369798028945	7.3790815054276155
-3.0	-0.1526372881355932	0.001	0.7036597535315913	74.57566205639448	74.65222715054122	7.322444299746424	74.72167803071376	74.72647385777823	7.373455801896708
-3.0	-0.10179152542372881	0.001	0.7910582689310004	74.57566205639448	74.65222715054122	7.322444299746424	74.70731923395294	74.71966302294005	7.368450796930033
-3.0	-0.050945762711864406	0.001	0.8893121735375996	74.57566205639448	74.65222715054122	7.322444299746424	74.694208250971	74.71334163538353	7.363887639399564
-3.0	-0.0001	0.001	0.9997697679981565	74.57566205639448	74.65222715054122	7.322444299746424	74.68236863007989	74.70760233342105	7.359536771906564
-2.9491542372881354	-3.0	0.001124205647631211	0.001	74.57566205639448	74.65222715054122	7.322444299746424	76.08615919180188	74.35234491475889	7.765240843486825
-2.9491542372881354	-2.9491542372881354	0.001124205647631211	0.001124205647631211	74.57566205639448	74.65222715054122	7.322444299746424	76.15293168804648	74.3388866041299	7.787824988711343
-2.9491542372881354	-2.8983084745762713	0.001124205647631211	0.001263838338165909	74.57566205639448	74.65222715054122	7.322444299746424	76.21415794114786	74.32652474795292	7.80940701500026
-2.9491542372881354	-2.8474627118644067	0.001124205647631211	0.0014208141974589592	74.57566205639448	74.65222715054122	7.322444299746424	76.26886457778315	74.31557511097331	7.829549024117245
-2.9491542372881354	-2.7966169491525426	0.001124205647631211	0.0015972873450179669	74.57566205639448	74.65222715054122	7.322444299746424	76.31599436951964	74.30616609497525	7.848185702121079
-2.9491542372881354	-2.745771186440678	0.001124205647631211	0.0017956794541590607	74.57566205639448	74.65222715054122	7.322444299746424	76.35477157341018	74.29856062877322	7.86497531018082
-2.9491542372881354	-2.6949254237288134	0.001124205647631211	0.0020187129837009464	74.57566205639448	74.65222715054122	7.322444299746424	76.3845611182913	74.29297371534737	7.879662381214218
-2.9491542372881354	-2.6440796610169492	0.001124205647631211	0.002269448537223054	74.57566205639448	74.65222715054122	7.322444299746424	76.40494712145863	74.28961581604072	7.891988353620015
-2.9491542372881354	-2.5932338983050847	0.001124205647631211	0.0025513268625545478	74.57566205639448	74.65222715054122	7.322444299746424	76.41551010464025	74.28844263436069	7.902189623043477
-2.9491542372881354	-2.5423881355932205	0.001124205647631211	0.002868216067837038	74.57566205639448	74.65222715054122	7.322444299746424	76.41651405624994	74.28982454991664	7.909656668870286
-2.9491542372881354	-2.491542372881356	0.001124205647631211	0.0032244647020889827	74.57566205639448	74.65222715054122	7.322444299746424	76.40798810759608	74.29362200306778	7.91478528794991
-2.9491542372881354	-2.4406966101694914	0.001124205647631211	0.003624961428675924	74.57566205639448	74.65222715054122	7.322444299746424	76.39054520740675	74.30000975103444	7.917322930321577
-2.9491542372881354	-2.389850847457627	0.001124205647631211	0.0040752021105627725	74.57566205639448	74.65222715054122	7.322444299746424	76.36489021433621	74.30900293272187	7.9173200127498475
-2.9491542372881354	-2.3390050847457626	0.001124205647631211	0.004581365227933299	74.57566205639448	74.65222715054122	7.322444299746424	76.33174829515042	74.32041523329589	7.915209994190882
-2.9491542372881354	-2.2881593220338985	0.001124205647631211	0.00515039666310386	74.57566205639448	74.65222715054122	7.322444299746424	76.29233105693866	74.33436481024006	7.91079586785668
-2.9491542372881354	-2.237313559322034	0.001124205647631211	0.005790105016202303	74.57566205639448	74.65222715054122	7.322444299746424	76.24774082912982	74.3507264826428	7.904344197752395
-2.9491542372881354	-2.1864677966101693	0.001124205647631211	0.006509268759592433	74.57566205639448	74.65222715054122	7.322444299746424	76.19912923375607	74.36934297368178	7.896158796558859
-2.9491542372881354	-2.135622033898305	0.001124205647631211	0.007317756701483213	74.57566205639448	74.65222715054122	7.322444299746424	76.14774663379119	74.39012897182432	7.886360883291265
-2.9491542372881354	-2.0847762711864406	0.001124205647631211	0.00822666341179857	74.57566205639448	74.65222715054122	7.322444299746424	76.09472600347168	74.41290706611133	7.875219787814466
-2.9491542372881354	-2.0339305084745765	0.001124205647631211	0.009248461468704988	74.57566205639448	74.65222715054122	7.322444299746424	76.04107082753771	74.43744169840778	7.863067612660138
-2.9491542372881354	-1.9830847457627119	0.001124205647631211	0.010397172615017792	74.57566205639448	74.65222715054122	7.322444299746424	75.98778682947498	74.46361022105232	7.849953223071799
-2.9491542372881354	-1.9322389830508475	0.001124205647631211	0.011688560173199561	74.57566205639448	74.65222715054122	7.322444299746424	75.9356258845033	74.49117345461993	7.83609154842927
-2.9491542372881354	-1.8813932203389832	0.001124205647631211	0.013140345359388184	74.57566205639448	74.65222715054122	7.322444299746424	75.88513428535093	74.51984086684352	7.821726345743764
-2.9491542372881354	-1.8305474576271186	0.001124205647631211	0.014772450464848772	74.57566205639448	74.65222715054122	7.322444299746424	75.8366310327427	74.54925424683853	7.807158405610859
-2.9491542372881354	-1.7797016949152542	0.001124205647631211	0.016607272241935287	74.57566205639448	74.65222715054122	7.322444299746424	75.79048812420427	74.579263352989	7.792193992536553
-2.9491542372881354	-1.7288559322033898	0.001124205647631211	0.01866998924613268	74.57566205639448	74.65222715054122	7.322444299746424	75.74663903518473	74.60942137567189	7.777155547105452
-2.9491542372881354	-1.6780101694915255	0.001124205647631211	0.020988907351716324	74.57566205639448	74.65222715054122	7.322444299746424	75.70502721883842	74.6394155628135	7.762033987412561
-2.9491542372881354	-1.6271644067796611	0.001124205647631211	0.023595848182407723	74.57566205639448	74.65222715054122	7.322444299746424	75.66551271511413	74.66895145858095	7.746729063250917
-2.9491542372881354	-1.5763186440677965	0.001124205647631211	0.026526585787311405	74.57566205639448	74.65222715054122	7.322444299746424	75.6275020555315	74.6973600594365	7.73185740306169
-2.9491542372881354	-1.5254728813559322	0.001124205647631211	0.02982133755446928	74.57566205639448	74.65222715054122	7.322444299746424	75.59112849100099	74.72475619785224	7.716461104433384
-2.9491542372881354	-1.4746271186440678	0.001124205647631211	0.03352531609865107	74.57566205639448	74.65222715054122	7.322444299746424	75.55534143195503	74.7501079264611	7.701889748684091
-2.9491542372881354	-1.4237813559322035	0.001124205647631211	0.03768934969672507	74.57566205639448	74.65222715054122	7.322444299746424	75.52054884225771	74.77386281971891	7.686581935244072
-2.9491542372881354	-1.372935593220339	0.001124205647631211	0.04237057978460597	74.57566205639448	74.65222715054122	7.322444299746424	75.48597994078477	74.79529798620227	7.671391535648236
-2.9491542372881354	-1.3220898305084745	0.001124205647631211	0.04763324508726285	74.57566205639448	74.65222715054122	7.322444299746424	75.45145587252503	74.81428185741012	7.656087942079657
-2.9491542372881354	-1.2712440677966101	0.001124205647631211	0.0535495631421025	74.57566205639448	74.65222715054122	7.322444299746424	75.41663998731426	74.83051951947412	7.640889811416354
-2.9491542372881354	-1.2203983050847458	0.001124205647631211	0.060200721312535725	74.57566205639448	74.65222715054122	7.322444299746424	75.38146857026825	74.84398107634158	7.6256203900468424
-2.9491542372881354	-1.1695525423728814	0.001124205647631211	0.06767799089102523	74.57566205639448	74.65222715054122	7.322444299746424	75.34580908950508	74.85456033026122	7.610401802268009
-2.9491542372881354	-1.118706779661017	0.001124205647631211	0.07608397958002418	74.57566205639448	74.65222715054122	7.322444299746424	75.30974575948176	74.86236237839884	7.59508542552497
-2.9491542372881354	-1.0678610169491525	0.001124205647631211	0.08553403953812092	74.57566205639448	74.65222715054122	7.322444299746424	75.27317903306482	74.86730553807067	7.58002552173163
-2.9491542372881354	-1.0170152542372881	0.001124205647631211	0.09615785031346677	74.57566205639448	74.65222715054122	7.322444299746424	75.23614990215171	74.86944985719254	7.5654336244495815
-2.9491542372881354	-0.9661694915254238	0.001124205647631211	0.10810119838647589	74.57566205639448	74.65222715054122	7.322444299746424	75.19939595400876	74.86955565354502	7.55022099058864
-2.9491542372881354	-0.9153237288135593	0.001124205647631211	0.1215279777417781	74.57566205639448	74.65222715054122	7.322444299746424	75.16243907827524	74.86717433640942	7.535806807690666
-2.9491542372881354	-0.8644779661016949	0.001124205647631211	0.13662243892250697	74.57566205639448	74.65222715054122	7.322444299746424	75.12591368388507	74.86297874328984	7.521429687800602
-2.9491542372881354	-0.8136322033898306	0.001124205647631211	0.15359171742983244	74.57566205639448	74.65222715054122	7.322444299746424	75.08989874184553	74.85709621727317	7.507453247269079
-2.9491542372881354	-0.7627864406779661	0.001124205647631211	0.17266867616399467	74.57566205639448	74.65222715054122	7.322444299746424	75.05445144247078	74.84964316483368	7.494277452901953
-2.9491542372881354	-0.7119406779661017	0.001124205647631211	0.19411510091256737	74.57566205639448	74.65222715054122	7.322444299746424	75.01993907624231	74.84105611270896	7.481646134425593
-2.9491542372881354	-0.6610949152542372	0.001124205647631211	0.21822529273641061	74.57566205639448	74.65222715054122	7.322444299746424	74.98690387515619	74.83195620791071	7.468906126602279
-2.9491542372881354	-0.6102491525423729	0.001124205647631211	0.24533010655024695	74.57566205639448	74.65222715054122	7.322444299746424	74.95497590590037	74.82206070463984	7.457167725353722
-2.9491542372881354	-0.5594033898305085	0.001124205647631211	0.2758014913177542	74.57566205639448	74.65222715054122	7.322444299746424	74.92449972755658	74.81180780943328	7.446041388857628
-2.9491542372881354	-0.508557627118644	0.001124205647631211	0.3100575941645296	74.57566205639448	74.65222715054122	7.322444299746424	74.89558414753257	74.80140500652024	7.435537726924941
-2.9491542372881354	-0.45771186440677963	0.001124205647631211	0.34856849845071003	74.57566205639448	74.65222715054122	7.322444299746424	74.86832022857388	74.79104512049219	7.425628599152823
-2.9491542372881354	-0.40686610169491527	0.001124205647631211	0.39186267454461904	74.57566205639448	74.65222715054122	7.322444299746424	74.84266476188175	74.78078830861831	7.4164883402327435
-2.9491542372881354	-0.35602033898305085	0.001124205647631211	0.4405342318189317	74.57566205639448	74.65222715054122	7.322444299746424	74.81873094641217	74.77085084212264	7.407912110305481
-2.9491542372881354	-0.30517457627118644	0.001124205647631211	0.49525107138571994	74.57566205639448	74.65222715054122	7.322444299746424	74.79647624735885	74.76129201855184	7.39995445300663
-2.9491542372881354	-0.254328813559322	0.001124205647631211	0.5567640514472341	74.57566205639448	74.65222715054122	7.322444299746424	74.77583304415796	74.75214336781394	7.392668987603873
-2.9491542372881354	-0.20348305084745763	0.001124205647631211	0.6259172910350144	74.57566205639448	74.65222715054122	7.322444299746424	74.75675712264166	74.74345652262745	7.386027739038859
-2.9491542372881354	-0.1526372881355932	0.001124205647631211	0.7036597535315913	74.57566205639448	74.65222715054122	7.322444299746424	74.73943256404597	74.73550700691597	7.379511022545437
-2.9491542372881354	-0.10179152542372881	0.001124205647631211	0.7910582689310004	74.57566205639448	74.65222715054122	7.322444299746424	74.72325326571169	74.7277755314704	7.374157857270874
-2.9491542372881354	-0.050945762711864406	0.001124205647631211	0.8893121735375996	74.57566205639448	74.65222715054122	7.322444299746424	74.70863698343857	74.72076156624063	7.368945187171567
-2.9491542372881354	-0.0001	0.001124205647631211	0.9997697679981565	74.57566205639448	74.65222715054122	7.322444299746424	74.69537722497952	74.7143350962658	7.364085733120991
-2.8983084745762713	-3.0	0.001263838338165909	0.001	74.57566205639448	74.65222715054122	7.322444299746424	76.13963571858407	74.34184255636818	7.784161957526166
-2.8983084745762713	-2.9491542372881354	0.001263838338165909	0.001124205647631211	74.57566205639448	74.65222715054122	7.322444299746424	76.21421164915749	74.3265785601161	7.809299134076808
-2.8983084745762713	-2.8983084745762713	0.001263838338165909	0.001263838338165909	74.57566205639448	74.65222715054122	7.322444299746424	76.28342035745194	74.3122454724134	7.833667418899033
-2.8983084745762713	-2.8474627118644067	0.001263838338165909	0.0014208141974589592	74.57566205639448	74.65222715054122	7.322444299746424	76.34619761632207	74.29924377091541	7.8566761082016
-2.8983084745762713	-2.7966169491525426	0.001263838338165909	0.0015972873450179669	74.57566205639448	74.65222715054122	7.322444299746424	76.40134299017724	74.28775522655313	7.878172449129561
-2.8983084745762713	-2.745771186440678	0.001263838338165909	0.0017956794541590607	74.57566205639448	74.65222715054122	7.322444299746424	76.4479030242215	74.27807465280024	7.89777797250369
-2.8983084745762713	-2.6949254237288134	0.001263838338165909	0.0020187129837009464	74.57566205639448	74.65222715054122	7.322444299746424	76.48516529467462	74.27055281907593	7.914995270943499
-2.8983084745762713	-2.6440796610169492	0.001263838338165909	0.002269448537223054	74.57566205639448	74.65222715054122	7.322444299746424	76.51210480570711	74.26499821783388	7.930403307210794
-2.8983084745762713	-2.5932338983050847	0.001263838338165909	0.0025513268625545478	74.57566205639448	74.65222715054122	7.322444299746424	76.52875652392285	74.26201235823817	7.942985390361602
-2.8983084745762713	-2.5423881355932205	0.001263838338165909	0.002868216067837038	74.57566205639448	74.65222715054122	7.322444299746424	76.53483630394665	74.26158335662998	7.95293832472474
-2.8983084745762713	-2.491542372881356	0.001263838338165909	0.0032244647020889827	74.57566205639448	74.65222715054122	7.322444299746424	76.53057509536018	74.26390686256721	7.960029785318708
-2.8983084745762713	-2.4406966101694914	0.001263838338165909	0.003624961428675924	74.57566205639448	74.65222715054122	7.322444299746424	76.51627272216054	74.26893881513688	7.964491741453374
-2.8983084745762713	-2.389850847457627	0.001263838338165909	0.0040752021105627725	74.57566205639448	74.65222715054122	7.322444299746424	76.49272806560882	74.27684100312626	7.966126844246744
-2.8983084745762713	-2.3390050847457626	0.001263838338165909	0.004581365227933299	74.57566205639448	74.65222715054122	7.322444299746424	76.46076994417015	74.28754025040605	7.9651895747512045
-2.8983084745762713	-2.2881593220338985	0.001263838338165909	0.00515039666310386	74.57566205639448	74.65222715054122	7.322444299746424	76.42168741854951	74.30120088473801	7.961436979235845
-2.8983084745762713	-2.237313559322034	0.001263838338165909	0.005790105016202303	74.57566205639448	74.65222715054122	7.322444299746424	76.37626000257168	74.31730647842623	7.9559632256888015
-2.8983084745762713	-2.1864677966101693	0.001263838338165909	0.006509268759592433	74.57566205639448	74.65222715054122	7.322444299746424	76.32622051384354	74.33618225110966	7.948144135642172
-2.8983084745762713	-2.135622033898305	0.001263838338165909	0.007317756701483213	74.57566205639448	74.65222715054122	7.322444299746424	76.27277497327668	74.35757596105056	7.9384741792808935
-2.8983084745762713	-2.0847762711864406	0.001263838338165909	0.00822666341179857	74.57566205639448	74.65222715054122	7.322444299746424	76.2172393375969	74.38135561960702	7.927156906048098
-2.8983084745762713	-2.0339305084745765	0.001263838338165909	0.009248461468704988	74.57566205639448	74.65222715054122	7.322444299746424	76.16076289072365	74.4072872995085	7.914541997410065
-2.8983084745762713	-1.9830847457627119	0.001263838338165909	0.010397172615017792	74.57566205639448	74.65222715054122	7.322444299746424	76.10439977109597	74.43515248077361	7.900877645673179
-2.8983084745762713	-1.9322389830508475	0.001263838338165909	0.011688560173199561	74.57566205639448	74.65222715054122	7.322444299746424	76.04902018325947	74.46469338121919	7.886412143264577
-2.8983084745762713	-1.8813932203389832	0.001263838338165909	0.013140345359388184	74.57566205639448	74.65222715054122	7.322444299746424	75.99535068209124	74.49567493729909	7.87126008520474
-2.8983084745762713	-1.8305474576271186	0.001263838338165909	0.014772450464848772	74.57566205639448	74.65222715054122	7.322444299746424	75.94384636060009	74.52776548825533	7.855636123503391
-2.8983084745762713	-1.7797016949152542	0.001263838338165909	0.016607272241935287	74.57566205639448	74.65222715054122	7.322444299746424	75.89469966409006	74.56054293404813	7.839840976756017
-2.8983084745762713	-1.7288559322033898	0.001263838338165909	0.01866998924613268	74.57566205639448	74.65222715054122	7.322444299746424	75.84820767813665	74.59384970086602	7.8235551737972395
-2.8983084745762713	-1.6780101694915255	0.001263838338165909	0.020988907351716324	74.57566205639448	74.65222715054122	7.322444299746424	75.80401736331264	74.62701847081775	7.807400043144972
-2.8983084745762713	-1.6271644067796611	0.001263838338165909	0.023595848182407723	74.57566205639448	74.65222715054122	7.322444299746424	75.76208901174864	74.65981223424768	7.791069541381964
-2.8983084745762713	-1.5763186440677965	0.001263838338165909	0.026526585787311405	74.57566205639448	74.65222715054122	7.322444299746424	75.72203717288824	74.69174006608608	7.7747234643314185
-2.8983084745762713	-1.5254728813559322	0.001263838338165909	0.02982133755446928	74.57566205639448	74.65222715054122	7.322444299746424	75.68362940213223	74.72253118199063	7.758064850733949
-2.8983084745762713	-1.4746271186440678	0.001263838338165909	0.03352531609865107	74.57566205639448	74.65222715054122	7.322444299746424	75.64602053319496	74.75134702876458	7.741945812121287
-2.8983084745762713	-1.4237813559322035	0.001263838338165909	0.03768934969672507	74.57566205639448	74.65222715054122	7.322444299746424	75.60919156403244	74.77820148510953	7.725563712132066
-2.8983084745762713	-1.372935593220339	0.001263838338165909	0.04237057978460597	74.57566205639448	74.65222715054122	7.322444299746424	75.5725882868732	74.80258485126674	7.709238607681741
-2.8983084745762713	-1.3220898305084745	0.001263838338165909	0.04763324508726285	74.57566205639448	74.65222715054122	7.322444299746424	75.53629939404547	74.8246314903835	7.692112382108222
-2.8983084745762713	-1.2712440677966101	0.001263838338165909	0.0535495631421025	74.57566205639448	74.65222715054122	7.322444299746424	75.49903321205264	74.84309044795316	7.676231872643574
-2.8983084745762713	-1.2203983050847458	0.001263838338165909	0.060200721312535725	74.57566205639448	74.65222715054122	7.322444299746424	75.4618519011152	74.85905629888711	7.659105054817245
-2.8983084745762713	-1.1695525423728814	0.001263838338165909	0.06767799089102523	74.57566205639448	74.65222715054122	7.322444299746424	75.4239449142452	74.87174284721704	7.642165415458952
-2.8983084745762713	-1.118706779661017	0.001263838338165909	0.07608397958002418	74.57566205639448	74.65222715054122	7.322444299746424	75.38516525169722	74.88102100581834	7.625698343736417
-2.8983084745762713	-1.0678610169491525	0.001263838338165909	0.08553403953812092	74.57566205639448	74.65222715054122	7.322444299746424	75.3459517323128	74.88734426093352	7.608993560587965
-2.8983084745762713	-1.0170152542372881	0.001263838338165909	0.09615785031346677	74.57566205639448	74.65222715054122	7.322444299746424	75.30620789888671	74.89063104715221	7.59254259500874
-2.8983084745762713	-0.9661694915254238	0.001263838338165909	0.10810119838647589	74.57566205639448	74.65222715054122	7.322444299746424	75.2662693410328	74.8912356523853	7.576103538740276
-2.8983084745762713	-0.9153237288135593	0.001263838338165909	0.1215279777417781	74.57566205639448	74.65222715054122	7.322444299746424	75.22614872963126	74.88919656833428	7.560169611804923
-2.8983084745762713	-0.8644779661016949	0.001263838338165909	0.13662243892250697	74.57566205639448	74.65222715054122	7.322444299746424	75.18649522049138	74.88519817742811	7.54400889130456
-2.8983084745762713	-0.8136322033898306	0.001263838338165909	0.15359171742983244	74.57566205639448	74.65222715054122	7.322444299746424	75.14673466452467	74.87871264069214	7.529365227216111
-2.8983084745762713	-0.7627864406779661	0.001263838338165909	0.17266867616399467	74.57566205639448	74.65222715054122	7.322444299746424	75.10816201495443	74.87109302593134	7.514236301763529
-2.8983084745762713	-0.7119406779661017	0.001263838338165909	0.19411510091256737	74.57566205639448	74.65222715054122	7.322444299746424	75.07029317753424	74.86192493255666	7.500145162643679
-2.8983084745762713	-0.6610949152542372	0.001263838338165909	0.21822529273641061	74.57566205639448	74.65222715054122	7.322444299746424	75.03380357700375	74.85196441855736	7.486244999533322
-2.8983084745762713	-0.6102491525423729	0.001263838338165909	0.24533010655024695	74.57566205639448	74.65222715054122	7.322444299746424	74.99869479106695	74.84130321698689	7.472967096180898
-2.8983084745762713	-0.5594033898305085	0.001263838338165909	0.2758014913177542	74.57566205639448	74.65222715054122	7.322444299746424	74.96496227201858	74.8300349707058	7.460680839093648
-2.8983084745762713	-0.508557627118644	0.001263838338165909	0.3100575941645296	74.57566205639448	74.65222715054122	7.322444299746424	74.93288671065702	74.81854450958751	7.449100788882559
-2.8983084745762713	-0.45771186440677963	0.001263838338165909	0.34856849845071003	74.57566205639448	74.65222715054122	7.322444299746424	74.90269465582341	74.80716668031928	7.437970423163715
-2.8983084745762713	-0.40686610169491527	0.001263838338165909	0.39186267454461904	74.57566205639448	74.65222715054122	7.322444299746424	74.87417315072338	74.79579915526082	7.427833049569724
-2.8983084745762713	-0.35602033898305085	0.001263838338165909	0.4405342318189317	74.57566205639448	74.65222715054122	7.322444299746424	74.8476384363405	74.78486927518976	7.418102801954416
-2.8983084745762713	-0.30517457627118644	0.001263838338165909	0.49525107138571994	74.57566205639448	74.65222715054122	7.322444299746424	74.82302274618739	74.7744193612489	7.4088945345661585
-2.8983084745762713	-0.254328813559322	0.001263838338165909	0.5567640514472341	74.57566205639448	74.65222715054122	7.322444299746424	74.79979161715005	74.76402279967273	7.401205352261871
-2.8983084745762713	-0.20348305084745763	0.001263838338165909	0.6259172910350144	74.57566205639448	74.65222715054122	7.322444299746424	74.77858683533532	74.75442573429771	7.39363041312574
-2.8983084745762713	-0.1526372881355932	0.001263838338165909	0.7036597535315913	74.57566205639448	74.65222715054122	7.322444299746424	74.75904646646009	74.74536639936173	7.386739083248722
-2.8983084745762713	-0.10179152542372881	0.001263838338165909	0.7910582689310004	74.57566205639448	74.65222715054122	7.322444299746424	74.74116748951825	74.73693703717935	7.3803531073613
-2.8983084745762713	-0.050945762711864406	0.001263838338165909	0.8893121735375996	74.57566205639448	74.65222715054122	7.322444299746424	74.72479840626134	74.72907606822945	7.37457258940447
-2.8983084745762713	-0.0001	0.001263838338165909	0.9997697679981565	74.57566205639448	74.65222715054122	7.322444299746424	74.70989668343331	74.72182535255966	7.369266525091431
-2.8474627118644067	-3.0	0.0014208141974589592	0.001	74.57566205639448	74.65222715054122	7.322444299746424	76.1865490495344	74.3327182004956	7.8017519273722815
-2.8474627118644067	-2.9491542372881354	0.0014208141974589592	0.001124205647631211	74.57566205639448	74.65222715054122	7.322444299746424	76.26885890128575	74.31556944139594	7.8295604092670015
-2.8474627118644067	-2.8983084745762713	0.0014208141974589592	0.001263838338165909	74.57566205639448	74.65222715054122	7.322444299746424	76.34616118810902	74.29920724824888	7.85674865722343
-2.8474627118644067	-2.8474627118644067	0.0014208141974589592	0.0014208141974589592	74.57566205639448	74.65222715054122	7.322444299746424	76.41727774823669	74.28408392120798	7.882633653211754
-2.8474627118644067	-2.7966169491525426	0.0014208141974589592	0.0015972873450179669	74.57566205639448	74.65222715054122	7.322444299746424	76.48083461921267	74.27040147089872	7.907038771237872
-2.8474627118644067	-2.745771186440678	0.0014208141974589592	0.0017956794541590607	74.57566205639448	74.65222715054122	7.322444299746424	76.53553061830802	74.25832155537029	7.929873765941053
-2.8474627118644067	-2.6949254237288134	0.0014208141974589592	0.0020187129837009464	74.57566205639448	74.65222715054122	7.322444299746424	76.5805549163939	74.2483233725133	7.950413865938259
-2.8474627118644067	-2.6440796610169492	0.0014208141974589592	0.002269448537223054	74.57566205639448	74.65222715054122	7.322444299746424	76.61504730127197	74.24060872293607	7.96848704734606
-2.8474627118644067	-2.5932338983050847	0.0014208141974589592	0.0025513268625545478	74.57566205639448	74.65222715054122	7.322444299746424	76.63848569873274	74.23544062115012	7.9837934334565395
-2.8474627118644067	-2.5423881355932205	0.0014208141974589592	0.002868216067837038	74.57566205639448	74.65222715054122	7.322444299746424	76.65040122552115	74.23282130174763	7.9965485842082815
-2.8474627118644067	-2.491542372881356	0.0014208141974589592	0.0032244647020889827	74.57566205639448	74.65222715054122	7.322444299746424	76.65108907335261	74.23317865173807	8.006106210383411
-2.8474627118644067	-2.4406966101694914	0.0014208141974589592	0.003624961428675924	74.57566205639448	74.65222715054122	7.322444299746424	76.64076126081419	74.23651084634704	8.012669663010922
-2.8474627118644067	-2.389850847457627	0.0014208141974589592	0.0040752021105627725	74.57566205639448	74.65222715054122	7.322444299746424	76.62004430390593	74.24289335395393	8.01627197006933
-2.8474627118644067	-2.3390050847457626	0.0014208141974589592	0.004581365227933299	74.57566205639448	74.65222715054122	7.322444299746424	76.58989447150796	74.25242019621928	8.016893393518975
-2.8474627118644067	-2.2881593220338985	0.0014208141974589592	0.00515039666310386	74.57566205639448	74.65222715054122	7.322444299746424	76.5514736644429	74.26512151191028	8.014619904315785
-2.8474627118644067	-2.237313559322034	0.0014208141974589592	0.005790105016202303	74.57566205639448	74.65222715054122	7.322444299746424	76.50598833661793	74.28085845419116	8.00984964227193
-2.8474627118644067	-2.1864677966101693	0.0014208141974589592	0.006509268759592433	74.57566205639448	74.65222715054122	7.322444299746424	76.45494750997074	74.2996450505842	8.002637255156806
-2.8474627118644067	-2.135622033898305	0.0014208141974589592	0.007317756701483213	74.57566205639448	74.65222715054122	7.322444299746424	76.39984898567465	74.3214041123559	7.9931771993068415
-2.8474627118644067	-2.0847762711864406	0.0014208141974589592	0.00822666341179857	74.57566205639448	74.65222715054122	7.322444299746424	76.34198251499583	74.34583961934936	7.982045093787111
-2.8474627118644067	-2.0339305084745765	0.0014208141974589592	0.009248461468704988	74.57566205639448	74.65222715054122	7.322444299746424	76.28285774267633	74.372928103568	7.969200628668003
-2.8474627118644067	-1.9830847457627119	0.0014208141974589592	0.010397172615017792	74.57566205639448	74.65222715054122	7.322444299746424	76.22356141547917	74.40233075755353	7.955153835997643
-2.8474627118644067	-1.9322389830508475	0.0014208141974589592	0.011688560173199561	74.57566205639448	74.65222715054122	7.322444299746424	76.16519312140666	74.43387088237357	7.939994822170155
-2.8474627118644067	-1.8813932203389832	0.0014208141974589592	0.013140345359388184	74.57566205639448	74.65222715054122	7.322444299746424	76.10846918171252	74.4671653716095	7.924122955755635
-2.8474627118644067	-1.8305474576271186	0.0014208141974589592	0.014772450464848772	74.57566205639448	74.65222715054122	7.322444299746424	76.05401314205653	74.50192866281553	7.90762969557943
-2.8474627118644067	-1.7797016949152542	0.0014208141974589592	0.016607272241935287	74.57566205639448	74.65222715054122	7.322444299746424	76.00216541197247	74.53778188630045	7.890680805975563
-2.8474627118644067	-1.7288559322033898	0.0014208141974589592	0.01866998924613268	74.57566205639448	74.65222715054122	7.322444299746424	75.95297986929086	74.57423830184779	7.873548883799029
-2.8474627118644067	-1.6780101694915255	0.0014208141974589592	0.020988907351716324	74.57566205639448	74.65222715054122	7.322444299746424	75.90652482333086	74.61098436793368	7.856060013829876
-2.8474627118644067	-1.6271644067796611	0.0014208141974589592	0.023595848182407723	74.57566205639448	74.65222715054122	7.322444299746424	75.86239212282982	74.64736382246538	7.83864609545872
-2.8474627118644067	-1.5763186440677965	0.0014208141974589592	0.026526585787311405	74.57566205639448	74.65222715054122	7.322444299746424	75.82043735684888	74.68309031439254	7.82094404478494
-2.8474627118644067	-1.5254728813559322	0.0014208141974589592	0.02982133755446928	74.57566205639448	74.65222715054122	7.322444299746424	75.78002743202514	74.71746776460326	7.803383309483628
-2.8474627118644067	-1.4746271186440678	0.0014208141974589592	0.03352531609865107	74.57566205639448	74.65222715054122	7.322444299746424	75.7408390877759	74.75016404754503	7.785675718548247
-2.8474627118644067	-1.4237813559322035	0.0014208141974589592	0.03768934969672507	74.57566205639448	74.65222715054122	7.322444299746424	75.70238321502411	74.78071378874691	7.767845151466066
-2.8474627118644067	-1.372935593220339	0.0014208141974589592	0.04237057978460597	74.57566205639448	74.65222715054122	7.322444299746424	75.66418897996287	74.80868567217198	7.749931449559455
-2.8474627118644067	-1.3220898305084745	0.0014208141974589592	0.04763324508726285	74.57566205639448	74.65222715054122	7.322444299746424	75.62587275142023	74.83373910920402	7.731911823049674
-2.8474627118644067	-1.2712440677966101	0.0014208141974589592	0.0535495631421025	74.57566205639448	74.65222715054122	7.322444299746424	75.58703929370172	74.85551760060989	7.7139402952821605
-2.8474627118644067	-1.2203983050847458	0.0014208141974589592	0.060200721312535725	74.57566205639448	74.65222715054122	7.322444299746424	75.5476435720929	74.87400658135172	7.695660553176726
-2.8474627118644067	-1.1695525423728814	0.0014208141974589592	0.06767799089102523	74.57566205639448	74.65222715054122	7.322444299746424	75.5073147177058	74.88885678229468	7.677566088356401
-2.8474627118644067	-1.118706779661017	0.0014208141974589592	0.07608397958002418	74.57566205639448	74.65222715054122	7.322444299746424	75.46622732277426	74.90025702397175	7.659273597678804
-2.8474627118644067	-1.0678610169491525	0.0014208141974589592	0.08553403953812092	74.57566205639448	74.65222715054122	7.322444299746424	75.42437157235595	74.90820750645287	7.640948680489955
-2.8474627118644067	-1.0170152542372881	0.0014208141974589592	0.09615785031346677	74.57566205639448	74.65222715054122	7.322444299746424	75.38174026981196	74.91271059836245	7.622930149593198
-2.8474627118644067	-0.9661694915254238	0.0014208141974589592	0.10810119838647589	74.57566205639448	74.65222715054122	7.322444299746424	75.33865492787527	74.91410116449771	7.605038510919619
-2.8474627118644067	-0.9153237288135593	0.0014208141974589592	0.1215279777417781	74.57566205639448	74.65222715054122	7.322444299746424	75.29541537702788	74.91269931658525	7.5872455247154065
-2.8474627118644067	-0.8644779661016949	0.0014208141974589592	0.13662243892250697	74.57566205639448	74.65222715054122	7.322444299746424	75.25220122100575	74.90871502518822	7.569834695468847
-2.8474627118644067	-0.8136322033898306	0.0014208141974589592	0.15359171742983244	74.57566205639448	74.65222715054122	7.322444299746424	75.20922976101654	74.90240803268298	7.553042437711111
-2.8474627118644067	-0.7627864406779661	0.0014208141974589592	0.17266867616399467	74.57566205639448	74.65222715054122	7.322444299746424	75.16702522935857	74.89435799137763	7.536493497116657
-2.8474627118644067	-0.7119406779661017	0.0014208141974589592	0.19411510091256737	74.57566205639448	74.65222715054122	7.322444299746424	75.12568502615544	74.88473064958578	7.520635708988645
-2.8474627118644067	-0.6610949152542372	0.0014208141974589592	0.21822529273641061	74.57566205639448	74.65222715054122	7.322444299746424	75.0855842291148	74.87398212986449	7.505305992438086
-2.8474627118644067	-0.6102491525423729	0.0014208141974589592	0.24533010655024695	74.57566205639448	74.65222715054122	7.322444299746424	75.04673567365738	74.86221717549897	7.490993162580679
-2.8474627118644067	-0.5594033898305085	0.0014208141974589592	0.2758014913177542	74.57566205639448	74.65222715054122	7.322444299746424	75.00960105550753	74.84999900332815	7.477200637218033
-2.8474627118644067	-0.508557627118644	0.0014208141974589592	0.3100575941645296	74.57566205639448	74.65222715054122	7.322444299746424	74.97432745787806	74.8375836017843	7.463974621877411
-2.8474627118644067	-0.45771186440677963	0.0014208141974589592	0.34856849845071003	74.57566205639448	74.65222715054122	7.322444299746424	74.9406741399721	74.82484453117958	7.4520422389493275
-2.8474627118644067	-0.40686610169491527	0.0014208141974589592	0.39186267454461904	74.57566205639448	74.65222715054122	7.322444299746424	74.90924533166155	74.81250344346027	7.440352816670742
-2.8474627118644067	-0.35602033898305085	0.0014208141974589592	0.4405342318189317	74.57566205639448	74.65222715054122	7.322444299746424	74.879688518837	74.80032683381853	7.42968543593007
-2.8474627118644067	-0.30517457627118644	0.0014208141974589592	0.49525107138571994	74.57566205639448	74.65222715054122	7.322444299746424	74.85209390170893	74.78852332133985	7.419860306970964
-2.8474627118644067	-0.254328813559322	0.0014208141974589592	0.5567640514472341	74.57566205639448	74.65222715054122	7.322444299746424	74.82654781163019	74.77729583244995	7.410641284576596
-2.8474627118644067	-0.20348305084745763	0.0014208141974589592	0.6259172910350144	74.57566205639448	74.65222715054122	7.322444299746424	74.80287875692507	74.76658615297819	7.40225561389505
-2.8474627118644067	-0.1526372881355932	0.0014208141974589592	0.7036597535315913	74.57566205639448	74.65222715054122	7.322444299746424	74.78111734323028	74.7565341673433	7.394481959413347
-2.8474627118644067	-0.10179152542372881	0.0014208141974589592	0.7910582689310004	74.57566205639448	74.65222715054122	7.322444299746424	74.76107028253085	74.74705074938335	7.387513966273836
-2.8474627118644067	-0.050945762711864406	0.0014208141974589592	0.8893121735375996	74.57566205639448	74.65222715054122	7.322444299746424	74.74294823005127	74.73844518145904	7.380713056880633
-2.8474627118644067	-0.0001	0.0014208141974589592	0.9997697679981565	74.57566205639448	74.65222715054122	7.322444299746424	74.72629074431528	74.73034986895178	7.374768176730305
-2.7966169491525426	-3.0	0.0015972873450179669	0.001	74.57566205639448	74.65222715054122	7.322444299746424	76.22618956598147	74.32525613075168	7.817609776132161
-2.7966169491525426	-2.9491542372881354	0.0015972873450179669	0.001124205647631211	74.57566205639448	74.65222715054122	7.322444299746424	76.31599872598977	74.30617047842787	7.848177083446971
-2.7966169491525426	-2.8983084745762713	0.0015972873450179669	0.001263838338165909	74.57566205639448	74.65222715054122	7.322444299746424	76.4013897305851	74.28780201459303	7.878079109739389
-2.7966169491525426	-2.8474627118644067	0.0015972873450179669	0.0014208141974589592	74.57566205639448	74.65222715054122	7.322444299746424	76.48075792636556	74.27032478564351	7.907192191693683
-2.7966169491525426	-2.7966169491525426	0.0015972873450179669	0.0015972873450179669	74.57566205639448	74.65222715054122	7.322444299746424	76.55279259969383	74.25418732143794	7.934857801984043
-2.7966169491525426	-2.745771186440678	0.0015972873450179669	0.0017956794541590607	74.57566205639448	74.65222715054122	7.322444299746424	76.6160990724099	74.239669734968	7.960766035599961
-2.7966169491525426	-2.6949254237288134	0.0015972873450179669	0.0020187129837009464	74.57566205639448	74.65222715054122	7.322444299746424	76.66944172611191	74.22705963398555	7.9846008018822285
-2.7966169491525426	-2.6440796610169492	0.0015972873450179669	0.002269448537223054	74.57566205639448	74.65222715054122	7.322444299746424	76.71187197293715	74.21671373170221	8.005913786687605
-2.7966169491525426	-2.5932338983050847	0.0015972873450179669	0.0025513268625545478	74.57566205639448	74.65222715054122	7.322444299746424	76.74261386800566	74.20888361320368	8.024470273413215
-2.7966169491525426	-2.5423881355932205	0.0015972873450179669	0.002868216067837038	74.57566205639448	74.65222715054122	7.322444299746424	76.76120881140675	74.20381037941142	8.04005798465736
-2.7966169491525426	-2.491542372881356	0.0015972873450179669	0.0032244647020889827	74.57566205639448	74.65222715054122	7.322444299746424	76.76753729753187	74.20171030652119	8.052511470404099
-2.7966169491525426	-2.4406966101694914	0.0015972873450179669	0.003624961428675924	74.57566205639448	74.65222715054122	7.322444299746424	76.76192899972473	74.20286688234022	8.061528227478831
-2.7966169491525426	-2.389850847457627	0.0015972873450179669	0.0040752021105627725	74.57566205639448	74.65222715054122	7.322444299746424	76.74486787358312	74.20733647975553	8.067249852053592
-2.7966169491525426	-2.3390050847457626	0.0015972873450179669	0.004581365227933299	74.57566205639448	74.65222715054122	7.322444299746424	76.71715790394904	74.21513541383533	8.069886906995414
-2.7966169491525426	-2.2881593220338985	0.0015972873450179669	0.00515039666310386	74.57566205639448	74.65222715054122	7.322444299746424	76.6801684543671	74.22652543530252	8.069139986167873
-2.7966169491525426	-2.237313559322034	0.0015972873450179669	0.005790105016202303	74.57566205639448	74.65222715054122	7.322444299746424	76.63502040540696	74.24125704029106	8.065704716943792
-2.7966169491525426	-2.1864677966101693	0.0015972873450179669	0.006509268759592433	74.57566205639448	74.65222715054122	7.322444299746424	76.58346515227288	74.2595175985016	8.059366039644779
-2.7966169491525426	-2.135622033898305	0.0015972873450179669	0.007317756701483213	74.57566205639448	74.65222715054122	7.322444299746424	76.5270147160147	74.28113830731081	8.050571837395841
-2.7966169491525426	-2.0847762711864406	0.0015972873450179669	0.00822666341179857	74.57566205639448	74.65222715054122	7.322444299746424	76.46725098557472	74.30598144341893	8.039639999899197
-2.7966169491525426	-2.0339305084745765	0.0015972873450179669	0.009248461468704988	74.57566205639448	74.65222715054122	7.322444299746424	76.40578657737778	74.3339753578432	8.026679190912017
-2.7966169491525426	-1.9830847457627119	0.0015972873450179669	0.010397172615017792	74.57566205639448	74.65222715054122	7.322444299746424	76.3436154525341	74.36452906492501	8.012740819259946
-2.7966169491525426	-1.9322389830508475	0.0015972873450179669	0.011688560173199561	74.57566205639448	74.65222715054122	7.322444299746424	76.28252674511492	74.39799702297319	7.996867739651786
-2.7966169491525426	-1.8813932203389832	0.0015972873450179669	0.013140345359388184	74.57566205639448	74.65222715054122	7.322444299746424	76.22301261296454	74.43362248396352	7.980205482879849
-2.7966169491525426	-1.8305474576271186	0.0015972873450179669	0.014772450464848772	74.57566205639448	74.65222715054122	7.322444299746424	76.16571850433714	74.47100620711673	7.963049033300048
-2.7966169491525426	-1.7797016949152542	0.0015972873450179669	0.016607272241935287	74.57566205639448	74.65222715054122	7.322444299746424	76.11130184015477	74.50996900246612	7.945117676638857
-2.7966169491525426	-1.7288559322033898	0.0015972873450179669	0.01866998924613268	74.57566205639448	74.65222715054122	7.322444299746424	76.05974333369501	74.54985306934464	7.926955791770407
-2.7966169491525426	-1.6780101694915255	0.0015972873450179669	0.020988907351716324	74.57566205639448	74.65222715054122	7.322444299746424	76.01116881929462	74.59032427859717	7.908339669455122
-2.7966169491525426	-1.6271644067796611	0.0015972873450179669	0.023595848182407723	74.57566205639448	74.65222715054122	7.322444299746424	75.96523079435512	74.63072735561546	7.8895881530836025
-2.7966169491525426	-1.5763186440677965	0.0015972873450179669	0.026526585787311405	74.57566205639448	74.65222715054122	7.322444299746424	75.92147787518958	74.67042538090743	7.870910095170218
-2.7966169491525426	-1.5254728813559322	0.0015972873450179669	0.02982133755446928	74.57566205639448	74.65222715054122	7.322444299746424	75.87964231587446	74.70905784891247	7.851924457364358
-2.7966169491525426	-1.4746271186440678	0.0015972873450179669	0.03352531609865107	74.57566205639448	74.65222715054122	7.322444299746424	75.83899103876227	74.74586315953427	7.833051976371659
-2.7966169491525426	-1.4237813559322035	0.0015972873450179669	0.03768934969672507	74.57566205639448	74.65222715054122	7.322444299746424	75.79927132012564	74.78060062776187	7.8137174917131675
-2.7966169491525426	-1.372935593220339	0.0015972873450179669	0.04237057978460597	74.57566205639448	74.65222715054122	7.322444299746424	75.75963818962535	74.81245801930339	7.794574715386355
-2.7966169491525426	-1.3220898305084745	0.0015972873450179669	0.04763324508726285	74.57566205639448	74.65222715054122	7.322444299746424	75.71996818739451	74.8413510673855	7.774948425673451
-2.7966169491525426	-1.2712440677966101	0.0015972873450179669	0.0535495631421025	74.57566205639448	74.65222715054122	7.322444299746424	75.67955504998581	74.8666095577139	7.755498477787064
-2.7966169491525426	-1.2203983050847458	0.0015972873450179669	0.060200721312535725	74.57566205639448	74.65222715054122	7.322444299746424	75.63840740813993	74.88827007405756	7.7356588472617425
-2.7966169491525426	-1.1695525423728814	0.0015972873450179669	0.06767799089102523	74.57566205639448	74.65222715054122	7.322444299746424	75.59630373742826	74.90612916858245	7.715554867529675
-2.7966169491525426	-1.118706779661017	0.0015972873450179669	0.07608397958002418	74.57566205639448	74.65222715054122	7.322444299746424	75.55280979941298	74.91976224811737	7.695963789962945
-2.7966169491525426	-1.0678610169491525	0.0015972873450179669	0.08553403953812092	74.57566205639448	74.65222715054122	7.322444299746424	75.50839404462982	74.92964195927746	7.676083774886393
-2.7966169491525426	-1.0170152542372881	0.0015972873450179669	0.09615785031346677	74.57566205639448	74.65222715054122	7.322444299746424	75.46310662392094	74.9358216075211	7.656146378734231
-2.7966169491525426	-0.9661694915254238	0.0015972873450179669	0.10810119838647589	74.57566205639448	74.65222715054122	7.322444299746424	75.4170220490809	74.93838148835803	7.636501232533854
-2.7966169491525426	-0.9153237288135593	0.0015972873450179669	0.1215279777417781	74.57566205639448	74.65222715054122	7.322444299746424	75.37049455922343	74.93768897223899	7.617069276880357
-2.7966169491525426	-0.8644779661016949	0.0015972873450179669	0.13662243892250697	74.57566205639448	74.65222715054122	7.322444299746424	75.32390306984887	74.93414655289529	7.597811474794305
-2.7966169491525426	-0.8136322033898306	0.0015972873450179669	0.15359171742983244	74.57566205639448	74.65222715054122	7.322444299746424	75.27730326576963	74.9278461231597	7.579375394663822
-2.7966169491525426	-0.7627864406779661	0.0015972873450179669	0.17266867616399467	74.57566205639448	74.65222715054122	7.322444299746424	75.23141167701185	74.91955483306224	7.561099533274103
-2.7966169491525426	-0.7119406779661017	0.0015972873450179669	0.19411510091256737	74.57566205639448	74.65222715054122	7.322444299746424	75.18627916083065	74.9093886633287	7.5436225471798535
-2.7966169491525426	-0.6610949152542372	0.0015972873450179669	0.21822529273641061	74.57566205639448	74.65222715054122	7.322444299746424	75.14231830954544	74.89783952343502	7.5268045208828775
-2.7966169491525426	-0.6102491525423729	0.0015972873450179669	0.24533010655024695	74.57566205639448	74.65222715054122	7.322444299746424	75.0998955321223	74.88536599561222	7.510518783916152
-2.7966169491525426	-0.5594033898305085	0.0015972873450179669	0.2758014913177542	74.57566205639448	74.65222715054122	7.322444299746424	75.05896184284938	74.87202241836081	7.495375610505714
-2.7966169491525426	-0.508557627118644	0.0015972873450179669	0.3100575941645296	74.57566205639448	74.65222715054122	7.322444299746424	75.01989317687438	74.85829723847606	7.481036895543465
-2.7966169491525426	-0.45771186440677963	0.0015972873450179669	0.34856849845071003	74.57566205639448	74.65222715054122	7.322444299746424	74.9829741982233	74.84459428551493	7.4672401857833215
-2.7966169491525426	-0.40686610169491527	0.0015972873450179669	0.39186267454461904	74.57566205639448	74.65222715054122	7.322444299746424	74.94822516145182	74.83105771703245	7.454153551740372
-2.7966169491525426	-0.35602033898305085	0.0015972873450179669	0.4405342318189317	74.57566205639448	74.65222715054122	7.322444299746424	74.91527714738382	74.81744478943946	7.442626532642824
-2.7966169491525426	-0.30517457627118644	0.0015972873450179669	0.49525107138571994	74.57566205639448	74.65222715054122	7.322444299746424	74.88471621882755	74.80446821614444	7.431514306032555
-2.7966169491525426	-0.254328813559322	0.0015972873450179669	0.5567640514472341	74.57566205639448	74.65222715054122	7.322444299746424	74.85625442237597	74.79196538706991	7.421348442734206
-2.7966169491525426	-0.20348305084745763	0.0015972873450179669	0.6259172910350144	74.57566205639448	74.65222715054122	7.322444299746424	74.82990753635566	74.78007454544127	7.411985507626888
-2.7966169491525426	-0.1526372881355932	0.0015972873450179669	0.7036597535315913	74.57566205639448	74.65222715054122	7.322444299746424	74.8056941391532	74.76893276466772	7.403228804523702
-2.7966169491525426	-0.10179152542372881	0.0015972873450179669	0.7910582689310004	74.57566205639448	74.65222715054122	7.322444299746424	74.78337507799968	74.75841440671263	7.395356513609714
-2.7966169491525426	-0.050945762711864406	0.0015972873450179669	0.8893121735375996	74.57566205639448	74.65222715054122	7.322444299746424	74.76302650050411	74.74870351128423	7.387986982783555
-2.7966169491525426	-0.0001	0.0015972873450179669	0.9997697679981565	74.57566205639448	74.65222715054122	7.322444299746424	74.7443278624559	74.73958129175516	7.381512259892474
-2.745771186440678	-3.0	0.0017956794541590607	0.001	74.57566205639448	74.65222715054122	7.322444299746424	76.25776703544513	74.31950731368583	7.8317918664862765
-2.745771186440678	-2.9491542372881354	0.0017956794541590607	0.001124205647631211	74.57566205639448	74.65222715054122	7.322444299746424	76.3547797357947	74.29856879751559	7.864958858337064
-2.745771186440678	-2.8983084745762713	0.0017956794541590607	0.001263838338165909	74.57566205639448	74.65222715054122	7.322444299746424	76.44790682198288	74.2780784842728	7.897769819282655
-2.745771186440678	-2.8474627118644067	0.0017956794541590607	0.0014208141974589592	74.57566205639448	74.65222715054122	7.322444299746424	76.53555004570336	74.25834097888487	7.929834847388505
-2.745771186440678	-2.7966169491525426	0.0017956794541590607	0.0015972873450179669	74.57566205639448	74.65222715054122	7.322444299746424	76.61608614604225	74.23965682817371	7.960791892541967
-2.745771186440678	-2.745771186440678	0.0017956794541590607	0.0017956794541590607	74.57566205639448	74.65222715054122	7.322444299746424	76.68803222087391	74.2224189801798	7.990115322940493
-2.745771186440678	-2.6949254237288134	0.0017956794541590607	0.0020187129837009464	74.57566205639448	74.65222715054122	7.322444299746424	76.75003061642433	74.20702361396411	8.017290942803285
-2.745771186440678	-2.6440796610169492	0.0017956794541590607	0.002269448537223054	74.57566205639448	74.65222715054122	7.322444299746424	76.80082342373902	74.19376896842034	8.042017092216728
-2.745771186440678	-2.5932338983050847	0.0017956794541590607	0.0025513268625545478	74.57566205639448	74.65222715054122	7.322444299746424	76.83941649380856	74.18294754213035	8.064017888957519
-2.745771186440678	-2.5423881355932205	0.0017956794541590607	0.002868216067837038	74.57566205639448	74.65222715054122	7.322444299746424	76.86521500237092	74.1749184158936	8.08289654805445
-2.745771186440678	-2.491542372881356	0.0017956794541590607	0.0032244647020889827	74.57566205639448	74.65222715054122	7.322444299746424	76.87794369600627	74.16997814916621	8.098390289335025
-2.745771186440678	-2.4406966101694914	0.0017956794541590607	0.003624961428675924	74.57566205639448	74.65222715054122	7.322444299746424	76.8776528603815	74.16833573950167	8.110417934273203
-2.745771186440678	-2.389850847457627	0.0017956794541590607	0.0040752021105627725	74.57566205639448	74.65222715054122	7.322444299746424	76.86484967674816	74.17023416710907	8.118831936090492
-2.745771186440678	-2.3390050847457626	0.0017956794541590607	0.004581365227933299	74.57566205639448	74.65222715054122	7.322444299746424	76.8404468600605	74.17591221678106	8.12348694900514
-2.745771186440678	-2.2881593220338985	0.0017956794541590607	0.00515039666310386	74.57566205639448	74.65222715054122	7.322444299746424	76.80533202789644	74.18521028345161	8.12502313573723
-2.745771186440678	-2.237313559322034	0.0017956794541590607	0.005790105016202303	74.57566205639448	74.65222715054122	7.322444299746424	76.76122676491748	74.19848551671829	8.123022497702992
-2.745771186440678	-2.1864677966101693	0.0017956794541590607	0.006509268759592433	74.57566205639448	74.65222715054122	7.322444299746424	76.70965452164954	74.21565281551386	8.11791301366323
-2.745771186440678	-2.135622033898305	0.0017956794541590607	0.007317756701483213	74.57566205639448	74.65222715054122	7.322444299746424	76.652350115996	74.2366776558951	8.10996569606687
-2.745771186440678	-2.0847762711864406	0.0017956794541590607	0.00822666341179857	74.57566205639448	74.65222715054122	7.322444299746424	76.59103664892592	74.26143961034077	8.099553964855993
-2.745771186440678	-2.0339305084745765	0.0017956794541590607	0.009248461468704988	74.57566205639448	74.65222715054122	7.322444299746424	76.52741575054718	74.28980756595097	8.086976768252901
-2.745771186440678	-1.9830847457627119	0.0017956794541590607	0.010397172615017792	74.57566205639448	74.65222715054122	7.322444299746424	76.46307425558554	74.32162119453292	8.0724775409053
-2.745771186440678	-1.9322389830508475	0.0017956794541590607	0.011688560173199561	74.57566205639448	74.65222715054122	7.322444299746424	76.39918153496268	74.356449668788	8.056709640032912
-2.745771186440678	-1.8813932203389832	0.0017956794541590607	0.013140345359388184	74.57566205639448	74.65222715054122	7.322444299746424	76.33698202458298	74.39412825181049	8.039645266434514
-2.745771186440678	-1.8305474576271186	0.0017956794541590607	0.014772450464848772	74.57566205639448	74.65222715054122	7.322444299746424	76.27717660123125	74.43416565161245	8.021749429504402
-2.745771186440678	-1.7797016949152542	0.0017956794541590607	0.016607272241935287	74.57566205639448	74.65222715054122	7.322444299746424	76.22045633031438	74.47628598472494	8.00289386379424
-2.745771186440678	-1.7288559322033898	0.0017956794541590607	0.01866998924613268	74.57566205639448	74.65222715054122	7.322444299746424	76.16681827258331	74.51973780210042	7.983739894428993
-2.745771186440678	-1.6780101694915255	0.0017956794541590607	0.020988907351716324	74.57566205639448	74.65222715054122	7.322444299746424	76.11631312211517	74.56402262029236	7.964296494602813
-2.745771186440678	-1.6271644067796611	0.0017956794541590607	0.023595848182407723	74.57566205639448	74.65222715054122	7.322444299746424	76.06889547472797	74.60871804269486	7.944295849979758
-2.745771186440678	-1.5763186440677965	0.0017956794541590607	0.026526585787311405	74.57566205639448	74.65222715054122	7.322444299746424	76.02394586020458	74.65296801608858	7.924242540653129
-2.745771186440678	-1.5254728813559322	0.0017956794541590607	0.02982133755446928	74.57566205639448	74.65222715054122	7.322444299746424	75.98094089627213	74.69612032435909	7.904179709840295
-2.745771186440678	-1.4746271186440678	0.0017956794541590607	0.03352531609865107	74.57566205639448	74.65222715054122	7.322444299746424	75.93949927977641	74.73774145863334	7.883701885975413
-2.745771186440678	-1.4237813559322035	0.0017956794541590607	0.03768934969672507	74.57566205639448	74.65222715054122	7.322444299746424	75.8988564406655	74.77706424137297	7.863111164614903
-2.745771186440678	-1.372935593220339	0.0017956794541590607	0.04237057978460597	74.57566205639448	74.65222715054122	7.322444299746424	75.85840004148105	74.81350031538634	7.8424395319545015
-2.745771186440678	-1.3220898305084745	0.0017956794541590607	0.04763324508726285	74.57566205639448	74.65222715054122	7.322444299746424	75.81769384124449	74.8466476789458	7.821482545052836
-2.745771186440678	-1.2712440677966101	0.0017956794541590607	0.0535495631421025	74.57566205639448	74.65222715054122	7.322444299746424	75.77623802134752	74.87603944871971	7.800344360073626
-2.745771186440678	-1.2203983050847458	0.0017956794541590607	0.060200721312535725	74.57566205639448	74.65222715054122	7.322444299746424	75.7337429915614	74.90141060333771	7.778930139879363
-2.745771186440678	-1.1695525423728814	0.0017956794541590607	0.06767799089102523	74.57566205639448	74.65222715054122	7.322444299746424	75.68982749964856	74.92239400882079	7.757586125979456
-2.745771186440678	-1.118706779661017	0.0017956794541590607	0.07608397958002418	74.57566205639448	74.65222715054122	7.322444299746424	75.64459177407173	74.93909423146809	7.735958004388679
-2.745771186440678	-1.0678610169491525	0.0017956794541590607	0.08553403953812092	74.57566205639448	74.65222715054122	7.322444299746424	75.59807809154769	74.95155095727479	7.71406115656709
-2.745771186440678	-1.0170152542372881	0.0017956794541590607	0.09615785031346677	74.57566205639448	74.65222715054122	7.322444299746424	75.55021006549929	74.95968268480242	7.692380298751463
-2.745771186440678	-0.9661694915254238	0.0017956794541590607	0.10810119838647589	74.57566205639448	74.65222715054122	7.322444299746424	75.50113438523476	74.96363302377539	7.671153068745139
-2.745771186440678	-0.9153237288135593	0.0017956794541590607	0.1215279777417781	74.57566205639448	74.65222715054122	7.322444299746424	75.45153401579992	74.96408853439856	7.6497020785491765
-2.745771186440678	-0.8644779661016949	0.0017956794541590607	0.13662243892250697	74.57566205639448	74.65222715054122	7.322444299746424	75.40139710400243	74.96105160621686	7.628847448113709
-2.745771186440678	-0.8136322033898306	0.0017956794541590607	0.15359171742983244	74.57566205639448	74.65222715054122	7.322444299746424	75.35123538387411	74.95506175151111	7.608424989395545
-2.745771186440678	-0.7627864406779661	0.0017956794541590607	0.17266867616399467	74.57566205639448	74.65222715054122	7.322444299746424	75.30152897425259	74.94664217485892	7.588352595526671
-2.745771186440678	-0.7119406779661017	0.0017956794541590607	0.19411510091256737	74.57566205639448	74.65222715054122	7.322444299746424	75.2525593520925	74.93613365903256	7.568922257319642
-2.745771186440678	-0.6610949152542372	0.0017956794541590607	0.21822529273641061	74.57566205639448	74.65222715054122	7.322444299746424	75.20463464856975	74.92391967148738	7.550316013370026
-2.745771186440678	-0.6102491525423729	0.0017956794541590607	0.24533010655024695	74.57566205639448	74.65222715054122	7.322444299746424	75.15804121706664	74.9103765595501	7.532675455739955
-2.745771186440678	-0.5594033898305085	0.0017956794541590607	0.2758014913177542	74.57566205639448	74.65222715054122	7.322444299746424	75.11324304370477	74.89607167993512	7.515686306330219
-2.745771186440678	-0.508557627118644	0.0017956794541590607	0.3100575941645296	74.57566205639448	74.65222715054122	7.322444299746424	75.07037802382847	74.8812571750479	7.499573742122147
-2.745771186440678	-0.45771186440677963	0.0017956794541590607	0.34856849845071003	74.57566205639448	74.65222715054122	7.322444299746424	75.02963110870888	74.86624091799602	7.484352778811669
-2.745771186440678	-0.40686610169491527	0.0017956794541590607	0.39186267454461904	74.57566205639448	74.65222715054122	7.322444299746424	74.99108014363149	74.85122981952932	7.47013746779565
-2.745771186440678	-0.35602033898305085	0.0017956794541590607	0.4405342318189317	74.57566205639448	74.65222715054122	7.322444299746424	74.95465809212244	74.83628956448744	7.457223989153678
-2.745771186440678	-0.30517457627118644	0.0017956794541590607	0.49525107138571994	74.57566205639448	74.65222715054122	7.322444299746424	74.92099708742545	74.82218667382973	7.444413217543667
-2.745771186440678	-0.254328813559322	0.0017956794541590607	0.5567640514472341	74.57566205639448	74.65222715054122	7.322444299746424	74.8893095212857	74.80826733445386	7.433256206000236
-2.745771186440678	-0.20348305084745763	0.0017956794541590607	0.6259172910350144	74.57566205639448	74.65222715054122	7.322444299746424	74.86008236309772	74.79515003370416	7.422683982144005
-2.745771186440678	-0.1526372881355932	0.0017956794541590607	0.7036597535315913	74.57566205639448	74.65222715054122	7.322444299746424	74.83310640312008	74.78275354706155	7.412957153612058
-2.745771186440678	-0.10179152542372881	0.0017956794541590607	0.7910582689310004	74.57566205639448	74.65222715054122	7.322444299746424	74.8081391799525	74.77095860914496	7.4043585744657605
-2.745771186440678	-0.050945762711864406	0.0017956794541590607	0.8893121735375996	74.57566205639448	74.65222715054122	7.322444299746424	74.78545423281838	74.76015621894852	7.396099852132037
-2.745771186440678	-0.0001	0.0017956794541590607	0.9997697679981565	74.57566205639448	74.65222715054122	7.322444299746424	74.76472356970775	74.75012952641683	7.388571871480057
-2.6949254237288134	-3.0	0.0020187129837009464	0.001	74.57566205639448	74.65222715054122	7.322444299746424	76.28081481428427	74.3156610760583	7.844064032554686
-2.6949254237288134	-2.9491542372881354	0.0020187129837009464	0.001124205647631211	74.57566205639448	74.65222715054122	7.322444299746424	76.38453362178947	74.29294622730247	7.879717436466996
-2.6949254237288134	-2.8983084745762713	0.0020187129837009464	0.001263838338165909	74.57566205639448	74.65222715054122	7.322444299746424	76.48499509338187	74.27038261865236	7.915335194934082
-2.6949254237288134	-2.8474627118644067	0.0020187129837009464	0.0014208141974589592	74.57566205639448	74.65222715054122	7.322444299746424	76.58056644269293	74.24833487389644	7.95039082043664
-2.6949254237288134	-2.7966169491525426	0.0020187129837009464	0.0015972873450179669	74.57566205639448	74.65222715054122	7.322444299746424	76.6694371948474	74.22705508017165	7.984609800382986
-2.6949254237288134	-2.745771186440678	0.0020187129837009464	0.0017956794541590607	74.57566205639448	74.65222715054122	7.322444299746424	76.7500888204916	74.20708181608711	8.017174809640045
-2.6949254237288134	-2.6949254237288134	0.0020187129837009464	0.0020187129837009464	74.57566205639448	74.65222715054122	7.322444299746424	76.8207123876147	74.18857909343136	8.04804473860132
-2.6949254237288134	-2.6440796610169492	0.0020187129837009464	0.002269448537223054	74.57566205639448	74.65222715054122	7.322444299746424	76.8800256282197	74.17206976165222	8.076491382025095
-2.6949254237288134	-2.5932338983050847	0.0020187129837009464	0.0025513268625545478	74.57566205639448	74.65222715054122	7.322444299746424	76.92691958809777	74.15799913888094	8.101968834769528
-2.6949254237288134	-2.5423881355932205	0.0020187129837009464	0.002868216067837038	74.57566205639448	74.65222715054122	7.322444299746424	76.96038691908029	74.14658676574878	8.124408632339948
-2.6949254237288134	-2.491542372881356	0.0020187129837009464	0.0032244647020889827	74.57566205639448	74.65222715054122	7.322444299746424	76.97996491141693	74.1382057951327	8.143461230240044
-2.6949254237288134	-2.4406966101694914	0.0020187129837009464	0.003624961428675924	74.57566205639448	74.65222715054122	7.322444299746424	76.98574331643576	74.13334474121721	8.15856581044313
-2.6949254237288134	-2.389850847457627	0.0020187129837009464	0.0040752021105627725	74.57566205639448	74.65222715054122	7.322444299746424	76.97785011778866	74.13207052047055	8.17002104592379
-2.6949254237288134	-2.3390050847457626	0.0020187129837009464	0.004581365227933299	74.57566205639448	74.65222715054122	7.322444299746424	76.95722104141713	74.13480064653707	8.177431651184332
-2.6949254237288134	-2.2881593220338985	0.0020187129837009464	0.00515039666310386	74.57566205639448	74.65222715054122	7.322444299746424	76.9248241074132	74.14155674880067	8.181190918499414
-2.6949254237288134	-2.237313559322034	0.0020187129837009464	0.005790105016202303	74.57566205639448	74.65222715054122	7.322444299746424	76.88221269540435	74.15257078687563	8.181253202655872
-2.6949254237288134	-2.1864677966101693	0.0020187129837009464	0.006509268759592433	74.57566205639448	74.65222715054122	7.322444299746424	76.83117040536226	74.16800452607407	8.177679151947498
-2.6949254237288134	-2.135622033898305	0.0020187129837009464	0.007317756701483213	74.57566205639448	74.65222715054122	7.322444299746424	76.77343657603853	74.1877628089951	8.170984586630578
-2.6949254237288134	-2.0847762711864406	0.0020187129837009464	0.00822666341179857	74.57566205639448	74.65222715054122	7.322444299746424	76.7109573528637	74.2118408816227	8.161426533879375
-2.6949254237288134	-2.0339305084745765	0.0020187129837009464	0.009248461468704988	74.57566205639448	74.65222715054122	7.322444299746424	76.64560690003921	74.24014026171199	8.149339123364795
-2.6949254237288134	-1.9830847457627119	0.0020187129837009464	0.010397172615017792	74.57566205639448	74.65222715054122	7.322444299746424	76.57912458134497	74.2724923981327	8.135067650853806
-2.6949254237288134	-1.9322389830508475	0.0020187129837009464	0.011688560173199561	74.57566205639448	74.65222715054122	7.322444299746424	76.51295653305341	74.30857372326605	8.119110919957294
-2.6949254237288134	-1.8813932203389832	0.0020187129837009464	0.013140345359388184	74.57566205639448	74.65222715054122	7.322444299746424	76.44838156501179	74.34808560370725	8.101741062105244
-2.6949254237288134	-1.8305474576271186	0.0020187129837009464	0.014772450464848772	74.57566205639448	74.65222715054122	7.322444299746424	76.38640329411605	74.39068098324331	8.0831365174458
-2.6949254237288134	-1.7797016949152542	0.0020187129837009464	0.016607272241935287	74.57566205639448	74.65222715054122	7.322444299746424	76.32754530452891	74.43577428738844	8.063756068572125
-2.6949254237288134	-1.7288559322033898	0.0020187129837009464	0.01866998924613268	74.57566205639448	74.65222715054122	7.322444299746424	76.27218185995763	74.4828690087395	8.043686604424614
-2.6949254237288134	-1.6780101694915255	0.0020187129837009464	0.020988907351716324	74.57566205639448	74.65222715054122	7.322444299746424	76.22028458824524	74.53128705058293	8.023196220777121
-2.6949254237288134	-1.6271644067796611	0.0020187129837009464	0.023595848182407723	74.57566205639448	74.65222715054122	7.322444299746424	76.17170700956324	74.58042577891963	8.002249986874489
-2.6949254237288134	-1.5763186440677965	0.0020187129837009464	0.026526585787311405	74.57566205639448	74.65222715054122	7.322444299746424	76.12593391841266	74.62947408888665	7.981104708158692
-2.6949254237288134	-1.5254728813559322	0.0020187129837009464	0.02982133755446928	74.57566205639448	74.65222715054122	7.322444299746424	76.08249507015027	74.67779064637863	7.959603372136336
-2.6949254237288134	-1.4746271186440678	0.0020187129837009464	0.03352531609865107	74.57566205639448	74.65222715054122	7.322444299746424	76.04059233028376	74.72449676154358	7.938037718341844
-2.6949254237288134	-1.4237813559322035	0.0020187129837009464	0.03768934969672507	74.57566205639448	74.65222715054122	7.322444299746424	75.9996746808825	74.76902078599893	7.916114930453717
-2.6949254237288134	-1.372935593220339	0.0020187129837009464	0.04237057978460597	74.57566205639448	74.65222715054122	7.322444299746424	75.95900141177225	74.810635759879	7.893942908974993
-2.6949254237288134	-1.3220898305084745	0.0020187129837009464	0.04763324508726285	74.57566205639448	74.65222715054122	7.322444299746424	75.91795702263141	74.84875447712429	7.871489838651088
-2.6949254237288134	-1.2712440677966101	0.0020187129837009464	0.0535495631421025	74.57566205639448	74.65222715054122	7.322444299746424	75.87599700123153	74.88286130620068	7.848775305700612
-2.6949254237288134	-1.2203983050847458	0.0020187129837009464	0.060200721312535725	74.57566205639448	74.65222715054122	7.322444299746424	75.83266309266476	74.91251935505666	7.8258856248762285
-2.6949254237288134	-1.1695525423728814	0.0020187129837009464	0.06767799089102523	74.57566205639448	74.65222715054122	7.322444299746424	75.78766056001193	74.93744368431256	7.802873159143236
-2.6949254237288134	-1.118706779661017	0.0020187129837009464	0.07608397958002418	74.57566205639448	74.65222715054122	7.322444299746424	75.74105904604869	74.95770232106184	7.779353227524419
-2.6949254237288134	-1.0678610169491525	0.0020187129837009464	0.08553403953812092	74.57566205639448	74.65222715054122	7.322444299746424	75.69258330069167	74.97300979447073	7.7559223967190105
-2.6949254237288134	-1.0170152542372881	0.0020187129837009464	0.09615785031346677	74.57566205639448	74.65222715054122	7.322444299746424	75.64249172506192	74.98360979934672	7.732385215738251
-2.6949254237288134	-0.9661694915254238	0.0020187129837009464	0.10810119838647589	74.57566205639448	74.65222715054122	7.322444299746424	75.59086772744624	74.98957180413117	7.709125759566651
-2.6949254237288134	-0.9153237288135593	0.0020187129837009464	0.1215279777417781	74.57566205639448	74.65222715054122	7.322444299746424	75.53835619033686	74.99153263150669	7.685600645481347
-2.6949254237288134	-0.8644779661016949	0.0020187129837009464	0.13662243892250697	74.57566205639448	74.65222715054122	7.322444299746424	75.48487220281119	74.98940955969705	7.662859403625598
-2.6949254237288134	-0.8136322033898306	0.0020187129837009464	0.15359171742983244	74.57566205639448	74.65222715054122	7.322444299746424	75.43121629410565	74.98401942617038	7.640267240910376
-2.6949254237288134	-0.7627864406779661	0.0020187129837009464	0.17266867616399467	74.57566205639448	74.65222715054122	7.322444299746424	75.37759204365534	74.9755984776004	7.618414485784438
-2.6949254237288134	-0.7119406779661017	0.0020187129837009464	0.19411510091256737	74.57566205639448	74.65222715054122	7.322444299746424	75.32474142894938	74.96493907785106	7.596801210342037
-2.6949254237288134	-0.6610949152542372	0.0020187129837009464	0.21822529273641061	74.57566205639448	74.65222715054122	7.322444299746424	75.27253289646254	74.95197780151399	7.576618899875018
-2.6949254237288134	-0.6102491525423729	0.0020187129837009464	0.24533010655024695	74.57566205639448	74.65222715054122	7.322444299746424	75.22190136187402	74.93773492920188	7.5568392266000615
-2.6949254237288134	-0.5594033898305085	0.0020187129837009464	0.2758014913177542	74.57566205639448	74.65222715054122	7.322444299746424	75.17291369680494	74.92237801648811	7.538060894775409
-2.6949254237288134	-0.508557627118644	0.0020187129837009464	0.3100575941645296	74.57566205639448	74.65222715054122	7.322444299746424	75.12595897519893	74.90640989824178	7.520113476973246
-2.6949254237288134	-0.45771186440677963	0.0020187129837009464	0.34856849845071003	74.57566205639448	74.65222715054122	7.322444299746424	75.08108369025119	74.89000178843703	7.5033833084039765
-2.6949254237288134	-0.40686610169491527	0.0020187129837009464	0.39186267454461904	74.57566205639448	74.65222715054122	7.322444299746424	75.03857955092329	74.87357808008854	7.487635253169537
-2.6949254237288134	-0.35602033898305085	0.0020187129837009464	0.4405342318189317	74.57566205639448	74.65222715054122	7.322444299746424	74.99855982633785	74.85739025063933	7.472867411311528
-2.6949254237288134	-0.30517457627118644	0.0020187129837009464	0.49525107138571994	74.57566205639448	74.65222715054122	7.322444299746424	74.96103547029438	74.84159028907992	7.459170082550965
-2.6949254237288134	-0.254328813559322	0.0020187129837009464	0.5567640514472341	74.57566205639448	74.65222715054122	7.322444299746424	74.9260381235881	74.82635167426815	7.4464909958356955
-2.6949254237288134	-0.20348305084745763	0.0020187129837009464	0.6259172910350144	74.57566205639448	74.65222715054122	7.322444299746424	74.8937667839234	74.81201371263651	7.4343573998633055
-2.6949254237288134	-0.1526372881355932	0.0020187129837009464	0.7036597535315913	74.57566205639448	74.65222715054122	7.322444299746424	74.8635768823561	74.7980691471291	7.423912288077217
-2.6949254237288134	-0.10179152542372881	0.0020187129837009464	0.7910582689310004	74.57566205639448	74.65222715054122	7.322444299746424	74.835890533494	74.78507299251336	7.41410725995937
-2.6949254237288134	-0.050945762711864406	0.0020187129837009464	0.8893121735375996	74.57566205639448	74.65222715054122	7.322444299746424	74.81059209682681	74.77303701106591	7.404927086281773
-2.6949254237288134	-0.0001	0.0020187129837009464	0.9997697679981565	74.57566205639448	74.65222715054122	7.322444299746424	74.78736187106527	74.76176254260643	7.3967330135293015
-2.6440796610169492	-3.0	0.002269448537223054	0.001	74.57566205639448	74.65222715054122	7.322444299746424	76.29518364151666	74.31401242096614	7.853967477765374
-2.6440796610169492	-2.9491542372881354	0.002269448537223054	0.001124205647631211	74.57566205639448	74.65222715054122	7.322444299746424	76.40490067760975	74.28956936128252	7.89208114884247
-2.6440796610169492	-2.8983084745762713	0.002269448537223054	0.001263838338165909	74.57566205639448	74.65222715054122	7.322444299746424	76.51213409042263	74.26502749530597	7.93034468169994
-2.6440796610169492	-2.8474627118644067	0.002269448537223054	0.0014208141974589592	74.57566205639448	74.65222715054122	7.322444299746424	76.6150140921904	74.24057546155704	7.968553357536421
-2.6440796610169492	-2.7966169491525426	0.002269448537223054	0.0015972873450179669	74.57566205639448	74.65222715054122	7.322444299746424	76.71188016659165	74.21672192500722	8.005897275024488
-2.6440796610169492	-2.745771186440678	0.002269448537223054	0.0017956794541590607	74.57566205639448	74.65222715054122	7.322444299746424	76.80084905695466	74.19379461160518	8.041965791364222
-2.6440796610169492	-2.6949254237288134	0.002269448537223054	0.0020187129837009464	74.57566205639448	74.65222715054122	7.322444299746424	76.88006063927871	74.1721047454119	8.076421550693993
-2.6440796610169492	-2.6440796610169492	0.002269448537223054	0.002269448537223054	74.57566205639448	74.65222715054122	7.322444299746424	76.94791193371778	74.15209168516965	8.108712653010096
-2.6440796610169492	-2.5932338983050847	0.002269448537223054	0.0025513268625545478	74.57566205639448	74.65222715054122	7.322444299746424	77.00318963783529	74.13436274700776	8.13799601269065
-2.6440796610169492	-2.5423881355932205	0.002269448537223054	0.002868216067837038	74.57566205639448	74.65222715054122	7.322444299746424	77.04462580225378	74.11915991509115	8.164203556091909
-2.6440796610169492	-2.491542372881356	0.002269448537223054	0.0032244647020889827	74.57566205639448	74.65222715054122	7.322444299746424	77.07149971683653	74.10688276366655	8.186995466521102
-2.6440796610169492	-2.4406966101694914	0.002269448537223054	0.003624961428675924	74.57566205639448	74.65222715054122	7.322444299746424	77.0836539750597	74.09804340771102	8.205849491396382
-2.6440796610169492	-2.389850847457627	0.002269448537223054	0.0040752021105627725	74.57566205639448	74.65222715054122	7.322444299746424	77.08136124329906	74.09309407603462	8.220394492514231
-2.6440796610169492	-2.3390050847457626	0.002269448537223054	0.004581365227933299	74.57566205639448	74.65222715054122	7.322444299746424	77.06503710368823	74.09212974077137	8.231005055997946
-2.6440796610169492	-2.2881593220338985	0.002269448537223054	0.00515039666310386	74.57566205639448	74.65222715054122	7.322444299746424	77.03593687800185	74.09560357533964	8.237345326502476
-2.6440796610169492	-2.237313559322034	0.002269448537223054	0.005790105016202303	74.57566205639448	74.65222715054122	7.322444299746424	76.99542287729707	74.10364128602086	8.239732810045544
-2.6440796610169492	-2.1864677966101693	0.002269448537223054	0.006509268759592433	74.57566205639448	74.65222715054122	7.322444299746424	76.94539691218195	74.1165463672931	8.238098871018721
-2.6440796610169492	-2.135622033898305	0.002269448537223054	0.007317756701483213	74.57566205639448	74.65222715054122	7.322444299746424	76.8877412492712	74.13433236272736	8.232900244609448
-2.6440796610169492	-2.0847762711864406	0.002269448537223054	0.00822666341179857	74.57566205639448	74.65222715054122	7.322444299746424	76.8244532457362	74.15696118618852	8.224608172349535
-2.6440796610169492	-2.0339305084745765	0.002269448537223054	0.009248461468704988	74.57566205639448	74.65222715054122	7.322444299746424	76.7577514646654	74.18455328389884	8.213260637453786
-2.6440796610169492	-1.9830847457627119	0.002269448537223054	0.010397172615017792	74.57566205639448	74.65222715054122	7.322444299746424	76.68937409667062	74.21678590789229	8.199628358786155
-2.6440796610169492	-1.9322389830508475	0.002269448537223054	0.011688560173199561	74.57566205639448	74.65222715054122	7.322444299746424	76.62132037614461	74.25371910819052	8.183535135969148
-2.6440796610169492	-1.8813932203389832	0.002269448537223054	0.013140345359388184	74.57566205639448	74.65222715054122	7.322444299746424	76.55460566666925	74.29461758656231	8.166186561921727
-2.6440796610169492	-1.8305474576271186	0.002269448537223054	0.014772450464848772	74.57566205639448	74.65222715054122	7.322444299746424	76.49064721529051	74.33938084073243	8.147291615951215
-2.6440796610169492	-1.7797016949152542	0.002269448537223054	0.016607272241935287	74.57566205639448	74.65222715054122	7.322444299746424	76.43001283128616	74.38731453958304	8.127511132528898
-2.6440796610169492	-1.7288559322033898	0.002269448537223054	0.01866998924613268	74.57566205639448	74.65222715054122	7.322444299746424	76.3733536343914	74.43806515555394	8.106589243147603
-2.6440796610169492	-1.6780101694915255	0.002269448537223054	0.020988907351716324	74.57566205639448	74.65222715054122	7.322444299746424	76.32049677789243	74.49069831492447	8.085210661176745
-2.6440796610169492	-1.6271644067796611	0.002269448537223054	0.023595848182407723	74.57566205639448	74.65222715054122	7.322444299746424	76.27128294594903	74.54450930045653	8.063407980750075
-2.6440796610169492	-1.5763186440677965	0.002269448537223054	0.026526585787311405	74.57566205639448	74.65222715054122	7.322444299746424	76.22530110196807	74.59872337987649	8.041197601290241
-2.6440796610169492	-1.5254728813559322	0.002269448537223054	0.02982133755446928	74.57566205639448	74.65222715054122	7.322444299746424	76.1819313347347	74.65250056662559	8.018620335316594
-2.6440796610169492	-1.4746271186440678	0.002269448537223054	0.03352531609865107	74.57566205639448	74.65222715054122	7.322444299746424	76.14041091429408	74.7049644419674	7.995745104468686
-2.6440796610169492	-1.4237813559322035	0.002269448537223054	0.03768934969672507	74.57566205639448	74.65222715054122	7.322444299746424	76.09985777984225	74.75519142670359	7.972749977902479
-2.6440796610169492	-1.372935593220339	0.002269448537223054	0.04237057978460597	74.57566205639448	74.65222715054122	7.322444299746424	76.05975744699282	74.80266830931866	7.94907836940922
-2.6440796610169492	-1.3220898305084745	0.002269448537223054	0.04763324508726285	74.57566205639448	74.65222715054122	7.322444299746424	76.01910848449695	74.84641546439816	7.92525136281621
-2.6440796610169492	-1.2712440677966101	0.002269448537223054	0.0535495631421025	74.57566205639448	74.65222715054122	7.322444299746424	75.97736043421617	74.88590733777819	7.901088010357774
-2.6440796610169492	-1.2203983050847458	0.002269448537223054	0.060200721312535725	74.57566205639448	74.65222715054122	7.322444299746424	75.93397238638593	74.92062102353935	7.876653860524095
-2.6440796610169492	-1.1695525423728814	0.002269448537223054	0.06767799089102523	74.57566205639448	74.65222715054122	7.322444299746424	75.8887185309899	74.95033650021493	7.851699945117517
-2.6440796610169492	-1.118706779661017	0.002269448537223054	0.07608397958002418	74.57566205639448	74.65222715054122	7.322444299746424	75.84130556987108	74.97475288783068	7.826447417146078
-2.6440796610169492	-1.0678610169491525	0.002269448537223054	0.08553403953812092	74.57566205639448	74.65222715054122	7.322444299746424	75.79166772172874	74.99378582163105	7.800995115868624
-2.6440796610169492	-1.0170152542372881	0.002269448537223054	0.09615785031346677	74.57566205639448	74.65222715054122	7.322444299746424	75.73978305106647	75.00738802917978	7.775673931147556
-2.6440796610169492	-0.9661694915254238	0.002269448537223054	0.10810119838647589	74.57566205639448	74.65222715054122	7.322444299746424	75.68597694568469	75.01585832330679	7.750396720292628
-2.6440796610169492	-0.9153237288135593	0.002269448537223054	0.1215279777417781	74.57566205639448	74.65222715054122	7.322444299746424	75.63080298734529	75.01972816425881	7.724850610003183
-2.6440796610169492	-0.8644779661016949	0.002269448537223054	0.13662243892250697	74.57566205639448	74.65222715054122	7.322444299746424	75.57424516328423	75.01896897440548	7.700032992902232
-2.6440796610169492	-0.8136322033898306	0.002269448537223054	0.15359171742983244	74.57566205639448	74.65222715054122	7.322444299746424	75.51710362537277	75.01438240307263	7.675420967580818
-2.6440796610169492	-0.7627864406779661	0.002269448537223054	0.17266867616399467	74.57566205639448	74.65222715054122	7.322444299746424	75.45970285482937	75.00631164073526	7.651497314995983
-2.6440796610169492	-0.7119406779661017	0.002269448537223054	0.19411510091256737	74.57566205639448	74.65222715054122	7.322444299746424	75.4026930265727	74.99544471717881	7.628088418629484
-2.6440796610169492	-0.6610949152542372	0.002269448537223054	0.21822529273641061	74.57566205639448	74.65222715054122	7.322444299746424	75.34657530730522	74.98234031184771	7.605270209743763
-2.6440796610169492	-0.6102491525423729	0.002269448537223054	0.24533010655024695	74.57566205639448	74.65222715054122	7.322444299746424	75.29154795278532	74.96727361727227	7.583635496055132
-2.6440796610169492	-0.5594033898305085	0.002269448537223054	0.2758014913177542	74.57566205639448	74.65222715054122	7.322444299746424	75.23814527338695	74.95087368000125	7.56298844761744
-2.6440796610169492	-0.508557627118644	0.002269448537223054	0.3100575941645296	74.57566205639448	74.65222715054122	7.322444299746424	75.18676483226865	74.93364873023847	7.543270664883727
-2.6440796610169492	-0.45771186440677963	0.002269448537223054	0.34856849845071003	74.57566205639448	74.65222715054122	7.322444299746424	75.13791263895828	74.91622851862829	7.5240604918546925
-2.6440796610169492	-0.40686610169491527	0.002269448537223054	0.39186267454461904	74.57566205639448	74.65222715054122	7.322444299746424	75.09092339031383	74.89808207606076	7.507137098874196
-2.6440796610169492	-0.35602033898305085	0.002269448537223054	0.4405342318189317	74.57566205639448	74.65222715054122	7.322444299746424	75.04687525202642	74.88042933655309	7.490646673264213
-2.6440796610169492	-0.30517457627118644	0.002269448537223054	0.49525107138571994	74.57566205639448	74.65222715054122	7.322444299746424	75.00548855426597	74.863137206174	7.475324668213824
-2.6440796610169492	-0.254328813559322	0.002269448537223054	0.5567640514472341	74.57566205639448	74.65222715054122	7.322444299746424	74.96688659435665	74.84647763976794	7.46098081021624
-2.6440796610169492	-0.20348305084745763	0.002269448537223054	0.6259172910350144	74.57566205639448	74.65222715054122	7.322444299746424	74.93079514702514	74.83032494154521	7.448120890625305
-2.6440796610169492	-0.1526372881355932	0.002269448537223054	0.7036597535315913	74.57566205639448	74.65222715054122	7.322444299746424	74.89750055325739	74.81511184904787	7.436042795562702
-2.6440796610169492	-0.10179152542372881	0.002269448537223054	0.7910582689310004	74.57566205639448	74.65222715054122	7.322444299746424	74.86672846104254	74.80070649716856	7.425099226236119
-2.6440796610169492	-0.050945762711864406	0.002269448537223054	0.8893121735375996	74.57566205639448	74.65222715054122	7.322444299746424	74.83849416410732	74.7872615171655	7.415008792580611
-2.6440796610169492	-0.0001	0.002269448537223054	0.9997697679981565	74.57566205639448	74.65222715054122	7.322444299746424	74.8126409998985	74.77475147848516	7.4057960604437465
-2.5932338983050847	-3.0	0.0025513268625545478	0.001	74.57566205639448	74.65222715054122	7.322444299746424	76.3005268897424	74.3144286914845	7.8618810319812
-2.5932338983050847	-2.9491542372881354	0.0025513268625545478	0.001124205647631211	74.57566205639448	74.65222715054122	7.322444299746424	76.41555178009949	74.28848432335964	7.9021062329691345
-2.5932338983050847	-2.8983084745762713	0.0025513268625545478	0.001263838338165909	74.57566205639448	74.65222715054122	7.322444299746424	76.52870887593893	74.26196466772075	7.943080963887973
-2.5932338983050847	-2.8474627118644067	0.0025513268625545478	0.0014208141974589592	74.57566205639448	74.65222715054122	7.322444299746424	76.638402902666	74.23535782060794	7.983958875156254
-2.5932338983050847	-2.7966169491525426	0.0025513268625545478	0.0015972873450179669	74.57566205639448	74.65222715054122	7.322444299746424	76.74262800300417	74.2088977815741	8.02444176249463
-2.5932338983050847	-2.745771186440678	0.0025513268625545478	0.0017956794541590607	74.57566205639448	74.65222715054122	7.322444299746424	76.83944438859118	74.18297543792723	8.063962107297451
-2.5932338983050847	-2.6949254237288134	0.0025513268625545478	0.0020187129837009464	74.57566205639448	74.65222715054122	7.322444299746424	76.92685129992873	74.15793080997854	8.102105238156204
-2.5932338983050847	-2.6440796610169492	0.0025513268625545478	0.002269448537223054	74.57566205639448	74.65222715054122	7.322444299746424	77.003173032012	74.1343461605236	8.138028886904138
-2.5932338983050847	-2.5932338983050847	0.0025513268625545478	0.0025513268625545478	74.57566205639448	74.65222715054122	7.322444299746424	77.06671871865235	74.11260586332978	8.171349262233711
-2.5932338983050847	-2.5423881355932205	0.0025513268625545478	0.002868216067837038	74.57566205639448	74.65222715054122	7.322444299746424	77.11624207619103	74.09325620173904	8.201423157149218
-2.5932338983050847	-2.491542372881356	0.0025513268625545478	0.0032244647020889827	74.57566205639448	74.65222715054122	7.322444299746424	77.15063274635123	74.0766031441847	8.228156433925367
-2.5932338983050847	-2.4406966101694914	0.0025513268625545478	0.003624961428675924	74.57566205639448	74.65222715054122	7.322444299746424	77.16978457171986	74.06350317799473	8.25041948382738
-2.5932338983050847	-2.389850847457627	0.0025513268625545478	0.0040752021105627725	74.57566205639448	74.65222715054122	7.322444299746424	77.17318291268383	74.05389465687713	8.268980103945452
-2.5932338983050847	-2.3390050847457626	0.0025513268625545478	0.004581365227933299	74.57566205639448	74.65222715054122	7.322444299746424	77.16161438867816	74.04848119795594	8.283126215637383
-2.5932338983050847	-2.2881593220338985	0.0025513268625545478	0.00515039666310386	74.57566205639448	74.65222715054122	7.322444299746424	77.13616153750026	74.04773121768042	8.292650923161712
-2.5932338983050847	-2.237313559322034	0.0025513268625545478	0.005790105016202303	74.57566205639448	74.65222715054122	7.322444299746424	77.09814052318028	74.05185323330196	8.297881280138355
-2.5932338983050847	-2.1864677966101693	0.0025513268625545478	0.006509268759592433	74.57566205639448	74.65222715054122	7.322444299746424	77.0496283030547	74.06139169687415	8.298453656876493
-2.5932338983050847	-2.135622033898305	0.0025513268625545478	0.007317756701483213	74.57566205639448	74.65222715054122	7.322444299746424	76.99245959879615	74.07631552526333	8.295108371980103
-2.5932338983050847	-2.0847762711864406	0.0025513268625545478	0.00822666341179857	74.57566205639448	74.65222715054122	7.322444299746424	76.9287047893853	74.09660402130487	8.288476170678637
-2.5932338983050847	-2.0339305084745765	0.0025513268625545478	0.009248461468704988	74.57566205639448	74.65222715054122	7.322444299746424	76.8608747710705	74.12256665364986	8.278396848198433
-2.5932338983050847	-1.9830847457627119	0.0025513268625545478	0.010397172615017792	74.57566205639448	74.65222715054122	7.322444299746424	76.7910250561229	74.15405758881913	8.265448970581486
-2.5932338983050847	-1.9322389830508475	0.0025513268625545478	0.011688560173199561	74.57566205639448	74.65222715054122	7.322444299746424	76.72110526579425	74.19092369712413	8.25001580688902
-2.5932338983050847	-1.8813932203389832	0.0025513268625545478	0.013140345359388184	74.57566205639448	74.65222715054122	7.322444299746424	76.6526811308129	74.23280606762147	8.23264701838618
-2.5932338983050847	-1.8305474576271186	0.0025513268625545478	0.014772450464848772	74.57566205639448	74.65222715054122	7.322444299746424	76.58708850361191	74.27935017743074	8.213616465408142
-2.5932338983050847	-1.7797016949152542	0.0025513268625545478	0.016607272241935287	74.57566205639448	74.65222715054122	7.322444299746424	76.52517301716055	74.32997751303274	8.193359988429343
-2.5932338983050847	-1.7288559322033898	0.0025513268625545478	0.01866998924613268	74.57566205639448	74.65222715054122	7.322444299746424	76.46753172951225	74.38413636302005	8.171977512892097
-2.5932338983050847	-1.6780101694915255	0.0025513268625545478	0.020988907351716324	74.57566205639448	74.65222715054122	7.322444299746424	76.41414735953119	74.44092528914715	8.149999687838793
-2.5932338983050847	-1.6271644067796611	0.0025513268625545478	0.023595848182407723	74.57566205639448	74.65222715054122	7.322444299746424	76.36485803022676	74.4995379471749	8.127523917988723
-2.5932338983050847	-1.5763186440677965	0.0025513268625545478	0.026526585787311405	74.57566205639448	74.65222715054122	7.322444299746424	76.31937551712114	74.55924585575411	8.10429546261632
-2.5932338983050847	-1.5254728813559322	0.0025513268625545478	0.02982133755446928	74.57566205639448	74.65222715054122	7.322444299746424	76.27685745004823	74.61893104543257	8.080695710395062
-2.5932338983050847	-1.4746271186440678	0.0025513268625545478	0.03352531609865107	74.57566205639448	74.65222715054122	7.322444299746424	76.23655658761376	74.67769451148679	8.05659231328871
-2.5932338983050847	-1.4237813559322035	0.0025513268625545478	0.03768934969672507	74.57566205639448	74.65222715054122	7.322444299746424	76.19735318186791	74.73435087352084	8.03242384489275
-2.5932338983050847	-1.372935593220339	0.0025513268625545478	0.04237057978460597	74.57566205639448	74.65222715054122	7.322444299746424	76.15857566179224	74.78821618637906	8.007699555711252
-2.5932338983050847	-1.3220898305084745	0.0025513268625545478	0.04763324508726285	74.57566205639448	74.65222715054122	7.322444299746424	76.11927026591336	74.83835121471202	7.982586281564125
-2.5932338983050847	-1.2712440677966101	0.0025513268625545478	0.0535495631421025	74.57566205639448	74.65222715054122	7.322444299746424	76.07885118325574	74.88419158973265	7.956719093708044
-2.5932338983050847	-1.2203983050847458	0.0025513268625545478	0.060200721312535725	74.57566205639448	74.65222715054122	7.322444299746424	76.0364435115691	74.92487818415101	7.930598157550169
-2.5932338983050847	-1.1695525423728814	0.0025513268625545478	0.06767799089102523	74.57566205639448	74.65222715054122	7.322444299746424	75.99171886057675	74.96008498666949	7.903975707573745
-2.5932338983050847	-1.118706779661017	0.0025513268625545478	0.07608397958002418	74.57566205639448	74.65222715054122	7.322444299746424	75.94430589986044	74.989427601628	7.877067822299041
-2.5932338983050847	-1.0678610169491525	0.0025513268625545478	0.08553403953812092	74.57566205639448	74.65222715054122	7.322444299746424	75.89412907511068	75.01280364038676	7.849883219210904
-2.5932338983050847	-1.0170152542372881	0.0025513268625545478	0.09615785031346677	74.57566205639448	74.65222715054122	7.322444299746424	75.84115053080669	75.03013862496026	7.822720952744457
-2.5932338983050847	-0.9661694915254238	0.0025513268625545478	0.10810119838647589	74.57566205639448	74.65222715054122	7.322444299746424	75.78573844458715	75.04176006691624	7.795400444962671
-2.5932338983050847	-0.9153237288135593	0.0025513268625545478	0.1215279777417781	74.57566205639448	74.65222715054122	7.322444299746424	75.72835475681758	75.04809157270607	7.767828928827362
-2.5932338983050847	-0.8644779661016949	0.0025513268625545478	0.13662243892250697	74.57566205639448	74.65222715054122	7.322444299746424	75.66920587061963	75.04930911350903	7.740637505994843
-2.5932338983050847	-0.8136322033898306	0.0025513268625545478	0.15359171742983244	74.57566205639448	74.65222715054122	7.322444299746424	75.60888071342482	75.04598508107502	7.713850109151035
-2.5932338983050847	-0.7627864406779661	0.0025513268625545478	0.17266867616399467	74.57566205639448	74.65222715054122	7.322444299746424	75.54795824936024	75.03869916241085	7.687576252501566
-2.5932338983050847	-0.7119406779661017	0.0025513268625545478	0.19411510091256737	74.57566205639448	74.65222715054122	7.322444299746424	75.48699253490031	75.02802646588947	7.661997527513324
-2.5932338983050847	-0.6610949152542372	0.0025513268625545478	0.21822529273641061	74.57566205639448	74.65222715054122	7.322444299746424	75.42664183948357	75.01466798002777	7.637045032617246
-2.5932338983050847	-0.6102491525423729	0.0025513268625545478	0.24533010655024695	74.57566205639448	74.65222715054122	7.322444299746424	75.36728321960527	74.99906504047118	7.613124221005231
-2.5932338983050847	-0.5594033898305085	0.0025513268625545478	0.2758014913177542	74.57566205639448	74.65222715054122	7.322444299746424	75.30935431284563	74.98174026203407	7.590397378476173
-2.5932338983050847	-0.508557627118644	0.0025513268625545478	0.3100575941645296	74.57566205639448	74.65222715054122	7.322444299746424	75.25333705338227	74.96327909075808	7.568788696061716
-2.5932338983050847	-0.45771186440677963	0.0025513268625545478	0.34856849845071003	74.57566205639448	74.65222715054122	7.322444299746424	75.19973670679327	74.94430663065826	7.548019601674356
-2.5932338983050847	-0.40686610169491527	0.0025513268625545478	0.39186267454461904	74.57566205639448	74.65222715054122	7.322444299746424	75.14868974965938	74.92509225463921	7.528380098084594
-2.5932338983050847	-0.35602033898305085	0.0025513268625545478	0.4405342318189317	74.57566205639448	74.65222715054122	7.322444299746424	75.10013248147409	74.90571539129266	7.510403448189089
-2.5932338983050847	-0.30517457627118644	0.0025513268625545478	0.49525107138571994	74.57566205639448	74.65222715054122	7.322444299746424	75.05446621792302	74.88672735476008	7.493542001784681
-2.5932338983050847	-0.254328813559322	0.0025513268625545478	0.5567640514472341	74.57566205639448	74.65222715054122	7.322444299746424	75.01177851047976	74.86836988414854	7.477740125111853
-2.5932338983050847	-0.20348305084745763	0.0025513268625545478	0.6259172910350144	74.57566205639448	74.65222715054122	7.322444299746424	74.97193247784622	74.85066167870758	7.463272099829422
-2.5932338983050847	-0.1526372881355932	0.0025513268625545478	0.7036597535315913	74.57566205639448	74.65222715054122	7.322444299746424	74.93504793076175	74.83387724947241	7.449798237352523
-2.5932338983050847	-0.10179152542372881	0.0025513268625545478	0.7910582689310004	74.57566205639448	74.65222715054122	7.322444299746424	74.90098811682196	74.81803154144718	7.437409799381177
-2.5932338983050847	-0.050945762711864406	0.0025513268625545478	0.8893121735375996	74.57566205639448	74.65222715054122	7.322444299746424	74.86962946268225	74.80314824434201	7.426107312754401
-2.5932338983050847	-0.0001	0.0025513268625545478	0.9997697679981565	74.57566205639448	74.65222715054122	7.322444299746424	74.84085101625439	74.7892477580196	7.415837668525106
-2.5423881355932205	-3.0	0.002868216067837038	0.001	74.57566205639448	74.65222715054122	7.322444299746424	76.29709533882865	74.31713345977901	7.867454313087396
-2.5423881355932205	-2.9491542372881354	0.002868216067837038	0.001124205647631211	74.57566205639448	74.65222715054122	7.322444299746424	76.41649395270032	74.2898044881623	7.909697132119563
-2.5423881355932205	-2.8983084745762713	0.002868216067837038	0.001263838338165909	74.57566205639448	74.65222715054122	7.322444299746424	76.53482967657261	74.26157674231763	7.952951738732996
-2.5423881355932205	-2.8474627118644067	0.002868216067837038	0.0014208141974589592	74.57566205639448	74.65222715054122	7.322444299746424	76.65044287800784	74.23286297688055	7.996464989881056
-2.5423881355932205	-2.7966169491525426	0.002868216067837038	0.0015972873450179669	74.57566205639448	74.65222715054122	7.322444299746424	76.76121776764745	74.20381932317594	8.040039776920851
-2.5423881355932205	-2.745771186440678	0.002868216067837038	0.0017956794541590607	74.57566205639448	74.65222715054122	7.322444299746424	76.86528406073916	74.17498746784467	8.082758289118857
-2.5423881355932205	-2.6949254237288134	0.002868216067837038	0.0020187129837009464	74.57566205639448	74.65222715054122	7.322444299746424	76.9603609984209	74.1465608442299	8.124460760097906
-2.5423881355932205	-2.6440796610169492	0.002868216067837038	0.002269448537223054	74.57566205639448	74.65222715054122	7.322444299746424	77.04463606224546	74.11917017471221	8.164182880904542
-2.5423881355932205	-2.5932338983050847	0.002868216067837038	0.0025513268625545478	74.57566205639448	74.65222715054122	7.322444299746424	77.11619056095333	74.09320474943962	8.201525882812913
-2.5423881355932205	-2.5423881355932205	0.002868216067837038	0.002868216067837038	74.57566205639448	74.65222715054122	7.322444299746424	77.173536600919	74.06923989949875	8.235807757088613
-2.5423881355932205	-2.491542372881356	0.002868216067837038	0.0032244647020889827	74.57566205639448	74.65222715054122	7.322444299746424	77.21546697038195	74.0477819886937	8.266576626456139
-2.5423881355932205	-2.4406966101694914	0.002868216067837038	0.003624961428675924	74.57566205639448	74.65222715054122	7.322444299746424	77.24133483226083	74.02945291277528	8.293250393663332
-2.5423881355932205	-2.389850847457627	0.002868216067837038	0.0040752021105627725	74.57566205639448	74.65222715054122	7.322444299746424	77.2509027918596	74.0147667354983	8.315553325653873
-2.5423881355932205	-2.3390050847457626	0.002868216067837038	0.004581365227933299	74.57566205639448	74.65222715054122	7.322444299746424	77.24456078114906	74.004302440436	8.333164693759874
-2.5423881355932205	-2.2881593220338985	0.002868216067837038	0.00515039666310386	74.57566205639448	74.65222715054122	7.322444299746424	77.22299392451113	73.9983606285131	8.346386574796094
-2.5423881355932205	-2.237313559322034	0.002868216067837038	0.005790105016202303	74.57566205639448	74.65222715054122	7.322444299746424	77.18800980741389	73.99781575712954	8.354413698198456
-2.5423881355932205	-2.1864677966101693	0.002868216067837038	0.006509268759592433	74.57566205639448	74.65222715054122	7.322444299746424	77.14108510582342	74.0027226191513	8.358085472554544
-2.5423881355932205	-2.135622033898305	0.002868216067837038	0.007317756701483213	74.57566205639448	74.65222715054122	7.322444299746424	77.08463059253214	74.0136706021635	8.357136200274239
-2.5423881355932205	-2.0847762711864406	0.002868216067837038	0.00822666341179857	74.57566205639448	74.65222715054122	7.322444299746424	77.02081801640468	74.03072123979395	8.352271528096793
-2.5423881355932205	-2.0339305084745765	0.002868216067837038	0.009248461468704988	74.57566205639448	74.65222715054122	7.322444299746424	76.95216966632941	74.05411964567907	8.343691206824984
-2.5423881355932205	-1.9830847457627119	0.002868216067837038	0.010397172615017792	74.57566205639448	74.65222715054122	7.322444299746424	76.88104944131716	74.08390790459822	8.331813203598616
-2.5423881355932205	-1.9322389830508475	0.002868216067837038	0.011688560173199561	74.57566205639448	74.65222715054122	7.322444299746424	76.80948881488112	74.11986265593266	8.317344447396982
-2.5423881355932205	-1.8813932203389832	0.002868216067837038	0.013140345359388184	74.57566205639448	74.65222715054122	7.322444299746424	76.73960590598983	74.16200733872498	8.300214748636154
-2.5423881355932205	-1.8305474576271186	0.002868216067837038	0.014772450464848772	74.57566205639448	74.65222715054122	7.322444299746424	76.67257819179765	74.20965465435374	8.281459968916293
-2.5423881355932205	-1.7797016949152542	0.002868216067837038	0.016607272241935287	74.57566205639448	74.65222715054122	7.322444299746424	76.60963854934707	74.26244536100373	8.26112102457314
-2.5423881355932205	-1.7288559322033898	0.002868216067837038	0.01866998924613268	74.57566205639448	74.65222715054122	7.322444299746424	76.55146704779067	74.31975774947377	8.23942447365377
-2.5423881355932205	-1.6780101694915255	0.002868216067837038	0.020988907351716324	74.57566205639448	74.65222715054122	7.322444299746424	76.4980686450579	74.38058064139213	8.217042001881959
-2.5423881355932205	-1.6271644067796611	0.002868216067837038	0.023595848182407723	74.57566205639448	74.65222715054122	7.322444299746424	76.44953093678404	74.44424841679945	8.193661054733175
-2.5423881355932205	-1.5763186440677965	0.002868216067837038	0.026526585787311405	74.57566205639448	74.65222715054122	7.322444299746424	76.40495547647673	74.50933771443661	8.17023031452063
-2.5423881355932205	-1.5254728813559322	0.002868216067837038	0.02982133755446928	74.57566205639448	74.65222715054122	7.322444299746424	76.36420952256745	74.57537790026822	8.145604067029836
-2.5423881355932205	-1.4746271186440678	0.002868216067837038	0.03352531609865107	74.57566205639448	74.65222715054122	7.322444299746424	76.32593444771469	74.64081564212142	8.120689610082097
-2.5423881355932205	-1.4237813559322035	0.002868216067837038	0.03768934969672507	74.57566205639448	74.65222715054122	7.322444299746424	76.28917127576823	74.70459950861881	8.095358389764268
-2.5423881355932205	-1.372935593220339	0.002868216067837038	0.04237057978460597	74.57566205639448	74.65222715054122	7.322444299746424	76.25307880321097	74.76586091502138	8.069174477883594
-2.5423881355932205	-1.3220898305084745	0.002868216067837038	0.04763324508726285	74.57566205639448	74.65222715054122	7.322444299746424	76.2162688097239	74.82321931816183	8.042869961763472
-2.5423881355932205	-1.2712440677966101	0.002868216067837038	0.0535495631421025	74.57566205639448	74.65222715054122	7.322444299746424	76.17812357657156	74.87607616774253	8.01583791356552
-2.5423881355932205	-1.2203983050847458	0.002868216067837038	0.060200721312535725	74.57566205639448	74.65222715054122	7.322444299746424	76.1377816277038	74.92358490467551	7.988262359017137
-2.5423881355932205	-1.1695525423728814	0.002868216067837038	0.06767799089102523	74.57566205639448	74.65222715054122	7.322444299746424	76.09462618526332	74.96512963695572	7.9602164867298155
-2.5423881355932205	-1.118706779661017	0.002868216067837038	0.07608397958002418	74.57566205639448	74.65222715054122	7.322444299746424	76.04845930402858	75.0004954621692	7.931360975002918
-2.5423881355932205	-1.0678610169491525	0.002868216067837038	0.08553403953812092	74.57566205639448	74.65222715054122	7.322444299746424	75.99884637938472	75.02921357749885	7.902265356036874
-2.5423881355932205	-1.0170152542372881	0.002868216067837038	0.09615785031346677	74.57566205639448	74.65222715054122	7.322444299746424	75.94562584115275	75.0510744278116	7.873377690800118
-2.5423881355932205	-0.9661694915254238	0.002868216067837038	0.10810119838647589	74.57566205639448	74.65222715054122	7.322444299746424	75.88953606483526	75.06676097275822	7.843737471857448
-2.5423881355932205	-0.9153237288135593	0.002868216067837038	0.1215279777417781	74.57566205639448	74.65222715054122	7.322444299746424	75.83037621785009	75.07601578683048	7.814598270230443
-2.5423881355932205	-0.8644779661016949	0.002868216067837038	0.13662243892250697	74.57566205639448	74.65222715054122	7.322444299746424	75.76922095468403	75.07986275995755	7.784930661276806
-2.5423881355932205	-0.8136322033898306	0.002868216067837038	0.15359171742983244	74.57566205639448	74.65222715054122	7.322444299746424	75.70619530290791	75.07838865925683	7.755793744529699
-2.5423881355932205	-0.7627864406779661	0.002868216067837038	0.17266867616399467	74.57566205639448	74.65222715054122	7.322444299746424	75.64200743861821	75.07228014751041	7.727195455379001
-2.5423881355932205	-0.7119406779661017	0.002868216067837038	0.19411510091256737	74.57566205639448	74.65222715054122	7.322444299746424	75.57739547907153	75.06227506866206	7.699124708779739
-2.5423881355932205	-0.6610949152542372	0.002868216067837038	0.21822529273641061	74.57566205639448	74.65222715054122	7.322444299746424	75.51280122750919	75.04883808969642	7.672133234648593
-2.5423881355932205	-0.6102491525423729	0.002868216067837038	0.24533010655024695	74.57566205639448	74.65222715054122	7.322444299746424	75.44912697047631	75.0329183426253	7.645773025814315
-2.5423881355932205	-0.5594033898305085	0.002868216067837038	0.2758014913177542	74.57566205639448	74.65222715054122	7.322444299746424	75.38670251935064	75.01491579711957	7.620611360631047
-2.5423881355932205	-0.508557627118644	0.002868216067837038	0.3100575941645296	74.57566205639448	74.65222715054122	7.322444299746424	75.32599864661867	74.99539343473265	7.596778026760766
-2.5423881355932205	-0.45771186440677963	0.002868216067837038	0.34856849845071003	74.57566205639448	74.65222715054122	7.322444299746424	75.26752988728076	74.97497724635404	7.574138579124377
-2.5423881355932205	-0.40686610169491527	0.002868216067837038	0.39186267454461904	74.57566205639448	74.65222715054122	7.322444299746424	75.21178455682954	74.95428352275765	7.552427042742746
-2.5423881355932205	-0.35602033898305085	0.002868216067837038	0.4405342318189317	74.57566205639448	74.65222715054122	7.322444299746424	75.15868222860824	74.9333729560148	7.532333441152922
-2.5423881355932205	-0.30517457627118644	0.002868216067837038	0.49525107138571994	74.57566205639448	74.65222715054122	7.322444299746424	75.10854852454639	74.91272219028482	7.513564274313681
-2.5423881355932205	-0.254328813559322	0.002868216067837038	0.5567640514472341	74.57566205639448	74.65222715054122	7.322444299746424	75.06151761439813	74.89262285573017	7.4960524767283925
-2.5423881355932205	-0.20348305084745763	0.002868216067837038	0.6259172910350144	74.57566205639448	74.65222715054122	7.322444299746424	75.01763583445597	74.87328236075263	7.479764854505548
-2.5423881355932205	-0.1526372881355932	0.002868216067837038	0.7036597535315913	74.57566205639448	74.65222715054122	7.322444299746424	74.97691074837971	74.85487001618925	7.464629497371043
-2.5423881355932205	-0.10179152542372881	0.002868216067837038	0.7910582689310004	74.57566205639448	74.65222715054122	7.322444299746424	74.93897202525237	74.83717576258235	7.451230289736957
-2.5423881355932205	-0.050945762711864406	0.002868216067837038	0.8893121735375996	74.57566205639448	74.65222715054122	7.322444299746424	74.90422239415376	74.8207588349837	7.4385260131289375
-2.5423881355932205	-0.0001	0.002868216067837038	0.9997697679981565	74.57566205639448	74.65222715054122	7.322444299746424	74.87238180805483	74.80549071099766	7.426781475218824
-2.491542372881356	-3.0	0.0032244647020889827	0.001	74.57566205639448	74.65222715054122	7.322444299746424	76.2852261847164	74.32219527213628	7.870629698677554
-2.491542372881356	-2.9491542372881354	0.0032244647020889827	0.001124205647631211	74.57566205639448	74.65222715054122	7.322444299746424	76.40800443610603	74.29363836790489	7.914752304819797
-2.491542372881356	-2.8983084745762713	0.0032244647020889827	0.001263838338165909	74.57566205639448	74.65222715054122	7.322444299746424	76.53051420043634	74.26384595091095	7.9601515745694185
-2.491542372881356	-2.8474627118644067	0.0032244647020889827	0.0014208141974589592	74.57566205639448	74.65222715054122	7.322444299746424	76.65107896195573	74.23316856956723	8.0061265788079
-2.491542372881356	-2.7966169491525426	0.0032244647020889827	0.0015972873450179669	74.57566205639448	74.65222715054122	7.322444299746424	76.76758886574552	74.20176190053473	8.052408394344775
-2.491542372881356	-2.745771186440678	0.0032244647020889827	0.0017956794541590607	74.57566205639448	74.65222715054122	7.322444299746424	76.87794935648758	74.16998383116659	8.098378668373782
-2.491542372881356	-2.6949254237288134	0.0032244647020889827	0.0020187129837009464	74.57566205639448	74.65222715054122	7.322444299746424	76.97997957595561	74.13822050702844	8.143431461376768
-2.491542372881356	-2.6440796610169492	0.0032244647020889827	0.002269448537223054	74.57566205639448	74.65222715054122	7.322444299746424	77.07162208208047	74.1070052267107	8.186750705385226
-2.491542372881356	-2.5932338983050847	0.0032244647020889827	0.0025513268625545478	74.57566205639448	74.65222715054122	7.322444299746424	77.15063789761804	74.0766082229622	8.228146558340647
-2.491542372881356	-2.5423881355932205	0.0032244647020889827	0.002868216067837038	74.57566205639448	74.65222715054122	7.322444299746424	77.21557179690534	74.04788681829716	8.266367089083102
-2.491542372881356	-2.491542372881356	0.0032244647020889827	0.0032244647020889827	74.57566205639448	74.65222715054122	7.322444299746424	77.26465845674792	74.02107458131334	8.301535840480568
-2.491542372881356	-2.4406966101694914	0.0032244647020889827	0.003624961428675924	74.57566205639448	74.65222715054122	7.322444299746424	77.29739697048801	73.99724808246192	8.332221132030336
-2.491542372881356	-2.389850847457627	0.0032244647020889827	0.0040752021105627725	74.57566205639448	74.65222715054122	7.322444299746424	77.31290560718321	73.97659025973003	8.358911812112371
-2.491542372881356	-2.3390050847457626	0.0032244647020889827	0.004581365227933299	74.57566205639448	74.65222715054122	7.322444299746424	77.31165183418473	73.96005653099645	8.380678282901949
-2.491542372881356	-2.2881593220338985	0.0032244647020889827	0.00515039666310386	74.57566205639448	74.65222715054122	7.322444299746424	77.29431169698543	73.94820483901667	8.397491224903764
-2.491542372881356	-2.237313559322034	0.0032244647020889827	0.005790105016202303	74.57566205639448	74.65222715054122	7.322444299746424	77.26239197436453	73.94182610713627	8.40893536597348
-2.491542372881356	-2.1864677966101693	0.0032244647020889827	0.006509268759592433	74.57566205639448	74.65222715054122	7.322444299746424	77.21732513075456	73.94108756806727	8.415880985288055
-2.491542372881356	-2.135622033898305	0.0032244647020889827	0.007317756701483213	74.57566205639448	74.65222715054122	7.322444299746424	77.16169930139219	73.9468451598839	8.417805620599458
-2.491542372881356	-2.0847762711864406	0.0032244647020889827	0.00822666341179857	74.57566205639448	74.65222715054122	7.322444299746424	77.09793232523472	73.95942812680012	8.415170349491095
-2.491542372881356	-2.0339305084745765	0.0032244647020889827	0.009248461468704988	74.57566205639448	74.65222715054122	7.322444299746424	77.0285239592174	73.97901781398701	8.408592915390246
-2.491542372881356	-1.9830847457627119	0.0032244647020889827	0.010397172615017792	74.57566205639448	74.65222715054122	7.322444299746424	76.95621588204772	74.00593956963058	8.398198815705856
-2.491542372881356	-1.9322389830508475	0.0032244647020889827	0.011688560173199561	74.57566205639448	74.65222715054122	7.322444299746424	76.88326651815557	74.04006218538147	8.38475680805273
-2.491542372881356	-1.8813932203389832	0.0032244647020889827	0.013140345359388184	74.57566205639448	74.65222715054122	7.322444299746424	76.81188258012259	74.08133753808859	8.368546128827365
-2.491542372881356	-1.8305474576271186	0.0032244647020889827	0.014772450464848772	74.57566205639448	74.65222715054122	7.322444299746424	76.74374713922401	74.12941185006989	8.350085407382691
-2.491542372881356	-1.7797016949152542	0.0032244647020889827	0.016607272241935287	74.57566205639448	74.65222715054122	7.322444299746424	76.68010091067104	74.18376306464926	8.32983205606651
-2.491542372881356	-1.7288559322033898	0.0032244647020889827	0.01866998924613268	74.57566205639448	74.65222715054122	7.322444299746424	76.62164307409778	74.24362959185594	8.308312562356207
-2.491542372881356	-1.6780101694915255	0.0032244647020889827	0.020988907351716324	74.57566205639448	74.65222715054122	7.322444299746424	76.56877717935157	74.30825863048399	8.285637424855327
-2.491542372881356	-1.6271644067796611	0.0032244647020889827	0.023595848182407723	74.57566205639448	74.65222715054122	7.322444299746424	76.52135914528681	74.37663547293963	8.26207126185857
-2.491542372881356	-1.5763186440677965	0.0032244647020889827	0.026526585787311405	74.57566205639448	74.65222715054122	7.322444299746424	76.47895319891342	74.44770714441138	8.237639322883924
-2.491542372881356	-1.5254728813559322	0.0032244647020889827	0.02982133755446928	74.57566205639448	74.65222715054122	7.322444299746424	76.44066950726106	74.52017699034192	8.212605798468513
-2.491542372881356	-1.4746271186440678	0.0032244647020889827	0.03352531609865107	74.57566205639448	74.65222715054122	7.322444299746424	76.40546474723266	74.59275985174136	8.187046971258328
-2.491542372881356	-1.4237813559322035	0.0032244647020889827	0.03768934969672507	74.57566205639448	74.65222715054122	7.322444299746424	76.3722784722749	74.66427328361901	8.160766213259269
-2.491542372881356	-1.372935593220339	0.0032244647020889827	0.04237057978460597	74.57566205639448	74.65222715054122	7.322444299746424	76.33984308994914	74.73340682171732	8.133854697322857
-2.491542372881356	-1.3220898305084745	0.0032244647020889827	0.04763324508726285	74.57566205639448	74.65222715054122	7.322444299746424	76.30694359243986	74.79894708679404	8.106341615682997
-2.491542372881356	-1.2712440677966101	0.0032244647020889827	0.0535495631421025	74.57566205639448	74.65222715054122	7.322444299746424	76.27251326129573	74.85984631398094	8.078153904293835
-2.491542372881356	-1.2203983050847458	0.0032244647020889827	0.060200721312535725	74.57566205639448	74.65222715054122	7.322444299746424	76.23558001074241	74.91514939822594	8.049347233427971
-2.491542372881356	-1.1695525423728814	0.0032244647020889827	0.06767799089102523	74.57566205639448	74.65222715054122	7.322444299746424	76.19533809429586	74.96405296865974	8.020052139145802
-2.491542372881356	-1.118706779661017	0.0032244647020889827	0.07608397958002418	74.57566205639448	74.65222715054122	7.322444299746424	76.15163758741775	75.00638887010612	7.989562411361749
-2.491542372881356	-1.0678610169491525	0.0032244647020889827	0.08553403953812092	74.57566205639448	74.65222715054122	7.322444299746424	76.10377377556247	75.04141283061212	7.9587695700000936
-2.491542372881356	-1.0170152542372881	0.0032244647020889827	0.09615785031346677	74.57566205639448	74.65222715054122	7.322444299746424	76.05196127840213	75.06928188405134	7.927226452424889
-2.491542372881356	-0.9661694915254238	0.0032244647020889827	0.10810119838647589	74.57566205639448	74.65222715054122	7.322444299746424	75.99576162279692	75.08948693769452	7.89624935807172
-2.491542372881356	-0.9153237288135593	0.0032244647020889827	0.1215279777417781	74.57566205639448	74.65222715054122	7.322444299746424	75.93630851475625	75.10308619905581	7.864412256821654
-2.491542372881356	-0.8644779661016949	0.0032244647020889827	0.13662243892250697	74.57566205639448	74.65222715054122	7.322444299746424	75.87380767981179	75.11021176767588	7.8324771322884725
-2.491542372881356	-0.8136322033898306	0.0032244647020889827	0.15359171742983244	74.57566205639448	74.65222715054122	7.322444299746424	75.80859184548027	75.11113289898954	7.801198895748182
-2.491542372881356	-0.7627864406779661	0.0032244647020889827	0.17266867616399467	74.57566205639448	74.65222715054122	7.322444299746424	75.741572972313	75.10671384592366	7.7703309676925905
-2.491542372881356	-0.7119406779661017	0.0032244647020889827	0.19411510091256737	74.57566205639448	74.65222715054122	7.322444299746424	75.67362104448445	75.09779787897972	7.739786885209437
-2.491542372881356	-0.6610949152542372	0.0032244647020889827	0.21822529273641061	74.57566205639448	74.65222715054122	7.322444299746424	75.60522054324228	75.08486701810529	7.710244519212677
-2.491542372881356	-0.6102491525423729	0.0032244647020889827	0.24533010655024695	74.57566205639448	74.65222715054122	7.322444299746424	75.53729426595595	75.0688677576881	7.681434396196872
-2.491542372881356	-0.5594033898305085	0.0032244647020889827	0.2758014913177542	74.57566205639448	74.65222715054122	7.322444299746424	75.47028106393336	75.05028885253584	7.653926559558122
-2.491542372881356	-0.508557627118644	0.0032244647020889827	0.3100575941645296	74.57566205639448	74.65222715054122	7.322444299746424	75.40488004652975	75.02990451307994	7.6276058936803
-2.491542372881356	-0.45771186440677963	0.0032244647020889827	0.34856849845071003	74.57566205639448	74.65222715054122	7.322444299746424	75.3416588771979	75.00838066999384	7.602428327343151
-2.491542372881356	-0.40686610169491527	0.0032244647020889827	0.39186267454461904	74.57566205639448	74.65222715054122	7.322444299746424	75.28089834377181	74.98611641071626	7.578719682302651
-2.491542372881356	-0.35602033898305085	0.0032244647020889827	0.4405342318189317	74.57566205639448	74.65222715054122	7.322444299746424	75.22288030854806	74.96352875952954	7.55659980438843
-2.491542372881356	-0.30517457627118644	0.0032244647020889827	0.49525107138571994	74.57566205639448	74.65222715054122	7.322444299746424	75.16799639342806	74.94115776734081	7.535771859495132
-2.491542372881356	-0.254328813559322	0.0032244647020889827	0.5567640514472341	74.57566205639448	74.65222715054122	7.322444299746424	75.11630480456063	74.91921964237346	7.516422954902077
-2.491542372881356	-0.20348305084745763	0.0032244647020889827	0.6259172910350144	74.57566205639448	74.65222715054122	7.322444299746424	75.06810788531936	74.89818082967695	7.4980916183787265
-2.491542372881356	-0.1526372881355932	0.0032244647020889827	0.7036597535315913	74.57566205639448	74.65222715054122	7.322444299746424	75.02290105512218	74.87770395042942	7.481787296424159
-2.491542372881356	-0.10179152542372881	0.0032244647020889827	0.7910582689310004	74.57566205639448	74.65222715054122	7.322444299746424	74.98114013720283	74.85841214989507	7.466481029570228
-2.491542372881356	-0.050945762711864406	0.0032244647020889827	0.8893121735375996	74.57566205639448	74.65222715054122	7.322444299746424	74.94262388216164	74.84026930349926	7.452363592682661
-2.491542372881356	-0.0001	0.0032244647020889827	0.9997697679981565	74.57566205639448	74.65222715054122	7.322444299746424	74.90721141574673	74.82329550899759	7.439429670987035
-2.4406966101694914	-3.0	0.003624961428675924	0.001	74.57566205639448	74.65222715054122	7.322444299746424	76.26532035886497	74.32951453258397	7.871667253084401
-2.4406966101694914	-2.9491542372881354	0.003624961428675924	0.001124205647631211	74.57566205639448	74.65222715054122	7.322444299746424	76.39056425651518	74.30002877840049	7.9172848764144685
-2.4406966101694914	-2.8983084745762713	0.003624961428675924	0.001263838338165909	74.57566205639448	74.65222715054122	7.322444299746424	76.51627450764573	74.26894066244286	7.964487388373032
-2.4406966101694914	-2.8474627118644067	0.003624961428675924	0.0014208141974589592	74.57566205639448	74.65222715054122	7.322444299746424	76.64076448851289	74.236514093912	8.012662977368064
-2.4406966101694914	-2.7966169491525426	0.003624961428675924	0.0015972873450179669	74.57566205639448	74.65222715054122	7.322444299746424	76.7619283488201	74.2028662571293	8.061529545970865
-2.4406966101694914	-2.745771186440678	0.003624961428675924	0.0017956794541590607	74.57566205639448	74.65222715054122	7.322444299746424	76.87763116234022	74.16831408479563	8.11046089890063
-2.4406966101694914	-2.6949254237288134	0.003624961428675924	0.0020187129837009464	74.57566205639448	74.65222715054122	7.322444299746424	76.98568909444614	74.13329046004931	8.158673966052781
-2.4406966101694914	-2.6440796610169492	0.003624961428675924	0.002269448537223054	74.57566205639448	74.65222715054122	7.322444299746424	77.08374538122803	74.09813481528204	8.20566656304995
-2.4406966101694914	-2.5932338983050847	0.003624961428675924	0.0025513268625545478	74.57566205639448	74.65222715054122	7.322444299746424	77.1696690701696	74.06338764088206	8.25065064603225
-2.4406966101694914	-2.5423881355932205	0.003624961428675924	0.002868216067837038	74.57566205639448	74.65222715054122	7.322444299746424	77.24134392878943	74.02946202016578	8.29323202455552
-2.4406966101694914	-2.491542372881356	0.003624961428675924	0.0032244647020889827	74.57566205639448	74.65222715054122	7.322444299746424	77.2973086769072	73.99715981391574	8.332397343414014
-2.4406966101694914	-2.4406966101694914	0.003624961428675924	0.003624961428675924	74.57566205639448	74.65222715054122	7.322444299746424	77.3363552943075	73.96714892845438	8.367572469353238
-2.4406966101694914	-2.389850847457627	0.003624961428675924	0.0040752021105627725	74.57566205639448	74.65222715054122	7.322444299746424	77.3577552625083	73.94008229218082	8.39839243860514
-2.4406966101694914	-2.3390050847457626	0.003624961428675924	0.004581365227933299	74.57566205639448	74.65222715054122	7.322444299746424	77.36145820150843	73.91671358079195	8.424466854139059
-2.4406966101694914	-2.2881593220338985	0.003624961428675924	0.00515039666310386	74.57566205639448	74.65222715054122	7.322444299746424	77.34819404033547	73.8979495906745	8.445255162980423
-2.4406966101694914	-2.237313559322034	0.003624961428675924	0.005790105016202303	74.57566205639448	74.65222715054122	7.322444299746424	77.31912252482614	73.88448946521132	8.460765450411097
-2.4406966101694914	-2.1864677966101693	0.003624961428675924	0.006509268759592433	74.57566205639448	74.65222715054122	7.322444299746424	77.276033953302	73.87705890383675	8.471032354785716
-2.4406966101694914	-2.135622033898305	0.003624961428675924	0.007317756701483213	74.57566205639448	74.65222715054122	7.322444299746424	77.22125301769721	73.87638544627751	8.476111639297423
-2.4406966101694914	-2.0847762711864406	0.003624961428675924	0.00822666341179857	74.57566205639448	74.65222715054122	7.322444299746424	77.15745298766026	73.8831190951571	8.476165146792367
-2.4406966101694914	-2.0339305084745765	0.003624961428675924	0.009248461468704988	74.57566205639448	74.65222715054122	7.322444299746424	77.08723041773428	73.89753570730056	8.471973126373214
-2.4406966101694914	-1.9830847457627119	0.003624961428675924	0.010397172615017792	74.57566205639448	74.65222715054122	7.322444299746424	77.01365319466946	73.9202242531571	8.46347830650152
-2.4406966101694914	-1.9322389830508475	0.003624961428675924	0.011688560173199561	74.57566205639448	74.65222715054122	7.322444299746424	76.93924448876966	73.95120736159784	8.451463243302591
-2.4406966101694914	-1.8813932203389832	0.003624961428675924	0.013140345359388184	74.57566205639448	74.65222715054122	7.322444299746424	76.86637713190544	73.99045738369891	8.436441458502342
-2.4406966101694914	-1.8305474576271186	0.003624961428675924	0.014772450464848772	74.57566205639448	74.65222715054122	7.322444299746424	76.7970329306201	74.03775498662557	8.418884821977034
-2.4406966101694914	-1.7797016949152542	0.003624961428675924	0.016607272241935287	74.57566205639448	74.65222715054122	7.322444299746424	76.73272494636873	74.09268109748014	8.399197060257688
-2.4406966101694914	-1.7288559322033898	0.003624961428675924	0.01866998924613268	74.57566205639448	74.65222715054122	7.322444299746424	76.67435538604714	74.15451462032223	8.377896356210107
-2.4406966101694914	-1.6780101694915255	0.003624961428675924	0.020988907351716324	74.57566205639448	74.65222715054122	7.322444299746424	76.62248773377803	74.22251613249298	8.35505972761058
-2.4406966101694914	-1.6271644067796611	0.003624961428675924	0.023595848182407723	74.57566205639448	74.65222715054122	7.322444299746424	76.5768229022029	74.29539180044095	8.331418666691949
-2.4406966101694914	-1.5763186440677965	0.003624961428675924	0.026526585787311405	74.57566205639448	74.65222715054122	7.322444299746424	76.53701237861972	74.37207604611649	8.306850224977296
-2.4406966101694914	-1.5254728813559322	0.003624961428675924	0.02982133755446928	74.57566205639448	74.65222715054122	7.322444299746424	76.50223811674775	74.4512695328446	8.281378824092249
-2.4406966101694914	-1.4746271186440678	0.003624961428675924	0.03352531609865107	74.57566205639448	74.65222715054122	7.322444299746424	76.47117661694602	74.53135547122783	8.255433248327593
-2.4406966101694914	-1.4237813559322035	0.003624961428675924	0.03768934969672507	74.57566205639448	74.65222715054122	7.322444299746424	76.44276557927192	74.61111808164351	8.228522149646174
-2.4406966101694914	-1.372935593220339	0.003624961428675924	0.04237057978460597	74.57566205639448	74.65222715054122	7.322444299746424	76.4153826059222	74.68887643722286	8.201078176538326
-2.4406966101694914	-1.3220898305084745	0.003624961428675924	0.04763324508726285	74.57566205639448	74.65222715054122	7.322444299746424	76.38799095045148	74.76359118064238	8.17236284945148
-2.4406966101694914	-1.2712440677966101	0.003624961428675924	0.0535495631421025	74.57566205639448	74.65222715054122	7.322444299746424	76.3588687828172	74.83356254133845	8.143183216205752
-2.4406966101694914	-1.2203983050847458	0.003624961428675924	0.060200721312535725	74.57566205639448	74.65222715054122	7.322444299746424	76.32700313024336	74.8978005352015	8.113251979056832
-2.4406966101694914	-1.1695525423728814	0.003624961428675924	0.06767799089102523	74.57566205639448	74.65222715054122	7.322444299746424	76.29150960102656	74.95542909791388	8.082461937525192
-2.4406966101694914	-1.118706779661017	0.003624961428675924	0.07608397958002418	74.57566205639448	74.65222715054122	7.322444299746424	76.25170428691973	75.00574938044493	8.050827265004369
-2.4406966101694914	-1.0678610169491525	0.003624961428675924	0.08553403953812092	74.57566205639448	74.65222715054122	7.322444299746424	76.20718315514043	75.04831637197647	8.018355558385146
-2.4406966101694914	-1.0170152542372881	0.003624961428675924	0.09615785031346677	74.57566205639448	74.65222715054122	7.322444299746424	76.15777166615185	75.08289051881083	7.985167101965386
-2.4406966101694914	-0.9661694915254238	0.003624961428675924	0.10810119838647589	74.57566205639448	74.65222715054122	7.322444299746424	76.1032918898544	75.10921016294306	7.951923571052209
-2.4406966101694914	-0.9153237288135593	0.003624961428675924	0.1215279777417781	74.57566205639448	74.65222715054122	7.322444299746424	76.04442405875201	75.12786090617907	7.9180588662530775
-2.4406966101694914	-0.8644779661016949	0.003624961428675924	0.13662243892250697	74.57566205639448	74.65222715054122	7.322444299746424	75.98140089786506	75.13897793559114	7.884305324545845
-2.4406966101694914	-0.8136322033898306	0.003624961428675924	0.15359171742983244	74.57566205639448	74.65222715054122	7.322444299746424	75.91511701860215	75.14336421108501	7.850387275805184
-2.4406966101694914	-0.7627864406779661	0.003624961428675924	0.17266867616399467	74.57566205639448	74.65222715054122	7.322444299746424	75.84609974980792	75.14146888732458	7.816979148638422
-2.4406966101694914	-0.7119406779661017	0.003624961428675924	0.19411510091256737	74.57566205639448	74.65222715054122	7.322444299746424	75.77530195012203	75.13418681974261	7.78402693715448
-2.4406966101694914	-0.6610949152542372	0.003624961428675924	0.21822529273641061	74.57566205639448	74.65222715054122	7.322444299746424	75.7036170873443	75.1223778521791	7.75161691853346
-2.4406966101694914	-0.6102491525423729	0.003624961428675924	0.24533010655024695	74.57566205639448	74.65222715054122	7.322444299746424	75.63152388097336	75.10651502285195	7.720615371084001
-2.4406966101694914	-0.5594033898305085	0.003624961428675924	0.2758014913177542	74.57566205639448	74.65222715054122	7.322444299746424	75.56013921467472	75.08773818730917	7.690486607904266
-2.4406966101694914	-0.508557627118644	0.003624961428675924	0.3100575941645296	74.57566205639448	74.65222715054122	7.322444299746424	75.48999350430208	75.06662962539336	7.661698756257806
-2.4406966101694914	-0.45771186440677963	0.003624961428675924	0.34856849845071003	74.57566205639448	74.65222715054122	7.322444299746424	75.42186991482596	75.0440511945272	7.634010747360843
-2.4406966101694914	-0.40686610169491527	0.003624961428675924	0.39186267454461904	74.57566205639448	74.65222715054122	7.322444299746424	75.35584413350892	75.02018164277506	7.608368957912707
-2.4406966101694914	-0.35602033898305085	0.003624961428675924	0.4405342318189317	74.57566205639448	74.65222715054122	7.322444299746424	75.29299075165271	74.99621981653009	7.583496232769467
-2.4406966101694914	-0.30517457627118644	0.003624961428675924	0.49525107138571994	74.57566205639448	74.65222715054122	7.322444299746424	75.23305184412949	74.97204901354971	7.560554973274912
-2.4406966101694914	-0.254328813559322	0.003624961428675924	0.5567640514472341	74.57566205639448	74.65222715054122	7.322444299746424	75.17658539306949	74.94838200805219	7.538866341003831
-2.4406966101694914	-0.20348305084745763	0.003624961428675924	0.6259172910350144	74.57566205639448	74.65222715054122	7.322444299746424	75.12342371319079	74.92521519065681	7.519013229305689
-2.4406966101694914	-0.1526372881355932	0.003624961428675924	0.7036597535315913	74.57566205639448	74.65222715054122	7.322444299746424	75.07380597444846	74.90295780797533	7.5005987656959805
-2.4406966101694914	-0.10179152542372881	0.003624961428675924	0.7910582689310004	74.57566205639448	74.65222715054122	7.322444299746424	75.02790313486021	74.88195332047006	7.483220842940146
-2.4406966101694914	-0.050945762711864406	0.003624961428675924	0.8893121735375996	74.57566205639448	74.65222715054122	7.322444299746424	74.98514134957554	74.86180022427692	7.467852307555681
-2.4406966101694914	-0.0001	0.003624961428675924	0.9997697679981565	74.57566205639448	74.65222715054122	7.322444299746424	74.94567329894574	74.84282073931001	7.453918627904093
-2.389850847457627	-3.0	0.0040752021105627725	0.001	74.57566205639448	74.65222715054122	7.322444299746424	76.23812604201916	74.33912587681617	7.870541845716037
-2.389850847457627	-2.9491542372881354	0.0040752021105627725	0.001124205647631211	74.57566205639448	74.65222715054122	7.322444299746424	76.36482789336527	74.30894062575142	7.917444274469997
-2.389850847457627	-2.8983084745762713	0.0040752021105627725	0.001263838338165909	74.57566205639448	74.65222715054122	7.322444299746424	76.49268963956312	74.27680257802407	7.966203468059734
-2.389850847457627	-2.8474627118644067	0.0040752021105627725	0.0014208141974589592	74.57566205639448	74.65222715054122	7.322444299746424	76.62006413631062	74.24291322623507	8.01623209833279
-2.389850847457627	-2.7966169491525426	0.0040752021105627725	0.0015972873450179669	74.57566205639448	74.65222715054122	7.322444299746424	76.74480309238862	74.20727170587259	8.067379366075375
-2.389850847457627	-2.745771186440678	0.0040752021105627725	0.0017956794541590607	74.57566205639448	74.65222715054122	7.322444299746424	76.86486731701483	74.17025174715239	8.118796835278227
-2.389850847457627	-2.6949254237288134	0.0040752021105627725	0.0020187129837009464	74.57566205639448	74.65222715054122	7.322444299746424	76.97782936086026	74.13204971963712	8.170062525574396
-2.389850847457627	-2.6440796610169492	0.0040752021105627725	0.002269448537223054	74.57566205639448	74.65222715054122	7.322444299746424	77.08136342827537	74.0930962571417	8.220391249551243
-2.389850847457627	-2.5932338983050847	0.0040752021105627725	0.0025513268625545478	74.57566205639448	74.65222715054122	7.322444299746424	77.17307864608298	74.05379041920601	8.269188627164962
-2.389850847457627	-2.5423881355932205	0.0040752021105627725	0.002868216067837038	74.57566205639448	74.65222715054122	7.322444299746424	77.25090580548608	74.0147697803574	8.315547385485221
-2.389850847457627	-2.491542372881356	0.0040752021105627725	0.0032244647020889827	74.57566205639448	74.65222715054122	7.322444299746424	77.31291171848325	73.97659637963947	8.358899653418089
-2.389850847457627	-2.4406966101694914	0.0040752021105627725	0.003624961428675924	74.57566205639448	74.65222715054122	7.322444299746424	77.35772952393815	73.94005660906156	8.398443849915578
-2.389850847457627	-2.389850847457627	0.0040752021105627725	0.0040752021105627725	74.57566205639448	74.65222715054122	7.322444299746424	77.38438765462034	73.90586887782663	8.433744303897585
-2.389850847457627	-2.3390050847457626	0.0040752021105627725	0.004581365227933299	74.57566205639448	74.65222715054122	7.322444299746424	77.39276196158211	73.87503437543529	8.464031598312548
-2.389850847457627	-2.2881593220338985	0.0040752021105627725	0.00515039666310386	74.57566205639448	74.65222715054122	7.322444299746424	77.38312139770427	73.84831256410693	8.489243434906856
-2.389850847457627	-2.237313559322034	0.0040752021105627725	0.005790105016202303	74.57566205639448	74.65222715054122	7.322444299746424	77.3567987301493	73.82686194570456	8.508710336781748
-2.389850847457627	-2.1864677966101693	0.0040752021105627725	0.006509268759592433	74.57566205639448	74.65222715054122	7.322444299746424	77.31540456165975	73.8114671219391	8.522654407996422
-2.389850847457627	-2.135622033898305	0.0040752021105627725	0.007317756701483213	74.57566205639448	74.65222715054122	7.322444299746424	77.2612381054297	73.80300990025106	8.531177503352277
-2.389850847457627	-2.0847762711864406	0.0040752021105627725	0.00822666341179857	74.57566205639448	74.65222715054122	7.322444299746424	77.19699797330816	73.8022755352804	8.53456672744997
-2.389850847457627	-2.0339305084745765	0.0040752021105627725	0.009248461468704988	74.57566205639448	74.65222715054122	7.322444299746424	77.12580800809441	73.8101069585611	8.532883572882
-2.389850847457627	-1.9830847457627119	0.0040752021105627725	0.010397172615017792	74.57566205639448	74.65222715054122	7.322444299746424	77.0506388686278	73.82696967227346	8.526741604332745
-2.389850847457627	-1.9322389830508475	0.0040752021105627725	0.011688560173199561	74.57566205639448	74.65222715054122	7.322444299746424	76.97443690465842	73.85322718757696	8.516640736165318
-2.389850847457627	-1.8813932203389832	0.0040752021105627725	0.013140345359388184	74.57566205639448	74.65222715054122	7.322444299746424	76.89980540627977	73.88895760550757	8.503249276624041
-2.389850847457627	-1.8305474576271186	0.0040752021105627725	0.014772450464848772	74.57566205639448	74.65222715054122	7.322444299746424	76.82929023509472	73.93435350153318	8.486520998386952
-2.389850847457627	-1.7797016949152542	0.0040752021105627725	0.016607272241935287	74.57566205639448	74.65222715054122	7.322444299746424	76.76425657920616	73.98868371585502	8.46771322632793
-2.389850847457627	-1.7288559322033898	0.0040752021105627725	0.01866998924613268	74.57566205639448	74.65222715054122	7.322444299746424	76.70600393323517	74.05146185760307	8.447022555951035
-2.389850847457627	-1.6780101694915255	0.0040752021105627725	0.020988907351716324	74.57566205639448	74.65222715054122	7.322444299746424	76.65515907063238	74.12186160074732	8.424745346063887
-2.389850847457627	-1.6271644067796611	0.0040752021105627725	0.023595848182407723	74.57566205639448	74.65222715054122	7.322444299746424	76.61172851086694	74.19876458652962	8.401214211688533
-2.389850847457627	-1.5763186440677965	0.0040752021105627725	0.026526585787311405	74.57566205639448	74.65222715054122	7.322444299746424	76.5752283407639	74.28086410507096	8.376641561835736
-2.389850847457627	-1.5254728813559322	0.0040752021105627725	0.02982133755446928	74.57566205639448	74.65222715054122	7.322444299746424	76.54474141852633	74.36668166552923	8.351172923109429
-2.389850847457627	-1.4746271186440678	0.0040752021105627725	0.03352531609865107	74.57566205639448	74.65222715054122	7.322444299746424	76.5189650171301	74.4545662372173	8.324986956245583
-2.389850847457627	-1.4237813559322035	0.0040752021105627725	0.03768934969672507	74.57566205639448	74.65222715054122	7.322444299746424	76.49655880031159	74.54299094304173	8.297826747319228
-2.389850847457627	-1.372935593220339	0.0040752021105627725	0.04237057978460597	74.57566205639448	74.65222715054122	7.322444299746424	76.47586272951878	74.63022203004587	8.269792291687915
-2.389850847457627	-1.3220898305084745	0.0040752021105627725	0.04763324508726285	74.57566205639448	74.65222715054122	7.322444299746424	76.45521791283002	74.71459670033643	8.240918162683764
-2.389850847457627	-1.2712440677966101	0.0040752021105627725	0.0535495631421025	74.57566205639448	74.65222715054122	7.322444299746424	76.43327473248252	74.7947944856034	8.210768374122958
-2.389850847457627	-1.2203983050847458	0.0040752021105627725	0.060200721312535725	74.57566205639448	74.65222715054122	7.322444299746424	76.40831752842828	74.86913454404427	8.179952516325086
-2.389850847457627	-1.1695525423728814	0.0040752021105627725	0.06767799089102523	74.57566205639448	74.65222715054122	7.322444299746424	76.37938457015919	74.93667577615808	8.148034074369434
-2.389850847457627	-1.118706779661017	0.0040752021105627725	0.07608397958002418	74.57566205639448	74.65222715054122	7.322444299746424	76.34551522222455	74.99645206298999	8.115142786876124
-2.389850847457627	-1.0678610169491525	0.0040752021105627725	0.08553403953812092	74.57566205639448	74.65222715054122	7.322444299746424	76.30599190751833	75.04770929599579	8.081544889132433
-2.389850847457627	-1.0170152542372881	0.0040752021105627725	0.09615785031346677	74.57566205639448	74.65222715054122	7.322444299746424	76.260737846577	75.09030320446716	8.046872949587721
-2.389850847457627	-0.9661694915254238	0.0040752021105627725	0.10810119838647589	74.57566205639448	74.65222715054122	7.322444299746424	76.20967760004612	75.12406509195256	8.011383018686113
-2.389850847457627	-0.9153237288135593	0.0040752021105627725	0.1215279777417781	74.57566205639448	74.65222715054122	7.322444299746424	76.15284924209003	75.14892079636746	7.975684768606617
-2.389850847457627	-0.8644779661016949	0.0040752021105627725	0.13662243892250697	74.57566205639448	74.65222715054122	7.322444299746424	76.09091947038932	75.16541556376663	7.939626066967045
-2.389850847457627	-0.8136322033898306	0.0040752021105627725	0.15359171742983244	74.57566205639448	74.65222715054122	7.322444299746424	76.0245967217263	75.17413653618749	7.903369517828089
-2.389850847457627	-0.7627864406779661	0.0040752021105627725	0.17266867616399467	74.57566205639448	74.65222715054122	7.322444299746424	75.9544749031744	75.17556564360093	7.867597444757898
-2.389850847457627	-0.7119406779661017	0.0040752021105627725	0.19411510091256737	74.57566205639448	74.65222715054122	7.322444299746424	75.88178684501743	75.17084130291525	7.831889544283811
-2.389850847457627	-0.6610949152542372	0.0040752021105627725	0.21822529273641061	74.57566205639448	74.65222715054122	7.322444299746424	75.80725988070982	75.16062037420716	7.79691217694139
-2.389850847457627	-0.6102491525423729	0.0040752021105627725	0.24533010655024695	74.57566205639448	74.65222715054122	7.322444299746424	75.73167349667952	75.14564031430379	7.763191419205708
-2.389850847457627	-0.5594033898305085	0.0040752021105627725	0.2758014913177542	74.57566205639448	74.65222715054122	7.322444299746424	75.65613906648292	75.12700164052202	7.730491471991703
-2.389850847457627	-0.508557627118644	0.0040752021105627725	0.3100575941645296	74.57566205639448	74.65222715054122	7.322444299746424	75.58153936034532	75.10560824627017	7.698858772286012
-2.389850847457627	-0.45771186440677963	0.0040752021105627725	0.34856849845071003	74.57566205639448	74.65222715054122	7.322444299746424	75.5085078114378	75.08214568828343	7.668618921003963
-2.389850847457627	-0.40686610169491527	0.0040752021105627725	0.39186267454461904	74.57566205639448	74.65222715054122	7.322444299746424	75.43745190907143	75.057102573405	7.64031168910287
-2.389850847457627	-0.35602033898305085	0.0040752021105627725	0.4405342318189317	74.57566205639448	74.65222715054122	7.322444299746424	75.36938403010012	75.03159811418598	7.613008356560879
-2.389850847457627	-0.30517457627118644	0.0040752021105627725	0.49525107138571994	74.57566205639448	74.65222715054122	7.322444299746424	75.3042276403316	75.0056844102419	7.587706365912735
-2.389850847457627	-0.254328813559322	0.0040752021105627725	0.5567640514472341	74.57566205639448	74.65222715054122	7.322444299746424	75.24254072296964	74.98006605903801	7.563895845887962
-2.389850847457627	-0.20348305084745763	0.0040752021105627725	0.6259172910350144	74.57566205639448	74.65222715054122	7.322444299746424	75.18443072265234	74.95501059161681	7.541742544505788
-2.389850847457627	-0.1526372881355932	0.0040752021105627725	0.7036597535315913	74.57566205639448	74.65222715054122	7.322444299746424	75.13004214648987	74.93083201675482	7.521146787468764
-2.389850847457627	-0.10179152542372881	0.0040752021105627725	0.7910582689310004	74.57566205639448	74.65222715054122	7.322444299746424	75.07918899537844	74.90751948688688	7.502500134606168
-2.389850847457627	-0.050945762711864406	0.0040752021105627725	0.8893121735375996	74.57566205639448	74.65222715054122	7.322444299746424	75.03212628535738	74.88550535293037	7.485171640698646
-2.389850847457627	-0.0001	0.0040752021105627725	0.9997697679981565	74.57566205639448	74.65222715054122	7.322444299746424	74.98871369187997	74.86482593193008	7.469209328913743
-2.3390050847457626	-3.0	0.004581365227933299	0.001	74.57566205639448	74.65222715054122	7.322444299746424	76.20451477884394	74.3510042121851	7.867328880390503
-2.3390050847457626	-2.9491542372881354	0.004581365227933299	0.001124205647631211	74.57566205639448	74.65222715054122	7.322444299746424	76.331740411321	74.32040731495049	7.915225216950254
-2.3390050847457626	-2.8983084745762713	0.004581365227933299	0.001263838338165909	74.57566205639448	74.65222715054122	7.322444299746424	76.46078212082337	74.28755244834873	7.9651651062575075
-2.3390050847457626	-2.8474627118644067	0.004581365227933299	0.0014208141974589592	74.57566205639448	74.65222715054122	7.322444299746424	76.58990117158768	74.25242685071187	8.016879784330905
-2.3390050847457626	-2.7966169491525426	0.004581365227933299	0.0015972873450179669	74.57566205639448	74.65222715054122	7.322444299746424	76.7171830359858	74.21516051359625	8.069836807810928
-2.3390050847457626	-2.745771186440678	0.004581365227933299	0.0017956794541590607	74.57566205639448	74.65222715054122	7.322444299746424	76.840401499675	74.17586686411606	8.123577562672969
-2.3390050847457626	-2.6949254237288134	0.004581365227933299	0.0020187129837009464	74.57566205639448	74.65222715054122	7.322444299746424	76.9571810714194	74.13476066615684	8.177511549763942
-2.3390050847457626	-2.6440796610169492	0.004581365227933299	0.002269448537223054	74.57566205639448	74.65222715054122	7.322444299746424	77.06511252668723	74.09220514864786	8.230854269548303
-2.3390050847457626	-2.5932338983050847	0.004581365227933299	0.0025513268625545478	74.57566205639448	74.65222715054122	7.322444299746424	77.1616137161988	74.04848056496195	8.28312748808506
-2.3390050847457626	-2.5423881355932205	0.004581365227933299	0.002868216067837038	74.57566205639448	74.65222715054122	7.322444299746424	77.24446530313695	74.00420692388536	8.333355528879835
-2.3390050847457626	-2.491542372881356	0.004581365227933299	0.0032244647020889827	74.57566205639448	74.65222715054122	7.322444299746424	77.31169061312161	73.96009538243473	8.38060056609415
-2.3390050847457626	-2.4406966101694914	0.004581365227933299	0.003624961428675924	74.57566205639448	74.65222715054122	7.322444299746424	77.36148150967374	73.91673699446105	8.424419447635875
-2.3390050847457626	-2.389850847457627	0.004581365227933299	0.0040752021105627725	74.57566205639448	74.65222715054122	7.322444299746424	77.39275138575339	73.87502374175872	8.464052584256109
-2.3390050847457626	-2.3390050847457626	0.004581365227933299	0.004581365227933299	74.57566205639448	74.65222715054122	7.322444299746424	77.4049977429506	73.83589337293813	8.498947126749538
-2.3390050847457626	-2.2881593220338985	0.004581365227933299	0.00515039666310386	74.57566205639448	74.65222715054122	7.322444299746424	77.39864723583672	73.80058426292608	8.52824072845978
-2.3390050847457626	-2.237313559322034	0.004581365227933299	0.005790105016202303	74.57566205639448	74.65222715054122	7.322444299746424	77.37444376867408	73.7699722941196	8.552067388587792
-2.3390050847457626	-2.1864677966101693	0.004581365227933299	0.006509268759592433	74.57566205639448	74.65222715054122	7.322444299746424	77.334096828494	73.74521254760627	8.570219868102464
-2.3390050847457626	-2.135622033898305	0.004581365227933299	0.007317756701483213	74.57566205639448	74.65222715054122	7.322444299746424	77.28008229696155	73.72758115308412	8.582395527602321
-2.3390050847457626	-2.0847762711864406	0.004581365227933299	0.00822666341179857	74.57566205639448	74.65222715054122	7.322444299746424	77.21504320839985	73.71796144357965	8.589124209227494
-2.3390050847457626	-2.0339305084745765	0.004581365227933299	0.009248461468704988	74.57566205639448	74.65222715054122	7.322444299746424	77.14220889360128	73.71738443504441	8.59057483975403
-2.3390050847457626	-1.9830847457627119	0.004581365227933299	0.010397172615017792	74.57566205639448	74.65222715054122	7.322444299746424	77.06514662234447	73.72692532484945	8.586639743013503
-2.3390050847457626	-1.9322389830508475	0.004581365227933299	0.011688560173199561	74.57566205639448	74.65222715054122	7.322444299746424	76.98649953696908	73.74659494778423	8.579018100918338
-2.3390050847457626	-1.8813932203389832	0.004581365227933299	0.013140345359388184	74.57566205639448	74.65222715054122	7.322444299746424	76.90969247767846	73.77719325465343	8.567397133997819
-2.3390050847457626	-1.8305474576271186	0.004581365227933299	0.014772450464848772	74.57566205639448	74.65222715054122	7.322444299746424	76.83738274733658	73.81888918462484	8.552184705418286
-2.3390050847457626	-1.7797016949152542	0.004581365227933299	0.016607272241935287	74.57566205639448	74.65222715054122	7.322444299746424	76.77110592842727	73.87096719405002	8.534936371017356
-2.3390050847457626	-1.7288559322033898	0.004581365227933299	0.01866998924613268	74.57566205639448	74.65222715054122	7.322444299746424	76.7128590822093	73.93347900682757	8.515006253793468
-2.3390050847457626	-1.6780101694915255	0.004581365227933299	0.020988907351716324	74.57566205639448	74.65222715054122	7.322444299746424	76.66315693332577	74.00533473803014	8.49334531610653
-2.3390050847457626	-1.6271644067796611	0.004581365227933299	0.023595848182407723	74.57566205639448	74.65222715054122	7.322444299746424	76.6220959702686	74.08537149189617	8.470387739672699
-2.3390050847457626	-1.5763186440677965	0.004581365227933299	0.026526585787311405	74.57566205639448	74.65222715054122	7.322444299746424	76.5893876783604	74.17236718411606	8.446074684086957
-2.3390050847457626	-1.5254728813559322	0.004581365227933299	0.02982133755446928	74.57566205639448	74.65222715054122	7.322444299746424	76.56389023341296	74.26453397709484	8.42095610385678
-2.3390050847457626	-1.4746271186440678	0.004581365227933299	0.03352531609865107	74.57566205639448	74.65222715054122	7.322444299746424	76.54446186855967	74.36032333406233	8.394692743766678
-2.3390050847457626	-1.4237813559322035	0.004581365227933299	0.03768934969672507	74.57566205639448	74.65222715054122	7.322444299746424	76.52927103199671	74.45768261371106	8.367676806612234
-2.3390050847457626	-1.372935593220339	0.004581365227933299	0.04237057978460597	74.57566205639448	74.65222715054122	7.322444299746424	76.5167357672209	74.55494249641976	8.339404771058245
-2.3390050847457626	-1.3220898305084745	0.004581365227933299	0.04763324508726285	74.57566205639448	74.65222715054122	7.322444299746424	76.5047280275731	74.64997258358089	8.310328953391181
-2.3390050847457626	-1.2712440677966101	0.004581365227933299	0.0535495631421025	74.57566205639448	74.65222715054122	7.322444299746424	76.49145015363776	74.74101757738991	8.280323493792826
-2.3390050847457626	-1.2203983050847458	0.004581365227933299	0.060200721312535725	74.57566205639448	74.65222715054122	7.322444299746424	76.47542969542468	74.82665860150732	8.248921029408606
-2.3390050847457626	-1.1695525423728814	0.004581365227933299	0.06767799089102523	74.57566205639448	74.65222715054122	7.322444299746424	76.45514895587164	74.90541902536542	8.216213172528526
-2.3390050847457626	-1.118706779661017	0.004581365227933299	0.07608397958002418	74.57566205639448	74.65222715054122	7.322444299746424	76.42940538091925	74.9761089333282	8.182269064217296
-2.3390050847457626	-1.0678610169491525	0.004581365227933299	0.08553403953812092	74.57566205639448	74.65222715054122	7.322444299746424	76.39728763028519	75.0377931455223	8.147268281935125
-2.3390050847457626	-1.0170152542372881	0.004581365227933299	0.09615785031346677	74.57566205639448	74.65222715054122	7.322444299746424	76.35828257793847	75.08989619652752	8.11132542257249
-2.3390050847457626	-0.9661694915254238	0.004581365227933299	0.10810119838647589	74.57566205639448	74.65222715054122	7.322444299746424	76.31230653275253	75.13223716082987	8.074424213853474
-2.3390050847457626	-0.9153237288135593	0.004581365227933299	0.1215279777417781	74.57566205639448	74.65222715054122	7.322444299746424	76.25951916903183	75.16485043962786	8.036742891542579
-2.3390050847457626	-0.8644779661016949	0.004581365227933299	0.13662243892250697	74.57566205639448	74.65222715054122	7.322444299746424	76.20029273836232	75.18796481511103	7.998641845709859
-2.3390050847457626	-0.8136322033898306	0.004581365227933299	0.15359171742983244	74.57566205639448	74.65222715054122	7.322444299746424	76.1354079615091	75.20221001311049	7.960163467012156
-2.3390050847457626	-0.7627864406779661	0.004581365227933299	0.17266867616399467	74.57566205639448	74.65222715054122	7.322444299746424	76.06559897409893	75.20817218557141	7.921818791676366
-2.3390050847457626	-0.7119406779661017	0.004581365227933299	0.19411510091256737	74.57566205639448	74.65222715054122	7.322444299746424	75.99205489882165	75.20690582828512	7.883467422231861
-2.3390050847457626	-0.6610949152542372	0.004581365227933299	0.21822529273641061	74.57566205639448	74.65222715054122	7.322444299746424	75.91538114652342	75.19890313696922	7.846263474692292
-2.3390050847457626	-0.6102491525423729	0.004581365227933299	0.24533010655024695	74.57566205639448	74.65222715054122	7.322444299746424	75.83707693470394	75.18557842691779	7.809586091807306
-2.3390050847457626	-0.5594033898305085	0.004581365227933299	0.2758014913177542	74.57566205639448	74.65222715054122	7.322444299746424	75.75800278493261	75.16773974595661	7.7740111722335845
-2.3390050847457626	-0.508557627118644	0.004581365227933299	0.3100575941645296	74.57566205639448	74.65222715054122	7.322444299746424	75.67924886218607	75.14645954371687	7.7394900418240695
-2.3390050847457626	-0.45771186440677963	0.004581365227933299	0.34856849845071003	74.57566205639448	74.65222715054122	7.322444299746424	75.60142728664799	75.12236745537102	7.70670744345378
-2.3390050847457626	-0.40686610169491527	0.004581365227933299	0.39186267454461904	74.57566205639448	74.65222715054122	7.322444299746424	75.52557523887067	75.09655169189128	7.675239789790193
-2.3390050847457626	-0.35602033898305085	0.004581365227933299	0.4405342318189317	74.57566205639448	74.65222715054122	7.322444299746424	75.45207948150602	75.06948113134857	7.645679819271302
-2.3390050847457626	-0.30517457627118644	0.004581365227933299	0.49525107138571994	74.57566205639448	74.65222715054122	7.322444299746424	75.38163033414942	75.04195542386282	7.617734111929054
-2.3390050847457626	-0.254328813559322	0.004581365227933299	0.5567640514472341	74.57566205639448	74.65222715054122	7.322444299746424	75.31449801699421	75.01437718116213	7.591672609901529
-2.3390050847457626	-0.20348305084745763	0.004581365227933299	0.6259172910350144	74.57566205639448	74.65222715054122	7.322444299746424	75.25110435224049	74.98731890483171	7.567205536987674
-2.3390050847457626	-0.1526372881355932	0.004581365227933299	0.7036597535315913	74.57566205639448	74.65222715054122	7.322444299746424	75.19145234389593	74.9609482591903	7.544655757988555
-2.3390050847457626	-0.10179152542372881	0.004581365227933299	0.7910582689310004	74.57566205639448	74.65222715054122	7.322444299746424	75.13581081677191	74.93570816248945	7.5236116959477295
-2.3390050847457626	-0.050945762711864406	0.004581365227933299	0.8893121735375996	74.57566205639448	74.65222715054122	7.322444299746424	75.08409144117732	74.91168995373131	7.504208895712448
-2.3390050847457626	-0.0001	0.004581365227933299	0.9997697679981565	74.57566205639448	74.65222715054122	7.322444299746424	75.0361006245687	74.88888154568497	7.486653268892129
-2.2881593220338985	-3.0	0.00515039666310386	0.001	74.57566205639448	74.65222715054122	7.322444299746424	76.16544167728391	74.36506130868557	7.862210838546633
-2.2881593220338985	-2.9491542372881354	0.00515039666310386	0.001124205647631211	74.57566205639448	74.65222715054122	7.322444299746424	76.2923249523528	74.33435865772346	7.910808240537387
-2.2881593220338985	-2.8983084745762713	0.00515039666310386	0.001263838338165909	74.57566205639448	74.65222715054122	7.322444299746424	76.42155569326226	74.30106913176068	7.961700670551232
-2.2881593220338985	-2.8474627118644067	0.00515039666310386	0.0014208141974589592	74.57566205639448	74.65222715054122	7.322444299746424	76.55144281578691	74.2650907104494	8.014681713220096
-2.2881593220338985	-2.7966169491525426	0.00515039666310386	0.0015972873450179669	74.57566205639448	74.65222715054122	7.322444299746424	76.68011099422476	74.22646795864084	8.069254820771915
-2.2881593220338985	-2.745771186440678	0.00515039666310386	0.0017956794541590607	74.57566205639448	74.65222715054122	7.322444299746424	76.80528500489228	74.18516322798348	8.12511761329301
-2.2881593220338985	-2.6949254237288134	0.00515039666310386	0.0020187129837009464	74.57566205639448	74.65222715054122	7.322444299746424	76.92482501531975	74.14155764736643	8.181188549879222
-2.2881593220338985	-2.6440796610169492	0.00515039666310386	0.002269448537223054	74.57566205639448	74.65222715054122	7.322444299746424	77.03594549578254	74.09561218955902	8.237328109042602
-2.2881593220338985	-2.5932338983050847	0.00515039666310386	0.0025513268625545478	74.57566205639448	74.65222715054122	7.322444299746424	77.13619760361793	74.04776723478881	8.29257938183437
-2.2881593220338985	-2.5423881355932205	0.00515039666310386	0.002868216067837038	74.57566205639448	74.65222715054122	7.322444299746424	77.22306996359188	73.998436698759	8.346234429238526
-2.2881593220338985	-2.491542372881356	0.00515039666310386	0.0032244647020889827	74.57566205639448	74.65222715054122	7.322444299746424	77.29449988814446	73.948393037802	8.397114976793102
-2.2881593220338985	-2.4406966101694914	0.00515039666310386	0.003624961428675924	74.57566205639448	74.65222715054122	7.322444299746424	77.34818752134458	73.89794305291056	8.445268250500297
-2.2881593220338985	-2.389850847457627	0.00515039666310386	0.0040752021105627725	74.57566205639448	74.65222715054122	7.322444299746424	77.38317707259654	73.84836825807601	8.489132118525031
-2.2881593220338985	-2.3390050847457626	0.00515039666310386	0.004581365227933299	74.57566205639448	74.65222715054122	7.322444299746424	77.3986526648413	73.80058978500274	8.528228996702126
-2.2881593220338985	-2.2881593220338985	0.00515039666310386	0.00515039666310386	74.57566205639448	74.65222715054122	7.322444299746424	77.39451470679928	73.75563662018794	8.562244019280962
-2.2881593220338985	-2.237313559322034	0.00515039666310386	0.005790105016202303	74.57566205639448	74.65222715054122	7.322444299746424	77.37171831571945	73.71491219553276	8.590466962338725
-2.2881593220338985	-2.1864677966101693	0.00515039666310386	0.006509268759592433	74.57566205639448	74.65222715054122	7.322444299746424	77.33190010826364	73.67979182447839	8.61255849192295
-2.2881593220338985	-2.135622033898305	0.00515039666310386	0.007317756701483213	74.57566205639448	74.65222715054122	7.322444299746424	77.2771017632022	73.65136821792044	8.628977414058419
-2.2881593220338985	-2.0847762711864406	0.00515039666310386	0.00822666341179857	74.57566205639448	74.65222715054122	7.322444299746424	77.21049186286793	73.63124231106491	8.639293926018174
-2.2881593220338985	-2.0339305084745765	0.00515039666310386	0.009248461468704988	74.57566205639448	74.65222715054122	7.322444299746424	77.13547032577922	73.62073982673407	8.643627288150991
-2.2881593220338985	-1.9830847457627119	0.00515039666310386	0.010397172615017792	74.57566205639448	74.65222715054122	7.322444299746424	77.05508205719477	73.62046657423988	8.643383162002635
-2.2881593220338985	-1.9322389830508475	0.00515039666310386	0.011688560173199561	74.57566205639448	74.65222715054122	7.322444299746424	76.97332861160112	73.63177778621609	8.638163430869808
-2.2881593220338985	-1.8813932203389832	0.00515039666310386	0.013140345359388184	74.57566205639448	74.65222715054122	7.322444299746424	76.89356144774179	73.6553291055903	8.628513547714698
-2.2881593220338985	-1.8305474576271186	0.00515039666310386	0.014772450464848772	74.57566205639448	74.65222715054122	7.322444299746424	76.8185647599499	73.69130185405525	8.615338819380552
-2.2881593220338985	-1.7797016949152542	0.00515039666310386	0.016607272241935287	74.57566205639448	74.65222715054122	7.322444299746424	76.75065035075437	73.73961520220973	8.599372789758347
-2.2881593220338985	-1.7288559322033898	0.00515039666310386	0.01866998924613268	74.57566205639448	74.65222715054122	7.322444299746424	76.69169746150739	73.8000498057571	8.580855126689379
-2.2881593220338985	-1.6780101694915255	0.00515039666310386	0.020988907351716324	74.57566205639448	74.65222715054122	7.322444299746424	76.64280517715282	73.87194923682195	8.560101162996219
-2.2881593220338985	-1.6271644067796611	0.00515039666310386	0.023595848182407723	74.57566205639448	74.65222715054122	7.322444299746424	76.60402057402143	73.95396462027973	8.53801397040458
-2.2881593220338985	-1.5763186440677965	0.00515039666310386	0.026526585787311405	74.57566205639448	74.65222715054122	7.322444299746424	76.57514277388968	74.04484612671418	8.51455655324422
-2.2881593220338985	-1.5254728813559322	0.00515039666310386	0.02982133755446928	74.57566205639448	74.65222715054122	7.322444299746424	76.55514582842628	74.14283278335994	8.490056892923048
-2.2881593220338985	-1.4746271186440678	0.00515039666310386	0.03352531609865107	74.57566205639448	74.65222715054122	7.322444299746424	76.54275606795063	74.24618223898342	8.464271802894004
-2.2881593220338985	-1.4237813559322035	0.00515039666310386	0.03768934969672507	74.57566205639448	74.65222715054122	7.322444299746424	76.5360748299118	74.35273933167271	8.437396251931796
-2.2881593220338985	-1.372935593220339	0.00515039666310386	0.04237057978460597	74.57566205639448	74.65222715054122	7.322444299746424	76.53293355074709	74.46023540812357	8.409632691263582
-2.2881593220338985	-1.3220898305084745	0.00515039666310386	0.04763324508726285	74.57566205639448	74.65222715054122	7.322444299746424	76.53124791094604	74.56658967146862	8.380763088688472
-2.2881593220338985	-1.2712440677966101	0.00515039666310386	0.0535495631421025	74.57566205639448	74.65222715054122	7.322444299746424	76.52897122644231	74.66981709902872	8.350510559827722
-2.2881593220338985	-1.2203983050847458	0.00515039666310386	0.060200721312535725	74.57566205639448	74.65222715054122	7.322444299746424	76.52401055780287	74.76790589589167	8.318954991278794
-2.2881593220338985	-1.1695525423728814	0.00515039666310386	0.06767799089102523	74.57566205639448	74.65222715054122	7.322444299746424	76.51466639815624	74.85922826108792	8.285858727403413
-2.2881593220338985	-1.118706779661017	0.00515039666310386	0.07608397958002418	74.57566205639448	74.65222715054122	7.322444299746424	76.49922853970405	74.94211566475313	8.251646788616002
-2.2881593220338985	-1.0678610169491525	0.00515039666310386	0.08553403953812092	74.57566205639448	74.65222715054122	7.322444299746424	76.47689679328626	75.01576766282561	8.215677903672143
-2.2881593220338985	-1.0170152542372881	0.00515039666310386	0.09615785031346677	74.57566205639448	74.65222715054122	7.322444299746424	76.44669114785805	75.07915754663361	8.178489793317771
-2.2881593220338985	-0.9661694915254238	0.00515039666310386	0.10810119838647589	74.57566205639448	74.65222715054122	7.322444299746424	76.40819105191329	75.13177258564187	8.140335798092158
-2.2881593220338985	-0.9153237288135593	0.00515039666310386	0.1215279777417781	74.57566205639448	74.65222715054122	7.322444299746424	76.36177716664302	75.17386238583909	8.100670159513985
-2.2881593220338985	-0.8644779661016949	0.00515039666310386	0.13662243892250697	74.57566205639448	74.65222715054122	7.322444299746424	76.30714834656715	75.2049652014007	8.061035546705115
-2.2881593220338985	-0.8136322033898306	0.00515039666310386	0.15359171742983244	74.57566205639448	74.65222715054122	7.322444299746424	76.24552510188076	75.22612300625889	8.020553539330908
-2.2881593220338985	-0.7627864406779661	0.00515039666310386	0.17266867616399467	74.57566205639448	74.65222715054122	7.322444299746424	76.17761738167043	75.237861906655	7.979854157900687
-2.2881593220338985	-0.7119406779661017	0.00515039666310386	0.19411510091256737	74.57566205639448	74.65222715054122	7.322444299746424	76.10452203772091	75.24110106466247	7.9391448324487754
-2.2881593220338985	-0.6610949152542372	0.00515039666310386	0.21822529273641061	74.57566205639448	74.65222715054122	7.322444299746424	76.02712615416003	75.23656715551297	7.899258378092908
-2.2881593220338985	-0.6102491525423729	0.00515039666310386	0.24533010655024695	74.57566205639448	74.65222715054122	7.322444299746424	75.94705150731133	75.22574757194961	7.8596312978779945
-2.2881593220338985	-0.5594033898305085	0.00515039666310386	0.2758014913177542	74.57566205639448	74.65222715054122	7.322444299746424	75.86512655111906	75.20936892237057	7.821239774530201
-2.2881593220338985	-0.508557627118644	0.00515039666310386	0.3100575941645296	74.57566205639448	74.65222715054122	7.322444299746424	75.78264100187351	75.1886559405	7.783993268485327
-2.2881593220338985	-0.45771186440677963	0.00515039666310386	0.34856849845071003	74.57566205639448	74.65222715054122	7.322444299746424	75.7005516201953	75.16453904257727	7.748245227775862
-2.2881593220338985	-0.40686610169491527	0.00515039666310386	0.39186267454461904	74.57566205639448	74.65222715054122	7.322444299746424	75.62000098015261	75.13817300393816	7.713704837060968
-2.2881593220338985	-0.35602033898305085	0.00515039666310386	0.4405342318189317	74.57566205639448	74.65222715054122	7.322444299746424	75.54129804033211	75.10991539936977	7.681443518718041
-2.2881593220338985	-0.30517457627118644	0.00515039666310386	0.49525107138571994	74.57566205639448	74.65222715054122	7.322444299746424	75.46544098357084	75.08084618734182	7.650840594766869
-2.2881593220338985	-0.254328813559322	0.00515039666310386	0.5567640514472341	74.57566205639448	74.65222715054122	7.322444299746424	75.39284040858313	75.05148684713463	7.6221390761167385
-2.2881593220338985	-0.20348305084745763	0.00515039666310386	0.6259172910350144	74.57566205639448	74.65222715054122	7.322444299746424	75.3240544023848	75.02253040986595	7.594993788602435
-2.2881593220338985	-0.1526372881355932	0.00515039666310386	0.7036597535315913	74.57566205639448	74.65222715054122	7.322444299746424	75.25897208201772	74.99402008902874	7.570130964745446
-2.2881593220338985	-0.10179152542372881	0.00515039666310386	0.7910582689310004	74.57566205639448	74.65222715054122	7.322444299746424	75.1980513589857	74.96658219707386	7.546903123325082
-2.2881593220338985	-0.050945762711864406	0.00515039666310386	0.8893121735375996	74.57566205639448	74.65222715054122	7.322444299746424	75.1411415399787	74.94024405695627	7.525675610894589
-2.2881593220338985	-0.0001	0.00515039666310386	0.9997697679981565	74.57566205639448	74.65222715054122	7.322444299746424	75.08842958251263	74.91537608468411	7.505974417087958
-2.237313559322034	-3.0	0.005790105016202303	0.001	74.57566205639448	74.65222715054122	7.322444299746424	76.12194003416707	74.38118378220081	7.855398627695486
-2.237313559322034	-2.9491542372881354	0.005790105016202303	0.001124205647631211	74.57566205639448	74.65222715054122	7.322444299746424	76.24773518042296	74.35072078176623	7.904356017878215
-2.237313559322034	-2.8983084745762713	0.005790105016202303	0.001263838338165909	74.57566205639448	74.65222715054122	7.322444299746424	76.37626802662274	74.31731453191128	7.955946909869806
-2.237313559322034	-2.8474627118644067	0.005790105016202303	0.0014208141974589592	74.57566205639448	74.65222715054122	7.322444299746424	76.50598970475548	74.28085983720553	8.00984608776031
-2.237313559322034	-2.7966169491525426	0.005790105016202303	0.0015972873450179669	74.57566205639448	74.65222715054122	7.322444299746424	76.63500230788624	74.24123893672613	8.065740273909595
-2.237313559322034	-2.745771186440678	0.005790105016202303	0.0017956794541590607	74.57566205639448	74.65222715054122	7.322444299746424	76.76123006782824	74.19848880787704	8.123015880693155
-2.237313559322034	-2.6949254237288134	0.005790105016202303	0.0020187129837009464	74.57566205639448	74.65222715054122	7.322444299746424	76.88225298562907	74.15261111326643	8.181172695732574
-2.237313559322034	-2.6440796610169492	0.005790105016202303	0.002269448537223054	74.57566205639448	74.65222715054122	7.322444299746424	76.9955063793251	74.10372478729684	8.239565725914598
-2.237313559322034	-2.5932338983050847	0.005790105016202303	0.0025513268625545478	74.57566205639448	74.65222715054122	7.322444299746424	77.0982363256809	74.05194905178939	8.29768978680574
-2.237313559322034	-2.5423881355932205	0.005790105016202303	0.002868216067837038	74.57566205639448	74.65222715054122	7.322444299746424	77.18801870683552	73.99782466003707	8.354396080001223
-2.237313559322034	-2.491542372881356	0.005790105016202303	0.0032244647020889827	74.57566205639448	74.65222715054122	7.322444299746424	77.26233372735851	73.94176781027471	8.409052227774964
-2.237313559322034	-2.4406966101694914	0.005790105016202303	0.003624961428675924	74.57566205639448	74.65222715054122	7.322444299746424	77.31914154313914	73.88450855733014	8.460727269135633
-2.237313559322034	-2.389850847457627	0.005790105016202303	0.0040752021105627725	74.57566205639448	74.65222715054122	7.322444299746424	77.35678011503703	73.82684316431552	8.508747890997954
-2.237313559322034	-2.3390050847457626	0.005790105016202303	0.004581365227933299	74.57566205639448	74.65222715054122	7.322444299746424	77.37441683204368	73.76994530403202	8.552121402534071
-2.237313559322034	-2.2881593220338985	0.005790105016202303	0.00515039666310386	74.57566205639448	74.65222715054122	7.322444299746424	77.3718031581875	73.7149970266092	8.590297247849167
-2.237313559322034	-2.237313559322034	0.005790105016202303	0.005790105016202303	74.57566205639448	74.65222715054122	7.322444299746424	77.34938409481838	73.66320556070029	8.623134005282738
-2.237313559322034	-2.1864677966101693	0.005790105016202303	0.006509268759592433	74.57566205639448	74.65222715054122	7.322444299746424	77.30900871018403	73.61646399182088	8.64953648624737
-2.237313559322034	-2.135622033898305	0.005790105016202303	0.007317756701483213	74.57566205639448	74.65222715054122	7.322444299746424	77.25265473169131	73.57607535323508	8.669932882438149
-2.237313559322034	-2.0847762711864406	0.005790105016202303	0.00822666341179857	74.57566205639448	74.65222715054122	7.322444299746424	77.1834301518588	73.54380460834567	8.68406104924992
-2.237313559322034	-2.0339305084745765	0.005790105016202303	0.009248461468704988	74.57566205639448	74.65222715054122	7.322444299746424	77.10475233087911	73.52115633126652	8.692262697079036
-2.237313559322034	-1.9830847457627119	0.005790105016202303	0.010397172615017792	74.57566205639448	74.65222715054122	7.322444299746424	77.02041218151624	73.50957416444322	8.694915540650795
-2.237313559322034	-1.9322389830508475	0.005790105016202303	0.011688560173199561	74.57566205639448	74.65222715054122	7.322444299746424	76.93431178648378	73.51033590879366	8.69245800845129
-2.237313559322034	-1.8813932203389832	0.005790105016202303	0.013140345359388184	74.57566205639448	74.65222715054122	7.322444299746424	76.85018834396992	73.52444278870304	8.685428922073887
-2.237313559322034	-1.8305474576271186	0.005790105016202303	0.014772450464848772	74.57566205639448	74.65222715054122	7.322444299746424	76.77135173316519	73.55251082600834	8.674513360240862
-2.237313559322034	-1.7797016949152542	0.005790105016202303	0.016607272241935287	74.57566205639448	74.65222715054122	7.322444299746424	76.7006589087986	73.59487887816792	8.660185762877395
-2.237313559322034	-1.7288559322033898	0.005790105016202303	0.01866998924613268	74.57566205639448	74.65222715054122	7.322444299746424	76.64013233325748	73.65132623011107	8.643169767012118
-2.237313559322034	-1.6780101694915255	0.005790105016202303	0.020988907351716324	74.57566205639448	74.65222715054122	7.322444299746424	76.59102996601493	73.72120760807555	8.624112047708907
-2.237313559322034	-1.6271644067796611	0.005790105016202303	0.023595848182407723	74.57566205639448	74.65222715054122	7.322444299746424	76.554124336171	73.80376134327292	8.602954577719537
-2.237313559322034	-1.5763186440677965	0.005790105016202303	0.026526585787311405	74.57566205639448	74.65222715054122	7.322444299746424	76.52882442969769	73.89722848134636	8.58073849213137
-2.237313559322034	-1.5254728813559322	0.005790105016202303	0.02982133755446928	74.57566205639448	74.65222715054122	7.322444299746424	76.5143753889247	74.00002567548164	8.557341520150024
-2.237313559322034	-1.4746271186440678	0.005790105016202303	0.03352531609865107	74.57566205639448	74.65222715054122	7.322444299746424	76.50967078638858	74.11051243030066	8.532072425915112
-2.237313559322034	-1.4237813559322035	0.005790105016202303	0.03768934969672507	74.57566205639448	74.65222715054122	7.322444299746424	76.51219158041837	74.22587598371162	8.506059739471965
-2.237313559322034	-1.372935593220339	0.005790105016202303	0.04237057978460597	74.57566205639448	74.65222715054122	7.322444299746424	76.51959982763121	74.34366632982969	8.47936884582782
-2.237313559322034	-1.3220898305084745	0.005790105016202303	0.04763324508726285	74.57566205639448	74.65222715054122	7.322444299746424	76.53004148698875	74.4620432514658	8.450699634581515
-2.237313559322034	-1.2712440677966101	0.005790105016202303	0.0535495631421025	74.57566205639448	74.65222715054122	7.322444299746424	76.54054153369735	74.57811939150983	8.42091360487834
-2.237313559322034	-1.2203983050847458	0.005790105016202303	0.060200721312535725	74.57566205639448	74.65222715054122	7.322444299746424	76.5488900134688	74.68980313329196	8.38953723623292
-2.237313559322034	-1.1695525423728814	0.005790105016202303	0.06767799089102523	74.57566205639448	74.65222715054122	7.322444299746424	76.55277700949804	74.7948984765098	8.356748380041823
-2.237313559322034	-1.118706779661017	0.005790105016202303	0.07608397958002418	74.57566205639448	74.65222715054122	7.322444299746424	76.55048544297455	74.89177263572041	8.322190440866503
-2.237313559322034	-1.0678610169491525	0.005790105016202303	0.08553403953812092	74.57566205639448	74.65222715054122	7.322444299746424	76.54046359967457	74.97891130243717	8.285987339013225
-2.237313559322034	-1.0170152542372881	0.005790105016202303	0.09615785031346677	74.57566205639448	74.65222715054122	7.322444299746424	76.52164994975799	75.05523516607042	8.248190805675845
-2.237313559322034	-0.9661694915254238	0.005790105016202303	0.10810119838647589	74.57566205639448	74.65222715054122	7.322444299746424	76.49337637408009	75.12000187207208	8.209006581451813
-2.237313559322034	-0.9153237288135593	0.005790105016202303	0.1215279777417781	74.57566205639448	74.65222715054122	7.322444299746424	76.45563565189642	75.17307806819413	8.1682562391605
-2.237313559322034	-0.8644779661016949	0.005790105016202303	0.13662243892250697	74.57566205639448	74.65222715054122	7.322444299746424	76.4083011368153	75.21416779919512	8.126861824670998
-2.237313559322034	-0.8136322033898306	0.005790105016202303	0.15359171742983244	74.57566205639448	74.65222715054122	7.322444299746424	76.35226949856983	75.24396750759624	8.08445776748451
-2.237313559322034	-0.7627864406779661	0.005790105016202303	0.17266867616399467	74.57566205639448	74.65222715054122	7.322444299746424	76.28830828201605	75.26302734304463	8.041563992383162
-2.237313559322034	-0.7119406779661017	0.005790105016202303	0.19411510091256737	74.57566205639448	74.65222715054122	7.322444299746424	76.21739879816514	75.27210793506443	7.998739778634334
-2.237313559322034	-0.6610949152542372	0.005790105016202303	0.21822529273641061	74.57566205639448	74.65222715054122	7.322444299746424	76.14087719280677	75.27233460995271	7.956139827433649
-2.237313559322034	-0.6102491525423729	0.005790105016202303	0.24533010655024695	74.57566205639448	74.65222715054122	7.322444299746424	76.06023425509252	75.26500889739629	7.9137635264579345
-2.237313559322034	-0.5594033898305085	0.005790105016202303	0.2758014913177542	74.57566205639448	74.65222715054122	7.322444299746424	75.9766427524286	75.2511452093025	7.872252857279405
-2.237313559322034	-0.508557627118644	0.005790105016202303	0.3100575941645296	74.57566205639448	74.65222715054122	7.322444299746424	75.89134353988281	75.2318632439273	7.832004798738898
-2.237313559322034	-0.45771186440677963	0.005790105016202303	0.34856849845071003	74.57566205639448	74.65222715054122	7.322444299746424	75.8053677695279	75.20811467381705	7.793623136146311
-2.237313559322034	-0.40686610169491527	0.005790105016202303	0.39186267454461904	74.57566205639448	74.65222715054122	7.322444299746424	75.72032822456596	75.18147548612374	7.7562731661771975
-2.237313559322034	-0.35602033898305085	0.005790105016202303	0.4405342318189317	74.57566205639448	74.65222715054122	7.322444299746424	75.63680313741087	75.15252924481146	7.720863416153029
-2.237313559322034	-0.30517457627118644	0.005790105016202303	0.49525107138571994	74.57566205639448	74.65222715054122	7.322444299746424	75.55576965201703	75.12229799339043	7.687158140914248
-2.237313559322034	-0.254328813559322	0.005790105016202303	0.5567640514472341	74.57566205639448	74.65222715054122	7.322444299746424	75.47770474006498	75.09133925653512	7.655576960287617
-2.237313559322034	-0.20348305084745763	0.005790105016202303	0.6259172910350144	74.57566205639448	74.65222715054122	7.322444299746424	75.40323097279487	75.06038672415595	7.625910705208282
-2.237313559322034	-0.1526372881355932	0.005790105016202303	0.7036597535315913	74.57566205639448	74.65222715054122	7.322444299746424	75.33253470858865	75.02976352934245	7.598514826979212
-2.237313559322034	-0.10179152542372881	0.005790105016202303	0.7910582689310004	74.57566205639448	74.65222715054122	7.322444299746424	75.26615606568954	75.00016647935655	7.5727583947312995
-2.237313559322034	-0.050945762711864406	0.005790105016202303	0.8893121735375996	74.57566205639448	74.65222715054122	7.322444299746424	75.20389976419159	74.97157179785418	7.549241164618021
-2.237313559322034	-0.0001	0.005790105016202303	0.9997697679981565	74.57566205639448	74.65222715054122	7.322444299746424	75.14624516695639	74.94464013716984	7.52700913412022
-2.1864677966101693	-3.0	0.006509268759592433	0.001	74.57566205639448	74.65222715054122	7.322444299746424	76.07522368313337	74.39938222374518	7.846830821622267
-2.1864677966101693	-2.9491542372881354	0.006509268759592433	0.001124205647631211	74.57566205639448	74.65222715054122	7.322444299746424	76.1991179332862	74.36933165208447	7.89618107038205
-2.1864677966101693	-2.8983084745762713	0.006509268759592433	0.001263838338165909	74.57566205639448	74.65222715054122	7.322444299746424	76.32616528098906	74.33612700907105	7.9482547337273175
-2.1864677966101693	-2.8474627118644067	0.006509268759592433	0.0014208141974589592	74.57566205639448	74.65222715054122	7.322444299746424	76.4549590156293	74.29965658582721	8.0026142875222
-2.1864677966101693	-2.7966169491525426	0.006509268759592433	0.0015972873450179669	74.57566205639448	74.65222715054122	7.322444299746424	76.58353930407144	74.25959173823155	8.059217841646475
-2.1864677966101693	-2.745771186440678	0.006509268759592433	0.0017956794541590607	74.57566205639448	74.65222715054122	7.322444299746424	76.70967199875312	74.21567035107839	8.117877250132178
-2.1864677966101693	-2.6949254237288134	0.006509268759592433	0.0020187129837009464	74.57566205639448	74.65222715054122	7.322444299746424	76.8311489297388	74.16798303880128	8.177722204729744
-2.1864677966101693	-2.6440796610169492	0.006509268759592433	0.002269448537223054	74.57566205639448	74.65222715054122	7.322444299746424	76.94539256568423	74.11654195125277	8.238107564272612
-2.1864677966101693	-2.5932338983050847	0.006509268759592433	0.0025513268625545478	74.57566205639448	74.65222715054122	7.322444299746424	77.04959835107337	74.06136176846435	8.298513372216116
-2.1864677966101693	-2.5423881355932205	0.006509268759592433	0.002868216067837038	74.57566205639448	74.65222715054122	7.322444299746424	77.14104992930609	74.00268746106576	8.358155993610803
-2.1864677966101693	-2.491542372881356	0.006509268759592433	0.0032244647020889827	74.57566205639448	74.65222715054122	7.322444299746424	77.21740143095073	73.94116382508899	8.415727947983902
-2.1864677966101693	-2.4406966101694914	0.006509268759592433	0.003624961428675924	74.57566205639448	74.65222715054122	7.322444299746424	77.27601028817797	73.87703519550581	8.471080219036265
-2.1864677966101693	-2.389850847457627	0.006509268759592433	0.0040752021105627725	74.57566205639448	74.65222715054122	7.322444299746424	77.31534072306437	73.81140334177927	8.52278162439821
-2.1864677966101693	-2.3390050847457626	0.006509268759592433	0.004581365227933299	74.57566205639448	74.65222715054122	7.322444299746424	77.33412571366125	73.74524144379389	8.570162022989114
-2.1864677966101693	-2.2881593220338985	0.006509268759592433	0.00515039666310386	74.57566205639448	74.65222715054122	7.322444299746424	77.33182556626615	73.6797173358156	8.612707332343726
-2.1864677966101693	-2.237313559322034	0.006509268759592433	0.005790105016202303	74.57566205639448	74.65222715054122	7.322444299746424	77.30899665760305	73.6164519844346	8.649560412019207
-2.1864677966101693	-2.1864677966101693	0.006509268759592433	0.006509268759592433	74.57566205639448	74.65222715054122	7.322444299746424	77.2669689106185	73.55712564860326	8.680286141064718
-2.1864677966101693	-2.135622033898305	0.006509268759592433	0.007317756701483213	74.57566205639448	74.65222715054122	7.322444299746424	77.20791944100078	73.50352911639467	8.704699462977143
-2.1864677966101693	-2.0847762711864406	0.006509268759592433	0.00822666341179857	74.57566205639448	74.65222715054122	7.322444299746424	77.13475064983581	73.45747095261942	8.722940068884824
-2.1864677966101693	-2.0339305084745765	0.006509268759592433	0.009248461468704988	74.57566205639448	74.65222715054122	7.322444299746424	77.05124658927427	73.42101580319483	8.734835356393463
-2.1864677966101693	-1.9830847457627119	0.006509268759592433	0.010397172615017792	74.57566205639448	74.65222715054122	7.322444299746424	76.96121309839148	73.39574892301752	8.741182228018163
-2.1864677966101693	-1.9322389830508475	0.006509268759592433	0.011688560173199561	74.57566205639448	74.65222715054122	7.322444299746424	76.8693040613767	73.3837573433142	8.741567924621263
-2.1864677966101693	-1.8813932203389832	0.006509268759592433	0.013140345359388184	74.57566205639448	74.65222715054122	7.322444299746424	76.77929410979651	73.38607017051889	8.73726900105879
-2.1864677966101693	-1.8305474576271186	0.006509268759592433	0.014772450464848772	74.57566205639448	74.65222715054122	7.322444299746424	76.69510758731678	73.40385275416132	8.728656024526668
-2.1864677966101693	-1.7797016949152542	0.006509268759592433	0.016607272241935287	74.57566205639448	74.65222715054122	7.322444299746424	76.619894996222	73.43762947106781	8.716559040249075
-2.1864677966101693	-1.7288559322033898	0.006509268759592433	0.01866998924613268	74.57566205639448	74.65222715054122	7.322444299746424	76.55626122186457	73.487628422485	8.701438757540599
-2.1864677966101693	-1.6780101694915255	0.006509268759592433	0.020988907351716324	74.57566205639448	74.65222715054122	7.322444299746424	76.50594247498461	73.55353924422965	8.68378143410164
-2.1864677966101693	-1.6271644067796611	0.006509268759592433	0.023595848182407723	74.57566205639448	74.65222715054122	7.322444299746424	76.46963337054319	73.63438311022443	8.664317831970486
-2.1864677966101693	-1.5763186440677965	0.006509268759592433	0.026526585787311405	74.57566205639448	74.65222715054122	7.322444299746424	76.4472568596054	73.72879266409159	8.643492103477088
-2.1864677966101693	-1.5254728813559322	0.006509268759592433	0.02982133755446928	74.57566205639448	74.65222715054122	7.322444299746424	76.43809838850156	73.83512623830052	8.62130784745575
-2.1864677966101693	-1.4746271186440678	0.006509268759592433	0.03352531609865107	74.57566205639448	74.65222715054122	7.322444299746424	76.44088862051939	73.95151062627602	8.597373955001348
-2.1864677966101693	-1.4237813559322035	0.006509268759592433	0.03768934969672507	74.57566205639448	74.65222715054122	7.322444299746424	76.45298096026663	74.07496515725141	8.572820848950979
-2.1864677966101693	-1.372935593220339	0.006509268759592433	0.04237057978460597	74.57566205639448	74.65222715054122	7.322444299746424	76.47234627776434	74.20333699673867	8.546636940178631
-2.1864677966101693	-1.3220898305084745	0.006509268759592433	0.04763324508726285	74.57566205639448	74.65222715054122	7.322444299746424	76.49587895916976	74.33354720954407	8.519389177960331
-2.1864677966101693	-1.2712440677966101	0.006509268759592433	0.0535495631421025	74.57566205639448	74.65222715054122	7.322444299746424	76.52099769316368	74.46313515588896	8.490376835975875
-2.1864677966101693	-1.2203983050847458	0.006509268759592433	0.060200721312535725	74.57566205639448	74.65222715054122	7.322444299746424	76.54459311037348	74.58915701027989	8.460052595494597
-2.1864677966101693	-1.1695525423728814	0.006509268759592433	0.06767799089102523	74.57566205639448	74.65222715054122	7.322444299746424	76.56436477001677	74.70948145778495	8.427649421462009
-2.1864677966101693	-1.118706779661017	0.006509268759592433	0.07608397958002418	74.57566205639448	74.65222715054122	7.322444299746424	76.57765957082924	74.82159716866248	8.393757739407887
-2.1864677966101693	-1.0678610169491525	0.006509268759592433	0.08553403953812092	74.57566205639448	74.65222715054122	7.322444299746424	76.58295674791138	74.92407498776198	8.357543831580006
-2.1864677966101693	-1.0170152542372881	0.006509268759592433	0.09615785031346677	74.57566205639448	74.65222715054122	7.322444299746424	76.57856535517394	75.01525260981893	8.319505107343877
-2.1864677966101693	-0.9661694915254238	0.006509268759592433	0.10810119838647589	74.57566205639448	74.65222715054122	7.322444299746424	76.56351548113643	75.09412008485721	8.279750316785487
-2.1864677966101693	-0.9153237288135593	0.006509268759592433	0.1215279777417781	74.57566205639448	74.65222715054122	7.322444299746424	76.53735179488062	75.16011565706246	8.238432393726656
-2.1864677966101693	-0.8644779661016949	0.006509268759592433	0.13662243892250697	74.57566205639448	74.65222715054122	7.322444299746424	76.50036044716454	75.21336057558108	8.19523565988789
-2.1864677966101693	-0.8136322033898306	0.006509268759592433	0.15359171742983244	74.57566205639448	74.65222715054122	7.322444299746424	76.45248180722568	75.2535827299351	8.151459138060801
-2.1864677966101693	-0.7627864406779661	0.006509268759592433	0.17266867616399467	74.57566205639448	74.65222715054122	7.322444299746424	76.39492115585006	75.28174324823003	8.106649626520722
-2.1864677966101693	-0.7119406779661017	0.006509268759592433	0.19411510091256737	74.57566205639448	74.65222715054122	7.322444299746424	76.32859352114572	75.2984961610598	8.061550472760995
-2.1864677966101693	-0.6610949152542372	0.006509268759592433	0.21822529273641061	74.57566205639448	74.65222715054122	7.322444299746424	76.25490762859484	75.30498875030777	8.016350881283694
-2.1864677966101693	-0.6102491525423729	0.006509268759592433	0.24533010655024695	74.57566205639448	74.65222715054122	7.322444299746424	76.17532256620666	75.30243259830932	7.971394312188526
-2.1864677966101693	-0.5594033898305085	0.006509268759592433	0.2758014913177542	74.57566205639448	74.65222715054122	7.322444299746424	76.09119106870307	75.29195915324087	7.927323015970137
-2.1864677966101693	-0.508557627118644	0.006509268759592433	0.3100575941645296	74.57566205639448	74.65222715054122	7.322444299746424	76.00417021459762	75.27504036604556	7.884113305604069
-2.1864677966101693	-0.45771186440677963	0.006509268759592433	0.34856849845071003	74.57566205639448	74.65222715054122	7.322444299746424	75.91562129396779	75.25289497001216	7.842150327193501
-2.1864677966101693	-0.40686610169491527	0.006509268759592433	0.39186267454461904	74.57566205639448	74.65222715054122	7.322444299746424	75.82647671670894	75.22635917671155	7.802404748368755
-2.1864677966101693	-0.35602033898305085	0.006509268759592433	0.4405342318189317	74.57566205639448	74.65222715054122	7.322444299746424	75.73874725081679	75.19739516333702	7.763350399626894
-2.1864677966101693	-0.30517457627118644	0.006509268759592433	0.49525107138571994	74.57566205639448	74.65222715054122	7.322444299746424	75.65244320892172	75.16601031361502	7.727091446873545
-2.1864677966101693	-0.254328813559322	0.006509268759592433	0.5567640514472341	74.57566205639448	74.65222715054122	7.322444299746424	75.56908047533429	75.13376061877308	7.69233661316219
-2.1864677966101693	-0.20348305084745763	0.006509268759592433	0.6259172910350144	74.57566205639448	74.65222715054122	7.322444299746424	75.48884947459	75.10091450125182	7.660065781287757
-2.1864677966101693	-0.1526372881355932	0.006509268759592433	0.7036597535315913	74.57566205639448	74.65222715054122	7.322444299746424	75.41260193617353	75.0684346380816	7.62957935444001
-2.1864677966101693	-0.10179152542372881	0.006509268759592433	0.7910582689310004	74.57566205639448	74.65222715054122	7.322444299746424	75.34043354272768	75.03655435285742	7.601367445157401
-2.1864677966101693	-0.050945762711864406	0.006509268759592433	0.8893121735375996	74.57566205639448	74.65222715054122	7.322444299746424	75.27267852741261	75.0057664233783	7.575155495520065
-2.1864677966101693	-0.0001	0.006509268759592433	0.9997697679981565	74.57566205639448	74.65222715054122	7.322444299746424	75.20932273366128	74.9762307408349	7.551121935341184
-2.135622033898305	-3.0	0.007317756701483213	0.001	74.57566205639448	74.65222715054122	7.322444299746424	76.02607868056079	74.41923024537454	7.837290640089955
-2.135622033898305	-2.9491542372881354	0.007317756701483213	0.001124205647631211	74.57566205639448	74.65222715054122	7.322444299746424	76.14769429702392	74.39007665146296	7.886465914724308
-2.135622033898305	-2.8983084745762713	0.007317756701483213	0.001263838338165909	74.57566205639448	74.65222715054122	7.322444299746424	76.27279302343149	74.35759401410061	7.9384378177133845
-2.135622033898305	-2.8474627118644067	0.007317756701483213	0.0014208141974589592	74.57566205639448	74.65222715054122	7.322444299746424	76.39980204556107	74.32135720935878	7.993271129447864
-2.135622033898305	-2.7966169491525426	0.007317756701483213	0.0015972873450179669	74.57566205639448	74.65222715054122	7.322444299746424	76.52695769762012	74.28108129325122	8.05068554026734
-2.135622033898305	-2.745771186440678	0.007317756701483213	0.0017956794541590607	74.57566205639448	74.65222715054122	7.322444299746424	76.65235925231424	74.23668676922534	8.109947481285008
-2.135622033898305	-2.6949254237288134	0.007317756701483213	0.0020187129837009464	74.57566205639448	74.65222715054122	7.322444299746424	76.77323486369177	74.18756111775814	8.171388177207152
-2.135622033898305	-2.6440796610169492	0.007317756701483213	0.002269448537223054	74.57566205639448	74.65222715054122	7.322444299746424	76.88769756612128	74.13428870935847	8.232987039614493
-2.135622033898305	-2.5932338983050847	0.007317756701483213	0.0025513268625545478	74.57566205639448	74.65222715054122	7.322444299746424	76.99241883053871	74.07627478411666	8.295190030650286
-2.135622033898305	-2.5423881355932205	0.007317756701483213	0.002868216067837038	74.57566205639448	74.65222715054122	7.322444299746424	77.0846033119019	74.01364335795894	8.35719125872083
-2.135622033898305	-2.491542372881356	0.007317756701483213	0.0032244647020889827	74.57566205639448	74.65222715054122	7.322444299746424	77.16171823734781	73.94686406027289	8.417767935086234
-2.135622033898305	-2.4406966101694914	0.007317756701483213	0.003624961428675924	74.57566205639448	74.65222715054122	7.322444299746424	77.22121569912103	73.8763481103463	8.476186519237606
-2.135622033898305	-2.389850847457627	0.007317756701483213	0.0040752021105627725	74.57566205639448	74.65222715054122	7.322444299746424	77.26118753954512	73.80295933243153	8.531278846035365
-2.135622033898305	-2.3390050847457626	0.007317756701483213	0.004581365227933299	74.57566205639448	74.65222715054122	7.322444299746424	77.28005724533371	73.72755608610174	8.582445801547065
-2.135622033898305	-2.2881593220338985	0.007317756701483213	0.00515039666310386	74.57566205639448	74.65222715054122	7.322444299746424	77.27709405241079	73.65136046408813	8.628992562604353
-2.135622033898305	-2.237313559322034	0.007317756701483213	0.005790105016202303	74.57566205639448	74.65222715054122	7.322444299746424	77.25263713101161	73.57605769093426	8.669968654627068
-2.135622033898305	-2.1864677966101693	0.007317756701483213	0.006509268759592433	74.57566205639448	74.65222715054122	7.322444299746424	77.20781491187678	73.50342462813255	8.704908131532445
-2.135622033898305	-2.135622033898305	0.007317756701483213	0.007317756701483213	74.57566205639448	74.65222715054122	7.322444299746424	77.14486928524933	73.43560923622265	8.733221228910867
-2.135622033898305	-2.0847762711864406	0.007317756701483213	0.00822666341179857	74.57566205639448	74.65222715054122	7.322444299746424	77.06648671251831	73.3744694255931	8.755404966518034
-2.135622033898305	-2.0339305084745765	0.007317756701483213	0.009248461468704988	74.57566205639448	74.65222715054122	7.322444299746424	76.97665491670418	73.3224919565897	8.771046790619
-2.135622033898305	-1.9830847457627119	0.007317756701483213	0.010397172615017792	74.57566205639448	74.65222715054122	7.322444299746424	76.87944869247157	73.28168859483768	8.780822078774989
-2.135622033898305	-1.9322389830508475	0.007317756701483213	0.011688560173199561	74.57566205639448	74.65222715054122	7.322444299746424	76.7796017708242	73.25431515817895	8.784814849140941
-2.135622033898305	-1.8813932203389832	0.007317756701483213	0.013140345359388184	74.57566205639448	74.65222715054122	7.322444299746424	76.68184608431828	73.24237928856769	8.78324276157333
-2.135622033898305	-1.8305474576271186	0.007317756701483213	0.014772450464848772	74.57566205639448	74.65222715054122	7.322444299746424	76.59018722773465	73.24708754041266	8.777304114662615
-2.135622033898305	-1.7797016949152542	0.007317756701483213	0.016607272241935287	74.57566205639448	74.65222715054122	7.322444299746424	76.5084971152088	73.26959674390888	8.767448734692897
-2.135622033898305	-1.7288559322033898	0.007317756701483213	0.01866998924613268	74.57566205639448	74.65222715054122	7.322444299746424	76.4397913591043	73.31042395960004	8.754364036558368
-2.135622033898305	-1.6780101694915255	0.007317756701483213	0.020988907351716324	74.57566205639448	74.65222715054122	7.322444299746424	76.38622636711744	73.36954027531071	8.738657441416843
-2.135622033898305	-1.6271644067796611	0.007317756701483213	0.023595848182407723	74.57566205639448	74.65222715054122	7.322444299746424	76.34892416618372	73.44625537460897	8.721010122684534
-2.135622033898305	-1.5763186440677965	0.007317756701483213	0.026526585787311405	74.57566205639448	74.65222715054122	7.322444299746424	76.32824249942784	73.53950946290368	8.701599381012041
-2.135622033898305	-1.5254728813559322	0.007317756701483213	0.02982133755446928	74.57566205639448	74.65222715054122	7.322444299746424	76.32338124715109	73.64747065772863	8.680959037968565
-2.135622033898305	-1.4746271186440678	0.007317756701483213	0.03352531609865107	74.57566205639448	74.65222715054122	7.322444299746424	76.33304728710831	73.7681655968008	8.658845596501534
-2.135622033898305	-1.4237813559322035	0.007317756701483213	0.03768934969672507	74.57566205639448	74.65222715054122	7.322444299746424	76.35484459144301	73.89881935799126	8.63572778732088
-2.135622033898305	-1.372935593220339	0.007317756701483213	0.04237057978460597	74.57566205639448	74.65222715054122	7.322444299746424	76.38606832436938	74.03658932392565	8.61154071619906
-2.135622033898305	-1.3220898305084745	0.007317756701483213	0.04763324508726285	74.57566205639448	74.65222715054122	7.322444299746424	76.42408458057089	74.17888249005728	8.585287081570163
-2.135622033898305	-1.2712440677966101	0.007317756701483213	0.0535495631421025	74.57566205639448	74.65222715054122	7.322444299746424	76.4651258081441	74.32209018096994	8.557833433632222
-2.135622033898305	-1.2203983050847458	0.007317756701483213	0.060200721312535725	74.57566205639448	74.65222715054122	7.322444299746424	76.50604330827255	74.46328552252771	8.528768018903806
-2.135622033898305	-1.1695525423728814	0.007317756701483213	0.06767799089102523	74.57566205639448	74.65222715054122	7.322444299746424	76.54382525105686	74.59969446482933	8.497716958407194
-2.135622033898305	-1.118706779661017	0.007317756701483213	0.07608397958002418	74.57566205639448	74.65222715054122	7.322444299746424	76.57578027510014	74.7288410395968	8.464276735975627
-2.135622033898305	-1.0678610169491525	0.007317756701483213	0.08553403953812092	74.57566205639448	74.65222715054122	7.322444299746424	76.59907032386228	74.84805179092974	8.429200058307726
-2.135622033898305	-1.0170152542372881	0.007317756701483213	0.09615785031346677	74.57566205639448	74.65222715054122	7.322444299746424	76.61232501231164	74.95605103183176	8.391348061476178
-2.135622033898305	-0.9661694915254238	0.007317756701483213	0.10810119838647589	74.57566205639448	74.65222715054122	7.322444299746424	76.61353110796749	75.05084043422406	8.352031246288915
-2.135622033898305	-0.9153237288135593	0.007317756701483213	0.1215279777417781	74.57566205639448	74.65222715054122	7.322444299746424	76.6026348736279	75.13229914505209	8.309849436050982
-2.135622033898305	-0.8644779661016949	0.007317756701483213	0.13662243892250697	74.57566205639448	74.65222715054122	7.322444299746424	76.57856997247889	75.19921737885834	8.266612342817497
-2.135622033898305	-0.8136322033898306	0.007317756701483213	0.15359171742983244	74.57566205639448	74.65222715054122	7.322444299746424	76.54193164015852	75.2519809754376	8.221900409219225
-2.135622033898305	-0.7627864406779661	0.007317756701483213	0.17266867616399467	74.57566205639448	74.65222715054122	7.322444299746424	76.49395262888395	75.29156254294007	8.174982544858203
-2.135622033898305	-0.7119406779661017	0.007317756701483213	0.19411510091256737	74.57566205639448	74.65222715054122	7.322444299746424	76.43487429357796	75.31790976858852	8.127898028882838
-2.135622033898305	-0.6610949152542372	0.007317756701483213	0.21822529273641061	74.57566205639448	74.65222715054122	7.322444299746424	76.3664028178279	75.33242001846429	8.080347292446836
-2.135622033898305	-0.6102491525423729	0.007317756701483213	0.24533010655024695	74.57566205639448	74.65222715054122	7.322444299746424	76.28993164180743	75.3361804716069	8.033044645131293
-2.135622033898305	-0.5594033898305085	0.007317756701483213	0.2758014913177542	74.57566205639448	74.65222715054122	7.322444299746424	76.20714749721546	75.33058990801085	7.986312443384852
-2.135622033898305	-0.508557627118644	0.007317756701483213	0.3100575941645296	74.57566205639448	74.65222715054122	7.322444299746424	76.11988227248878	75.31722407727051	7.940199208443842
-2.135622033898305	-0.45771186440677963	0.007317756701483213	0.34856849845071003	74.57566205639448	74.65222715054122	7.322444299746424	76.02974409878279	75.29747649923245	7.895067066026085
-2.135622033898305	-0.40686610169491527	0.007317756701483213	0.39186267454461904	74.57566205639448	74.65222715054122	7.322444299746424	75.93798768097312	75.27243595438931	7.851729478102429
-2.135622033898305	-0.35602033898305085	0.007317756701483213	0.4405342318189317	74.57566205639448	74.65222715054122	7.322444299746424	75.84618778587915	75.24356283136089	7.810025868117448
-2.135622033898305	-0.30517457627118644	0.007317756701483213	0.49525107138571994	74.57566205639448	74.65222715054122	7.322444299746424	75.75542910604851	75.21187960219628	7.770378032778954
-2.135622033898305	-0.254328813559322	0.007317756701483213	0.5567640514472341	74.57566205639448	74.65222715054122	7.322444299746424	75.66696916442298	75.178631882477	7.732443757864087
-2.135622033898305	-0.20348305084745763	0.007317756701483213	0.6259172910350144	74.57566205639448	74.65222715054122	7.322444299746424	75.58128442911438	75.14433021932282	7.69701998543848
-2.135622033898305	-0.1526372881355932	0.007317756701483213	0.7036597535315913	74.57566205639448	74.65222715054122	7.322444299746424	75.49912802624009	75.10980262108357	7.663944407357511
-2.135622033898305	-0.10179152542372881	0.007317756701483213	0.7910582689310004	74.57566205639448	74.65222715054122	7.322444299746424	75.42114411939309	75.07580302341763	7.6328980633431796
-2.135622033898305	-0.050945762711864406	0.007317756701483213	0.8893121735375996	74.57566205639448	74.65222715054122	7.322444299746424	75.3477013233493	75.04283801422058	7.603774703336396
-2.135622033898305	-0.0001	0.007317756701483213	0.9997697679981565	74.57566205639448	74.65222715054122	7.322444299746424	75.27850359732093	75.01077154673052	7.577505786953012
-2.0847762711864406	-3.0	0.00822666341179857	0.001	74.57566205639448	74.65222715054122	7.322444299746424	75.97574191309391	74.44078774992727	7.826552977030023
-2.0847762711864406	-2.9491542372881354	0.00822666341179857	0.001124205647631211	74.57566205639448	74.65222715054122	7.322444299746424	76.09472256524741	74.41290349584004	7.875226881514706
-2.0847762711864406	-2.8983084745762713	0.00822666341179857	0.001263838338165909	74.57566205639448	74.65222715054122	7.322444299746424	76.21724602721056	74.38136231364729	7.927143502114802
-2.0847762711864406	-2.8474627118644067	0.00822666341179857	0.0014208141974589592	74.57566205639448	74.65222715054122	7.322444299746424	76.34195142737487	74.34580853910015	7.982106983224204
-2.0847762711864406	-2.7966169491525426	0.00822666341179857	0.0015972873450179669	74.57566205639448	74.65222715054122	7.322444299746424	76.4672417793414	74.30597222314968	8.039658889037373
-2.0847762711864406	-2.745771186440678	0.00822666341179857	0.0017956794541590607	74.57566205639448	74.65222715054122	7.322444299746424	76.59102492010051	74.2614278657092	8.099577523622898
-2.0847762711864406	-2.6949254237288134	0.00822666341179857	0.0020187129837009464	74.57566205639448	74.65222715054122	7.322444299746424	76.71093245088666	74.21181602630567	8.161475680332869
-2.0847762711864406	-2.6440796610169492	0.00822666341179857	0.002269448537223054	74.57566205639448	74.65222715054122	7.322444299746424	76.82440754201875	74.15691556093584	8.2246995176201
-2.0847762711864406	-2.5932338983050847	0.00822666341179857	0.0025513268625545478	74.57566205639448	74.65222715054122	7.322444299746424	76.92873951020559	74.09663878689835	8.288406808030798
-2.0847762711864406	-2.5423881355932205	0.00822666341179857	0.002868216067837038	74.57566205639448	74.65222715054122	7.322444299746424	77.02075317840084	74.03065632811264	8.352401391879871
-2.0847762711864406	-2.491542372881356	0.00822666341179857	0.0032244647020889827	74.57566205639448	74.65222715054122	7.322444299746424	77.09786381751046	73.95935965448386	8.415307420571692
-2.0847762711864406	-2.4406966101694914	0.00822666341179857	0.003624961428675924	74.57566205639448	74.65222715054122	7.322444299746424	77.15737832404629	73.88304441899632	8.47631426640482
-2.0847762711864406	-2.389850847457627	0.00822666341179857	0.0040752021105627725	74.57566205639448	74.65222715054122	7.322444299746424	77.19699231282134	73.80226986494564	8.534577205332592
-2.0847762711864406	-2.3390050847457626	0.00822666341179857	0.004581365227933299	74.57566205639448	74.65222715054122	7.322444299746424	77.21500539802659	73.71792367477704	8.58919934977542
-2.0847762711864406	-2.2881593220338985	0.00822666341179857	0.00515039666310386	74.57566205639448	74.65222715054122	7.322444299746424	77.21048464221053	73.63123509324421	8.639308833129098
-2.0847762711864406	-2.237313559322034	0.00822666341179857	0.005790105016202303	74.57566205639448	74.65222715054122	7.322444299746424	77.1834320130041	73.54380641918661	8.684057658038682
-2.0847762711864406	-2.1864677966101693	0.00822666341179857	0.006509268759592433	74.57566205639448	74.65222715054122	7.322444299746424	77.13478228004031	73.45750260748406	8.72287649881938
-2.0847762711864406	-2.135622033898305	0.00822666341179857	0.007317756701483213	74.57566205639448	74.65222715054122	7.322444299746424	77.0664359994527	73.37441864864195	8.755506708527836
-2.0847762711864406	-2.0847762711864406	0.00822666341179857	0.00822666341179857	74.57566205639448	74.65222715054122	7.322444299746424	76.98147200873714	73.297078030023	8.78150848315516
-2.0847762711864406	-2.0339305084745765	0.00822666341179857	0.009248461468704988	74.57566205639448	74.65222715054122	7.322444299746424	76.88363852056276	73.22796384757882	8.801047056687885
-2.0847762711864406	-1.9830847457627119	0.00822666341179857	0.010397172615017792	74.57566205639448	74.65222715054122	7.322444299746424	76.77753819857287	73.1697982773634	8.814108298819594
-2.0847762711864406	-1.9322389830508475	0.00822666341179857	0.011688560173199561	74.57566205639448	74.65222715054122	7.322444299746424	76.66801953374636	73.12506922120717	8.82118601312271
-2.0847762711864406	-1.8813932203389832	0.00822666341179857	0.013140345359388184	74.57566205639448	74.65222715054122	7.322444299746424	76.56016265193232	73.09618177309582	8.822676463101711
-2.0847762711864406	-1.8305474576271186	0.00822666341179857	0.014772450464848772	74.57566205639448	74.65222715054122	7.322444299746424	76.45860268508557	73.0849567518814	8.819585453985297
-2.0847762711864406	-1.7797016949152542	0.00822666341179857	0.016607272241935287	74.57566205639448	74.65222715054122	7.322444299746424	76.36793945172306	73.09320908970616	8.812080467345439
-2.0847762711864406	-1.7288559322033898	0.00822666341179857	0.01866998924613268	74.57566205639448	74.65222715054122	7.322444299746424	76.2915050458062	73.12166240835235	8.801420327551128
-2.0847762711864406	-1.6780101694915255	0.00822666341179857	0.020988907351716324	74.57566205639448	74.65222715054122	7.322444299746424	76.23231590860672	73.17101467036878	8.78763511605701
-2.0847762711864406	-1.6271644067796611	0.00822666341179857	0.023595848182407723	74.57566205639448	74.65222715054122	7.322444299746424	76.19173116473102	73.24067234915827	8.771944479680478
-2.0847762711864406	-1.5763186440677965	0.00822666341179857	0.026526585787311405	74.57566205639448	74.65222715054122	7.322444299746424	76.17059203914867	73.32992680072823	8.75436107941802
-2.0847762711864406	-1.5254728813559322	0.00822666341179857	0.02982133755446928	74.57566205639448	74.65222715054122	7.322444299746424	76.16829671550077	73.43703174262818	8.735580094163227
-2.0847762711864406	-1.4746271186440678	0.00822666341179857	0.03352531609865107	74.57566205639448	74.65222715054122	7.322444299746424	76.18367473559856	73.56005147563924	8.715380868404386
-2.0847762711864406	-1.4237813559322035	0.00822666341179857	0.03768934969672507	74.57566205639448	74.65222715054122	7.322444299746424	76.21430268187513	73.6961305552128	8.694272673195941
-2.0847762711864406	-1.372935593220339	0.00822666341179857	0.04237057978460597	74.57566205639448	74.65222715054122	7.322444299746424	76.25767843607419	73.84260972713568	8.67147901938098
-2.0847762711864406	-1.3220898305084745	0.00822666341179857	0.04763324508726285	74.57566205639448	74.65222715054122	7.322444299746424	76.3100763300483	73.99581659857238	8.647620590159379
-2.0847762711864406	-1.2712440677966101	0.00822666341179857	0.0535495631421025	74.57566205639448	74.65222715054122	7.322444299746424	76.3680711811637	74.15252557302115	8.622079701660795
-2.0847762711864406	-1.2203983050847458	0.00822666341179857	0.060200721312535725	74.57566205639448	74.65222715054122	7.322444299746424	76.42785229842785	74.30921156734382	8.594787478014261
-2.0847762711864406	-1.1695525423728814	0.00822666341179857	0.06767799089102523	74.57566205639448	74.65222715054122	7.322444299746424	76.48581807108945	74.46259076436895	8.565436139797812
-2.0847762711864406	-1.118706779661017	0.00822666341179857	0.07608397958002418	74.57566205639448	74.65222715054122	7.322444299746424	76.53855067716323	74.60955079213055	8.5338754919885
-2.0847762711864406	-1.0678610169491525	0.00822666341179857	0.08553403953812092	74.57566205639448	74.65222715054122	7.322444299746424	76.58323406743357	74.74753279133822	8.49960289726662
-2.0847762711864406	-1.0170152542372881	0.00822666341179857	0.09615785031346677	74.57566205639448	74.65222715054122	7.322444299746424	76.61698055415754	74.87383239002224	8.463334714973877
-2.0847762711864406	-0.9661694915254238	0.00822666341179857	0.10810119838647589	74.57566205639448	74.65222715054122	7.322444299746424	76.63853481433833	74.98728756771882	8.423773682141384
-2.0847762711864406	-0.9153237288135593	0.00822666341179857	0.1215279777417781	74.57566205639448	74.65222715054122	7.322444299746424	76.64585949912804	75.08585726437623	8.382532033605575
-2.0847762711864406	-0.8644779661016949	0.00822666341179857	0.13662243892250697	74.57566205639448	74.65222715054122	7.322444299746424	76.63908164937042	75.16956910461234	8.338240803681659
-2.0847762711864406	-0.8136322033898306	0.00822666341179857	0.15359171742983244	74.57566205639448	74.65222715054122	7.322444299746424	76.61731347290858	75.23734916826868	8.2928520285097
-2.0847762711864406	-0.7627864406779661	0.00822666341179857	0.17266867616399467	74.57566205639448	74.65222715054122	7.322444299746424	76.58170618066427	75.29008957294567	8.245403880536372
-2.0847762711864406	-0.7119406779661017	0.00822666341179857	0.19411510091256737	74.57566205639448	74.65222715054122	7.322444299746424	76.53281218437945	75.32802918205684	8.197123617075734
-2.0847762711864406	-0.6610949152542372	0.00822666341179857	0.21822529273641061	74.57566205639448	74.65222715054122	7.322444299746424	76.47230857090952	75.35249711174227	8.147767053396244
-2.0847762711864406	-0.6102491525423729	0.00822666341179857	0.24533010655024695	74.57566205639448	74.65222715054122	7.322444299746424	76.4016367351673	75.36457341482401	8.09812102727314
-2.0847762711864406	-0.5594033898305085	0.00822666341179857	0.2758014913177542	74.57566205639448	74.65222715054122	7.322444299746424	76.32258983906169	75.36569622205363	8.04859714977828
-2.0847762711864406	-0.508557627118644	0.00822666341179857	0.3100575941645296	74.57566205639448	74.65222715054122	7.322444299746424	76.23693773817183	75.3573037927852	7.999783571642997
-2.0847762711864406	-0.45771186440677963	0.00822666341179857	0.34856849845071003	74.57566205639448	74.65222715054122	7.322444299746424	76.14666008370077	75.34108193324279	7.951783563427558
-2.0847762711864406	-0.40686610169491527	0.00822666341179857	0.39186267454461904	74.57566205639448	74.65222715054122	7.322444299746424	76.0533388663547	75.31836661815807	7.905287266399144
-2.0847762711864406	-0.35602033898305085	0.00822666341179857	0.4405342318189317	74.57566205639448	74.65222715054122	7.322444299746424	75.95871802821269	75.29071048313769	7.860336322914994
-2.0847762711864406	-0.30517457627118644	0.00822666341179857	0.49525107138571994	74.57566205639448	74.65222715054122	7.322444299746424	75.86410775310279	75.25928976674017	7.817432887077883
-2.0847762711864406	-0.254328813559322	0.00822666341179857	0.5567640514472341	74.57566205639448	74.65222715054122	7.322444299746424	75.7708296065892	75.22534944946057	7.7766096559855455
-2.0847762711864406	-0.20348305084745763	0.00822666341179857	0.6259172910350144	74.57566205639448	74.65222715054122	7.322444299746424	75.67999238997932	75.18997607197805	7.737859261848841
-2.0847762711864406	-0.1526372881355932	0.00822666341179857	0.7036597535315913	74.57566205639448	74.65222715054122	7.322444299746424	75.59227759101245	75.15387865491094	7.701573029743636
-2.0847762711864406	-0.10179152542372881	0.00822666341179857	0.7910582689310004	74.57566205639448	74.65222715054122	7.322444299746424	75.5084447477108	75.11788784406339	7.667553542420257
-2.0847762711864406	-0.050945762711864406	0.00822666341179857	0.8893121735375996	74.57566205639448	74.65222715054122	7.322444299746424	75.42895822870787	75.08257599425308	7.635801755384526
-2.0847762711864406	-0.0001	0.00822666341179857	0.9997697679981565	74.57566205639448	74.65222715054122	7.322444299746424	75.35398041607155	75.04824327834659	7.606576270205866
-2.0339305084745765	-3.0	0.009248461468704988	0.001	74.57566205639448	74.65222715054122	7.322444299746424	75.92519381519868	74.46393309220765	7.814713949321409
-2.0339305084745765	-2.9491542372881354	0.009248461468704988	0.001124205647631211	74.57566205639448	74.65222715054122	7.322444299746424	76.0410895479728	74.43746044009805	7.863029989378142
-2.0339305084745765	-2.8983084745762713	0.009248461468704988	0.001263838338165909	74.57566205639448	74.65222715054122	7.322444299746424	76.16074398071733	74.40726839291038	7.914578970202632
-2.0339305084745765	-2.8474627118644067	0.009248461468704988	0.0014208141974589592	74.57566205639448	74.65222715054122	7.322444299746424	76.28284819487295	74.37291854304726	7.9692197553363915
-2.0339305084745765	-2.7966169491525426	0.009248461468704988	0.0015972873450179669	74.57566205639448	74.65222715054122	7.322444299746424	76.40573235829227	74.33392115453728	8.026788335145007
-2.0339305084745765	-2.745771186440678	0.009248461468704988	0.0017956794541590607	74.57566205639448	74.65222715054122	7.322444299746424	76.52740019577091	74.28979197019672	8.087007693244685
-2.0339305084745765	-2.6949254237288134	0.009248461468704988	0.0020187129837009464	74.57566205639448	74.65222715054122	7.322444299746424	76.64562558216508	74.24015892763306	8.14930145194894
-2.0339305084745765	-2.6440796610169492	0.009248461468704988	0.002269448537223054	74.57566205639448	74.65222715054122	7.322444299746424	76.75770842245873	74.18451028043013	8.21334658148409
-2.0339305084745765	-2.5932338983050847	0.009248461468704988	0.0025513268625545478	74.57566205639448	74.65222715054122	7.322444299746424	76.86085631670129	74.12254823322296	8.278433429223355
-2.0339305084745765	-2.5423881355932205	0.009248461468704988	0.002868216067837038	74.57566205639448	74.65222715054122	7.322444299746424	76.95215047444806	74.05410043106977	8.343730235809398
-2.0339305084745765	-2.491542372881356	0.009248461468704988	0.0032244647020889827	74.57566205639448	74.65222715054122	7.322444299746424	77.02857678295229	73.97907064884991	8.408487346986009
-2.0339305084745765	-2.4406966101694914	0.009248461468704988	0.003624961428675924	74.57566205639448	74.65222715054122	7.322444299746424	77.08730677669922	73.89761213561427	8.471819959715473
-2.0339305084745765	-2.389850847457627	0.009248461468704988	0.0040752021105627725	74.57566205639448	74.65222715054122	7.322444299746424	77.1258025977712	73.81010152261153	8.532894570144116
-2.0339305084745765	-2.3390050847457626	0.009248461468704988	0.004581365227933299	74.57566205639448	74.65222715054122	7.322444299746424	77.14227787699424	73.7174534391088	8.590438010904078
-2.0339305084745765	-2.2881593220338985	0.009248461468704988	0.00515039666310386	74.57566205639448	74.65222715054122	7.322444299746424	77.13530537553295	73.6205748589629	8.643957071164662
-2.0339305084745765	-2.237313559322034	0.009248461468704988	0.005790105016202303	74.57566205639448	74.65222715054122	7.322444299746424	77.10471000521893	73.5211140232971	8.692347150940272
-2.0339305084745765	-2.1864677966101693	0.009248461468704988	0.006509268759592433	74.57566205639448	74.65222715054122	7.322444299746424	77.051240248975	73.4210094275176	8.734848758333188
-2.0339305084745765	-2.135622033898305	0.009248461468704988	0.007317756701483213	74.57566205639448	74.65222715054122	7.322444299746424	76.9765440784441	73.32238110351827	8.771268133132102
-2.0339305084745765	-2.0847762711864406	0.009248461468704988	0.00822666341179857	74.57566205639448	74.65222715054122	7.322444299746424	76.88363741582162	73.22796286943075	8.801047975500994
-2.0339305084745765	-2.0339305084745765	0.009248461468704988	0.009248461468704988	74.57566205639448	74.65222715054122	7.322444299746424	76.77635062057715	73.14056714127483	8.82419147064097
-2.0339305084745765	-1.9830847457627119	0.009248461468704988	0.010397172615017792	74.57566205639448	74.65222715054122	7.322444299746424	76.65947552578403	73.06330660503373	8.840598734377288
-2.0339305084745765	-1.9322389830508475	0.009248461468704988	0.011688560173199561	74.57566205639448	74.65222715054122	7.322444299746424	76.53810678759164	72.99905687321453	8.85086249666396
-2.0339305084745765	-1.8813932203389832	0.009248461468704988	0.013140345359388184	74.57566205639448	74.65222715054122	7.322444299746424	76.41774589781404	72.95071941580196	8.855411699282678
-2.0339305084745765	-1.8305474576271186	0.009248461468704988	0.014772450464848772	74.57566205639448	74.65222715054122	7.322444299746424	76.3037855937111	72.92088036092576	8.854847906124405
-2.0339305084745765	-1.7797016949152542	0.009248461468704988	0.016607272241935287	74.57566205639448	74.65222715054122	7.322444299746424	76.20117729050159	72.91165524836468	8.849913535637944
-2.0339305084745765	-1.7288559322033898	0.009248461468704988	0.01866998924613268	74.57566205639448	74.65222715054122	7.322444299746424	76.11412400304708	72.92454064056962	8.841481618290771
-2.0339305084745765	-1.6780101694915255	0.009248461468704988	0.020988907351716324	74.57566205639448	74.65222715054122	7.322444299746424	76.04602614915687	72.96049014826428	8.830154710797727
-2.0339305084745765	-1.6271644067796611	0.009248461468704988	0.023595848182407723	74.57566205639448	74.65222715054122	7.322444299746424	75.9992685422261	73.01979419672143	8.816332682984294
-2.0339305084745765	-1.5763186440677965	0.009248461468704988	0.026526585787311405	74.57566205639448	74.65222715054122	7.322444299746424	75.97478743359578	73.10170000670031	8.800883028867343
-2.0339305084745765	-1.5254728813559322	0.009248461468704988	0.02982133755446928	74.57566205639448	74.65222715054122	7.322444299746424	75.97262082198532	73.20497756509714	8.7840116007486
-2.0339305084745765	-1.4746271186440678	0.009248461468704988	0.03352531609865107	74.57566205639448	74.65222715054122	7.322444299746424	75.99163414385579	73.32762981974801	8.765927446472315
-2.0339305084745765	-1.4237813559322035	0.009248461468704988	0.03768934969672507	74.57566205639448	74.65222715054122	7.322444299746424	76.0296452039858	73.46697808465574	8.74683027202166
-2.0339305084745765	-1.372935593220339	0.009248461468704988	0.04237057978460597	74.57566205639448	74.65222715054122	7.322444299746424	76.08367365749059	73.6198556330283	8.726753113388895
-2.0339305084745765	-1.3220898305084745	0.009248461468704988	0.04763324508726285	74.57566205639448	74.65222715054122	7.322444299746424	76.1504442349355	73.78304658556992	8.704957708302977
-2.0339305084745765	-1.2712440677966101	0.009248461468704988	0.0535495631421025	74.57566205639448	74.65222715054122	7.322444299746424	76.22548696158307	73.95231957591398	8.682176287340168
-2.0339305084745765	-1.2203983050847458	0.009248461468704988	0.060200721312535725	74.57566205639448	74.65222715054122	7.322444299746424	76.30520216321777	74.12442743660905	8.656940728986108
-2.0339305084745765	-1.1695525423728814	0.009248461468704988	0.06767799089102523	74.57566205639448	74.65222715054122	7.322444299746424	76.38492097156862	74.29510848489471	8.629906329796446
-2.0339305084745765	-1.118706779661017	0.009248461468704988	0.07608397958002418	74.57566205639448	74.65222715054122	7.322444299746424	76.46081574570428	74.46094449145198	8.600451081677114
-2.0339305084745765	-1.0678610169491525	0.009248461468704988	0.08553403953812092	74.57566205639448	74.65222715054122	7.322444299746424	76.52940607477792	74.61882429088773	8.568032587077818
-2.0339305084745765	-1.0170152542372881	0.009248461468704988	0.09615785031346677	74.57566205639448	74.65222715054122	7.322444299746424	76.58709010941868	74.76544107890352	8.533431967579101
-2.0339305084745765	-0.9661694915254238	0.009248461468704988	0.10810119838647589	74.57566205639448	74.65222715054122	7.322444299746424	76.63153058155068	74.89865539780578	8.496213619356377
-2.0339305084745765	-0.9153237288135593	0.009248461468704988	0.1215279777417781	74.57566205639448	74.65222715054122	7.322444299746424	76.66147006592475	75.01729693613868	8.455237145636618
-2.0339305084745765	-0.8644779661016949	0.009248461468704988	0.13662243892250697	74.57566205639448	74.65222715054122	7.322444299746424	76.67527449171257	75.11970406871035	8.411633028704202
-2.0339305084745765	-0.8136322033898306	0.009248461468704988	0.15359171742983244	74.57566205639448	74.65222715054122	7.322444299746424	76.67229296076403	75.20508896602308	8.366054782145715
-2.0339305084745765	-0.7627864406779661	0.009248461468704988	0.17266867616399467	74.57566205639448	74.65222715054122	7.322444299746424	76.65299009919418	75.27368133842687	8.31831004865053
-2.0339305084745765	-0.7119406779661017	0.009248461468704988	0.19411510091256737	74.57566205639448	74.65222715054122	7.322444299746424	76.61817216910387	75.32597313005616	8.268742005492893
-2.0339305084745765	-0.6610949152542372	0.009248461468704988	0.21822529273641061	74.57566205639448	74.65222715054122	7.322444299746424	76.56898680923774	75.36273941058451	8.218015866574719
-2.0339305084745765	-0.6102491525423729	0.009248461468704988	0.24533010655024695	74.57566205639448	74.65222715054122	7.322444299746424	76.50711972782348	75.38525891678796	8.166480871605202
-2.0339305084745765	-0.5594033898305085	0.009248461468704988	0.2758014913177542	74.57566205639448	74.65222715054122	7.322444299746424	76.4343406732234	75.3948832653533	8.114829453869092
-2.0339305084745765	-0.508557627118644	0.009248461468704988	0.3100575941645296	74.57566205639448	74.65222715054122	7.322444299746424	76.35269606601406	75.393251429578	8.063467041324847
-2.0339305084745765	-0.45771186440677963	0.009248461468704988	0.34856849845071003	74.57566205639448	74.65222715054122	7.322444299746424	76.26443953190787	75.38223889700778	8.01243178182771
-2.0339305084745765	-0.40686610169491527	0.009248461468704988	0.39186267454461904	74.57566205639448	74.65222715054122	7.322444299746424	76.1711384744325	75.36307916379423	7.962993492963012
-2.0339305084745765	-0.35602033898305085	0.009248461468704988	0.4405342318189317	74.57566205639448	74.65222715054122	7.322444299746424	76.07503841683588	75.3377386106758	7.914774761005104
-2.0339305084745765	-0.30517457627118644	0.009248461468704988	0.49525107138571994	74.57566205639448	74.65222715054122	7.322444299746424	75.97766417966912	75.30752398385228	7.868444107834447
-2.0339305084745765	-0.254328813559322	0.009248461468704988	0.5567640514472341	74.57566205639448	74.65222715054122	7.322444299746424	75.88054446666877	75.27380956133645	7.824191150793512
-2.0339305084745765	-0.20348305084745763	0.009248461468704988	0.6259172910350144	74.57566205639448	74.65222715054122	7.322444299746424	75.78494549886275	75.23776949428004	7.782230167474151
-2.0339305084745765	-0.1526372881355932	0.009248461468704988	0.7036597535315913	74.57566205639448	74.65222715054122	7.322444299746424	75.6919776678085	75.20048133621813	7.742583095578377
-2.0339305084745765	-0.10179152542372881	0.009248461468704988	0.7910582689310004	74.57566205639448	74.65222715054122	7.322444299746424	75.60239685569533	75.16272108146485	7.7054855945177
-2.0339305084745765	-0.050945762711864406	0.009248461468704988	0.8893121735375996	74.57566205639448	74.65222715054122	7.322444299746424	75.51693067474451	75.12528324319234	7.670780999863599
-2.0339305084745765	-0.0001	0.009248461468704988	0.9997697679981565	74.57566205639448	74.65222715054122	7.322444299746424	75.4359788882261	75.08867333264169	7.638558172212517
-1.9830847457627119	-3.0	0.010397172615017792	0.001	74.57566205639448	74.65222715054122	7.322444299746424	75.8751161088319	74.48835260092737	7.802202875022243
-1.9830847457627119	-2.9491542372881354	0.010397172615017792	0.001124205647631211	74.57566205639448	74.65222715054122	7.322444299746424	75.98783592380126	74.46365933673921	7.849854782347223
-1.9830847457627119	-2.8983084745762713	0.010397172615017792	0.001263838338165909	74.57566205639448	74.65222715054122	7.322444299746424	76.10446053793942	74.43521322460762	7.9007561512325175
-1.9830847457627119	-2.8474627118644067	0.010397172615017792	0.0014208141974589592	74.57566205639448	74.65222715054122	7.322444299746424	76.22356309557722	74.40233244348121	7.955150275236912
-1.9830847457627119	-2.7966169491525426	0.010397172615017792	0.0015972873450179669	74.57566205639448	74.65222715054122	7.322444299746424	76.34371065912592	74.36462423104105	8.012550144318718
-1.9830847457627119	-2.745771186440678	0.010397172615017792	0.0017956794541590607	74.57566205639448	74.65222715054122	7.322444299746424	76.46300152963593	74.3215484597457	8.072622861980282
-1.9830847457627119	-2.6949254237288134	0.010397172615017792	0.0020187129837009464	74.57566205639448	74.65222715054122	7.322444299746424	76.5791574323405	74.27252523331978	8.135001800461117
-1.9830847457627119	-2.6440796610169492	0.010397172615017792	0.002269448537223054	74.57566205639448	74.65222715054122	7.322444299746424	76.68939095144717	74.21680275513417	8.199594612524724
-1.9830847457627119	-2.5932338983050847	0.010397172615017792	0.0025513268625545478	74.57566205639448	74.65222715054122	7.322444299746424	76.79106528603462	74.15409781299209	8.265368471601562
-1.9830847457627119	-2.5423881355932205	0.010397172615017792	0.002868216067837038	74.57566205639448	74.65222715054122	7.322444299746424	76.88099215945303	74.08385061247019	8.331927721023845
-1.9830847457627119	-2.491542372881356	0.010397172615017792	0.0032244647020889827	74.57566205639448	74.65222715054122	7.322444299746424	76.95619905235137	74.00592266205493	8.398232357445352
-1.9830847457627119	-2.4406966101694914	0.010397172615017792	0.003624961428675924	74.57566205639448	74.65222715054122	7.322444299746424	77.01367068466809	73.92024175137925	8.463443670862711
-1.9830847457627119	-2.389850847457627	0.010397172615017792	0.0040752021105627725	74.57566205639448	74.65222715054122	7.322444299746424	77.05069742090906	73.82702823412178	8.526624177932854
-1.9830847457627119	-2.3390050847457626	0.010397172615017792	0.004581365227933299	74.57566205639448	74.65222715054122	7.322444299746424	77.06497696128882	73.72675571019643	8.58697835069738
-1.9830847457627119	-2.2881593220338985	0.010397172615017792	0.00515039666310386	74.57566205639448	74.65222715054122	7.322444299746424	77.05505357109881	73.62043809292051	8.643440168211967
-1.9830847457627119	-2.237313559322034	0.010397172615017792	0.005790105016202303	74.57566205639448	74.65222715054122	7.322444299746424	77.02039371708783	73.50955572218294	8.694951884560831
-1.9830847457627119	-2.1864677966101693	0.010397172615017792	0.006509268759592433	74.57566205639448	74.65222715054122	7.322444299746424	76.96130553893575	73.39584138038028	8.740997094368778
-1.9830847457627119	-2.135622033898305	0.010397172615017792	0.007317756701483213	74.57566205639448	74.65222715054122	7.322444299746424	76.8796199808414	73.28185985698357	8.780479701080942
-1.9830847457627119	-2.0847762711864406	0.010397172615017792	0.00822666341179857	74.57566205639448	74.65222715054122	7.322444299746424	76.77756149273144	73.16982160253937	8.814061903516142
-1.9830847457627119	-2.0339305084745765	0.010397172615017792	0.009248461468704988	74.57566205639448	74.65222715054122	7.322444299746424	76.65946384148991	73.06329475234762	8.840623065585005
-1.9830847457627119	-1.9830847457627119	0.010397172615017792	0.010397172615017792	74.57566205639448	74.65222715054122	7.322444299746424	76.52994276818542	72.96543142150226	8.86059882507746
-1.9830847457627119	-1.9322389830508475	0.010397172615017792	0.011688560173199561	74.57566205639448	74.65222715054122	7.322444299746424	76.39473084642782	72.87990722600834	8.873815696380804
-1.9830847457627119	-1.8813932203389832	0.010397172615017792	0.013140345359388184	74.57566205639448	74.65222715054122	7.322444299746424	76.25943140118719	72.80982241686148	8.881337755024
-1.9830847457627119	-1.8305474576271186	0.010397172615017792	0.014772450464848772	74.57566205639448	74.65222715054122	7.322444299746424	76.13016883437157	72.75852505884788	8.88342867444433
-1.9830847457627119	-1.7797016949152542	0.010397172615017792	0.016607272241935287	74.57566205639448	74.65222715054122	7.322444299746424	76.01242314371639	72.72862578260853	8.881127391337353
-1.9830847457627119	-1.7288559322033898	0.010397172615017792	0.01866998924613268	74.57566205639448	74.65222715054122	7.322444299746424	75.91142927140551	72.72256730637574	8.874736348323836
-1.9830847457627119	-1.6780101694915255	0.010397172615017792	0.020988907351716324	74.57566205639448	74.65222715054122	7.322444299746424	75.8310312219689	72.74162316545608	8.865502341609117
-1.9830847457627119	-1.6271644067796611	0.010397172615017792	0.023595848182407723	74.57566205639448	74.65222715054122	7.322444299746424	75.77442366419892	72.78674938308562	8.853675328054498
-1.9830847457627119	-1.5763186440677965	0.010397172615017792	0.026526585787311405	74.57566205639448	74.65222715054122	7.322444299746424	75.7430695397424	72.85757193425107	8.840379356542973
-1.9830847457627119	-1.5254728813559322	0.010397172615017792	0.02982133755446928	74.57566205639448	74.65222715054122	7.322444299746424	75.73764461194395	72.95336226369989	8.825616225236448
-1.9830847457627119	-1.4746271186440678	0.010397172615017792	0.03352531609865107	74.57566205639448	74.65222715054122	7.322444299746424	75.75731330058444	73.07230951515669	8.809763489098776
-1.9830847457627119	-1.4237813559322035	0.010397172615017792	0.03768934969672507	74.57566205639448	74.65222715054122	7.322444299746424	75.8001013257161	73.21186157496626	8.793037896690386
-1.9830847457627119	-1.372935593220339	0.010397172615017792	0.04237057978460597	74.57566205639448	74.65222715054122	7.322444299746424	75.86319718745487	73.36897664794512	8.775205101778939
-1.9830847457627119	-1.3220898305084745	0.010397172615017792	0.04763324508726285	74.57566205639448	74.65222715054122	7.322444299746424	75.94277229364566	73.53987974915968	8.756348522316035
-1.9830847457627119	-1.2712440677966101	0.010397172615017792	0.0535495631421025	74.57566205639448	74.65222715054122	7.322444299746424	76.03469051710871	73.72070476397668	8.73591216739151
-1.9830847457627119	-1.2203983050847458	0.010397172615017792	0.060200721312535725	74.57566205639448	74.65222715054122	7.322444299746424	76.13408757381329	73.90700486052538	8.714040849319444
-1.9830847457627119	-1.1695525423728814	0.010397172615017792	0.06767799089102523	74.57566205639448	74.65222715054122	7.322444299746424	76.23656670175129	74.09488344739876	8.689677280435582
-1.9830847457627119	-1.118706779661017	0.010397172615017792	0.07608397958002418	74.57566205639448	74.65222715054122	7.322444299746424	76.33713783837091	74.27987478126991	8.663165579031444
-1.9830847457627119	-1.0678610169491525	0.010397172615017792	0.08553403953812092	74.57566205639448	74.65222715054122	7.322444299746424	76.43148391536666	74.45815923216985	8.634150807893707
-1.9830847457627119	-1.0170152542372881	0.010397172615017792	0.09615785031346677	74.57566205639448	74.65222715054122	7.322444299746424	76.51622901127402	74.6267899867818	8.601429674547875
-1.9830847457627119	-0.9661694915254238	0.010397172615017792	0.10810119838647589	74.57566205639448	74.65222715054122	7.322444299746424	76.58778300298977	74.78250602539804	8.565551691854631
-1.9830847457627119	-0.9153237288135593	0.010397172615017792	0.1215279777417781	74.57566205639448	74.65222715054122	7.322444299746424	76.64354548328983	74.9229148230598	8.526633213694652
-1.9830847457627119	-0.8644779661016949	0.010397172615017792	0.13662243892250697	74.57566205639448	74.65222715054122	7.322444299746424	76.68185271757369	75.04642850027939	8.48457869281337
-1.9830847457627119	-0.8136322033898306	0.010397172615017792	0.15359171742983244	74.57566205639448	74.65222715054122	7.322444299746424	76.70173333771099	75.15201936320523	8.439593199385614
-1.9830847457627119	-0.7627864406779661	0.010397172615017792	0.17266867616399467	74.57566205639448	74.65222715054122	7.322444299746424	76.70301442446011	75.23933353669143	8.391904725792417
-1.9830847457627119	-0.7119406779661017	0.010397172615017792	0.19411510091256737	74.57566205639448	74.65222715054122	7.322444299746424	76.68632854287193	75.30871454987819	8.341597448216415
-1.9830847457627119	-0.6610949152542372	0.010397172615017792	0.21822529273641061	74.57566205639448	74.65222715054122	7.322444299746424	76.65212096735017	75.36023207084655	8.290391386128347
-1.9830847457627119	-0.6102491525423729	0.010397172615017792	0.24533010655024695	74.57566205639448	74.65222715054122	7.322444299746424	76.60259566657726	75.39565368523687	8.23749148964527
-1.9830847457627119	-0.5594033898305085	0.010397172615017792	0.2758014913177542	74.57566205639448	74.65222715054122	7.322444299746424	76.53949281282475	75.4162487299069	8.183761283776363
-1.9830847457627119	-0.508557627118644	0.010397172615017792	0.3100575941645296	74.57566205639448	74.65222715054122	7.322444299746424	76.46464851168786	75.42337481923794	8.130326434157917
-1.9830847457627119	-0.45771186440677963	0.010397172615017792	0.34856849845071003	74.57566205639448	74.65222715054122	7.322444299746424	76.38078201370654	75.41928811107705	8.076736541961955
-1.9830847457627119	-0.40686610169491527	0.010397172615017792	0.39186267454461904	74.57566205639448	74.65222715054122	7.322444299746424	76.28978849203286	75.40545687951288	8.024155497678235
-1.9830847457627119	-0.35602033898305085	0.010397172615017792	0.4405342318189317	74.57566205639448	74.65222715054122	7.322444299746424	76.19379981878342	75.38363717908148	7.973050030729383
-1.9830847457627119	-0.30517457627118644	0.010397172615017792	0.49525107138571994	74.57566205639448	74.65222715054122	7.322444299746424	76.09497415605767	75.35567349498127	7.9234619645960365
-1.9830847457627119	-0.254328813559322	0.010397172615017792	0.5567640514472341	74.57566205639448	74.65222715054122	7.322444299746424	75.99505566396536	75.32306447396614	7.875794093985229
-1.9830847457627119	-0.20348305084745763	0.010397172615017792	0.6259172910350144	74.57566205639448	74.65222715054122	7.322444299746424	75.89559326462742	75.28718312257134	7.830308254450131
-1.9830847457627119	-0.1526372881355932	0.010397172615017792	0.7036597535315913	74.57566205639448	74.65222715054122	7.322444299746424	75.79785614101822	75.2491908637416	7.787274753775526
-1.9830847457627119	-0.10179152542372881	0.010397172615017792	0.7910582689310004	74.57566205639448	74.65222715054122	7.322444299746424	75.7028126332763	75.21001181404978	7.74701988554757
-1.9830847457627119	-0.050945762711864406	0.010397172615017792	0.8893121735375996	74.57566205639448	74.65222715054122	7.322444299746424	75.61153414353554	75.17072995199001	7.709138658948306
-1.9830847457627119	-0.0001	0.010397172615017792	0.9997697679981565	74.57566205639448	74.65222715054122	7.322444299746424	75.52458199676266	75.13196889644043	7.673783367670812
-1.9322389830508475	-3.0	0.011688560173199561	0.001	74.57566205639448	74.65222715054122	7.322444299746424	75.82618627811176	74.51385759020006	7.789147714619748
-1.9322389830508475	-2.9491542372881354	0.011688560173199561	0.001124205647631211	74.57566205639448	74.65222715054122	7.322444299746424	75.935624459251	74.49117203402584	7.8360945021863095
-1.9322389830508475	-2.8983084745762713	0.011688560173199561	0.001263838338165909	74.57566205639448	74.65222715054122	7.322444299746424	76.04905114240128	74.46472434079512	7.886350320865458
-1.9322389830508475	-2.8474627118644067	0.011688560173199561	0.0014208141974589592	74.57566205639448	74.65222715054122	7.322444299746424	76.16517537075472	74.43385308567801	7.940030233813592
-1.9322389830508475	-2.7966169491525426	0.011688560173199561	0.0015972873450179669	74.57566205639448	74.65222715054122	7.322444299746424	76.28254996578573	74.39802023054665	7.996821185995508
-1.9322389830508475	-2.745771186440678	0.011688560173199561	0.0017956794541590607	74.57566205639448	74.65222715054122	7.322444299746424	76.39928580999532	74.35655393005786	8.056500822857414
-1.9322389830508475	-2.6949254237288134	0.011688560173199561	0.0020187129837009464	74.57566205639448	74.65222715054122	7.322444299746424	76.51279214683348	74.30840933808605	8.119439698704518
-1.9322389830508475	-2.6440796610169492	0.011688560173199561	0.002269448537223054	74.57566205639448	74.65222715054122	7.322444299746424	76.62122526040112	74.25362395162192	8.183725608391944
-1.9322389830508475	-2.5932338983050847	0.011688560173199561	0.0025513268625545478	74.57566205639448	74.65222715054122	7.322444299746424	76.7211004902776	74.19091890774409	8.250025389412556
-1.9322389830508475	-2.5423881355932205	0.011688560173199561	0.002868216067837038	74.57566205639448	74.65222715054122	7.322444299746424	76.80949613595837	74.11986993506298	8.317329607739133
-1.9322389830508475	-2.491542372881356	0.011688560173199561	0.0032244647020889827	74.57566205639448	74.65222715054122	7.322444299746424	76.88329233106288	74.04008798199764	8.384705559666264
-1.9322389830508475	-2.4406966101694914	0.011688560173199561	0.003624961428675924	74.57566205639448	74.65222715054122	7.322444299746424	76.93925456341749	73.95121738008719	8.451442681852507
-1.9322389830508475	-2.389850847457627	0.011688560173199561	0.0040752021105627725	74.57566205639448	74.65222715054122	7.322444299746424	76.97445370168793	73.85324397570055	8.516607120585466
-1.9322389830508475	-2.3390050847457626	0.011688560173199561	0.004581365227933299	74.57566205639448	74.65222715054122	7.322444299746424	76.9864529430102	73.74654837622121	8.579111317754606
-1.9322389830508475	-2.2881593220338985	0.011688560173199561	0.00515039666310386	74.57566205639448	74.65222715054122	7.322444299746424	76.97339115158739	73.63184031728814	8.638038404050233
-1.9322389830508475	-2.237313559322034	0.011688560173199561	0.005790105016202303	74.57566205639448	74.65222715054122	7.322444299746424	76.93432409157278	73.51034827168587	8.692432836304194
-1.9322389830508475	-2.1864677966101693	0.011688560173199561	0.006509268759592433	74.57566205639448	74.65222715054122	7.322444299746424	76.86930883357053	73.3837621377	8.741558193830791
-1.9322389830508475	-2.135622033898305	0.011688560173199561	0.007317756701483213	74.57566205639448	74.65222715054122	7.322444299746424	76.77973328622721	73.25444668959399	8.784552819672166
-1.9322389830508475	-2.0847762711864406	0.011688560173199561	0.00822666341179857	74.57566205639448	74.65222715054122	7.322444299746424	76.66804882680196	73.1250985337874	8.82112617384656
-1.9322389830508475	-2.0339305084745765	0.011688560173199561	0.009248461468704988	74.57566205639448	74.65222715054122	7.322444299746424	76.53805373882167	72.99900380723902	8.850968839643222
-1.9322389830508475	-1.9830847457627119	0.011688560173199561	0.010397172615017792	74.57566205639448	74.65222715054122	7.322444299746424	76.39470864459223	72.87988496767663	8.87386035524919
-1.9322389830508475	-1.9322389830508475	0.011688560173199561	0.011688560173199561	74.57566205639448	74.65222715054122	7.322444299746424	76.24366709182314	72.7715173777415	8.890173602609098
-1.9322389830508475	-1.8813932203389832	0.011688560173199561	0.013140345359388184	74.57566205639448	74.65222715054122	7.322444299746424	76.09116248977976	72.67774960012642	8.900462076630243
-1.9322389830508475	-1.8305474576271186	0.011688560173199561	0.014772450464848772	74.57566205639448	74.65222715054122	7.322444299746424	75.9437549431536	72.60241594329212	8.905216026271262
-1.9322389830508475	-1.7797016949152542	0.011688560173199561	0.016607272241935287	74.57566205639448	74.65222715054122	7.322444299746424	75.80780416302818	72.54899139658136	8.905103805548876
-1.9322389830508475	-1.7288559322033898	0.011688560173199561	0.01866998924613268	74.57566205639448	74.65222715054122	7.322444299746424	75.6890881971959	72.52038785386218	8.900940290062662
-1.9322389830508475	-1.6780101694915255	0.011688560173199561	0.020988907351716324	74.57566205639448	74.65222715054122	7.322444299746424	75.59249870034176	72.51880790448286	8.893582951432464
-1.9322389830508475	-1.6271644067796611	0.011688560173199561	0.023595848182407723	74.57566205639448	74.65222715054122	7.322444299746424	75.5216990118069	72.54552937019012	8.88404751183084
-1.9322389830508475	-1.5763186440677965	0.011688560173199561	0.026526585787311405	74.57566205639448	74.65222715054122	7.322444299746424	75.47940211612081	72.60127055910579	8.872548732867392
-1.9322389830508475	-1.5254728813559322	0.011688560173199561	0.02982133755446928	74.57566205639448	74.65222715054122	7.322444299746424	75.46655519215433	72.68542252150856	8.859922898876501
-1.9322389830508475	-1.4746271186440678	0.011688560173199561	0.03352531609865107	74.57566205639448	74.65222715054122	7.322444299746424	75.48301941163515	72.79673888266863	8.846242858609981
-1.9322389830508475	-1.4237813559322035	0.011688560173199561	0.03768934969672507	74.57566205639448	74.65222715054122	7.322444299746424	75.52707101953739	72.93281613461104	8.831963168337372
-1.9322389830508475	-1.372935593220339	0.011688560173199561	0.04237057978460597	74.57566205639448	74.65222715054122	7.322444299746424	75.59618593388998	73.09083487376293	8.81663142792839
-1.9322389830508475	-1.3220898305084745	0.011688560173199561	0.04763324508726285	74.57566205639448	74.65222715054122	7.322444299746424	75.68634361463268	73.26680398802438	8.800675204913778
-1.9322389830508475	-1.2712440677966101	0.011688560173199561	0.0535495631421025	74.57566205639448	74.65222715054122	7.322444299746424	75.79330916139719	73.45677519387807	8.783312574168685
-1.9322389830508475	-1.2203983050847458	0.011688560173199561	0.060200721312535725	74.57566205639448	74.65222715054122	7.322444299746424	75.91191996104614	73.6560592856058	8.764494844562655
-1.9322389830508475	-1.1695525423728814	0.011688560173199561	0.06767799089102523	74.57566205639448	74.65222715054122	7.322444299746424	76.03683855507303	73.85990915165684	8.743944152028051
-1.9322389830508475	-1.118706779661017	0.011688560173199561	0.07608397958002418	74.57566205639448	74.65222715054122	7.322444299746424	76.16323131201854	74.06413420542945	8.720330535736624
-1.9322389830508475	-1.0678610169491525	0.011688560173199561	0.08553403953812092	74.57566205639448	74.65222715054122	7.322444299746424	76.28555818429628	74.26383189341445	8.694189696584845
-1.9322389830508475	-1.0170152542372881	0.011688560173199561	0.09615785031346677	74.57566205639448	74.65222715054122	7.322444299746424	76.39930617991692	74.45507081066745	8.664917384138477
-1.9322389830508475	-0.9661694915254238	0.011688560173199561	0.10810119838647589	74.57566205639448	74.65222715054122	7.322444299746424	76.50039368414426	74.63425481944375	8.63233682385965
-1.9322389830508475	-0.9153237288135593	0.011688560173199561	0.1215279777417781	74.57566205639448	74.65222715054122	7.322444299746424	76.58580590245447	74.79872819289866	8.595717212925695
-1.9322389830508475	-0.8644779661016949	0.011688560173199561	0.13662243892250697	74.57566205639448	74.65222715054122	7.322444299746424	76.65257771428588	74.94573920087291	8.556013717660521
-1.9322389830508475	-0.8136322033898306	0.011688560173199561	0.15359171742983244	74.57566205639448	74.65222715054122	7.322444299746424	76.69962257486047	75.07426098867911	8.512283811410823
-1.9322389830508475	-0.7627864406779661	0.011688560173199561	0.17266867616399467	74.57566205639448	74.65222715054122	7.322444299746424	76.72562940399237	75.18289110534334	8.465879614479242
-1.9322389830508475	-0.7119406779661017	0.011688560173199561	0.19411510091256737	74.57566205639448	74.65222715054122	7.322444299746424	76.73107272938849	75.27187357101641	8.416320278912986
-1.9322389830508475	-0.6610949152542372	0.011688560173199561	0.21822529273641061	74.57566205639448	74.65222715054122	7.322444299746424	76.71659154205484	75.34149836602926	8.364336464700813
-1.9322389830508475	-0.6102491525423729	0.011688560173199561	0.24533010655024695	74.57566205639448	74.65222715054122	7.322444299746424	76.68340327273093	75.39254084183011	8.31078514458089
-1.9322389830508475	-0.5594033898305085	0.011688560173199561	0.2758014913177542	74.57566205639448	74.65222715054122	7.322444299746424	76.63370236001003	75.4266902621537	8.255564643529095
-1.9322389830508475	-0.508557627118644	0.011688560173199561	0.3100575941645296	74.57566205639448	74.65222715054122	7.322444299746424	76.56917620043691	75.44509571388033	8.200269933695225
-1.9322389830508475	-0.45771186440677963	0.011688560173199561	0.34856849845071003	74.57566205639448	74.65222715054122	7.322444299746424	76.49275020247583	75.45014013963377	8.14440680848655
-1.9322389830508475	-0.40686610169491527	0.011688560173199561	0.39186267454461904	74.57566205639448	74.65222715054122	7.322444299746424	76.40647879641969	75.44335721311002	8.089336974738563
-1.9322389830508475	-0.35602033898305085	0.011688560173199561	0.4405342318189317	74.57566205639448	74.65222715054122	7.322444299746424	76.31297761651199	75.42688483826275	8.035176653084992
-1.9322389830508475	-0.30517457627118644	0.011688560173199561	0.49525107138571994	74.57566205639448	74.65222715054122	7.322444299746424	76.21461718604081	75.40267481569589	7.982221869416673
-1.9322389830508475	-0.254328813559322	0.011688560173199561	0.5567640514472341	74.57566205639448	74.65222715054122	7.322444299746424	76.11324405197034	75.3722246705455	7.931371387928685
-1.9322389830508475	-0.20348305084745763	0.011688560173199561	0.6259172910350144	74.57566205639448	74.65222715054122	7.322444299746424	76.01085093699037	75.33725349568283	7.88268518127855
-1.9322389830508475	-0.1526372881355932	0.011688560173199561	0.7036597535315913	74.57566205639448	74.65222715054122	7.322444299746424	75.90925734772165	75.2993831550085	7.835985173683542
-1.9322389830508475	-0.10179152542372881	0.011688560173199561	0.7910582689310004	74.57566205639448	74.65222715054122	7.322444299746424	75.80935925822875	75.259385852413	7.792339933575714
-1.9322389830508475	-0.050945762711864406	0.011688560173199561	0.8893121735375996	74.57566205639448	74.65222715054122	7.322444299746424	75.71278422793009	75.21883340030492	7.750770351884969
-1.9322389830508475	-0.0001	0.011688560173199561	0.9997697679981565	74.57566205639448	74.65222715054122	7.322444299746424	75.61985606144316	75.17805451023781	7.712362711087894
-1.8813932203389832	-3.0	0.013140345359388184	0.001	74.57566205639448	74.65222715054122	7.322444299746424	75.77893099822066	74.5402497428405	7.775624827374087
-1.8813932203389832	-2.9491542372881354	0.013140345359388184	0.001124205647631211	74.57566205639448	74.65222715054122	7.322444299746424	75.88511864471442	74.51982522024699	7.821757516175176
-1.8813932203389832	-2.8983084745762713	0.013140345359388184	0.001263838338165909	74.57566205639448	74.65222715054122	7.322444299746424	75.99535921784141	74.49568344391588	7.871243284199413
-1.8813932203389832	-2.8474627118644067	0.013140345359388184	0.0014208141974589592	74.57566205639448	74.65222715054122	7.322444299746424	76.10847890962413	74.46717512192792	7.924103410466266
-1.8813932203389832	-2.7966169491525426	0.013140345359388184	0.0015972873450179669	74.57566205639448	74.65222715054122	7.322444299746424	76.22285913395419	74.43346896601157	7.980512442190445
-1.8813932203389832	-2.745771186440678	0.013140345359388184	0.0017956794541590607	74.57566205639448	74.65222715054122	7.322444299746424	76.3369606264557	74.39410685044176	8.039688058324476
-1.8813932203389832	-2.6949254237288134	0.013140345359388184	0.0020187129837009464	74.57566205639448	74.65222715054122	7.322444299746424	76.44837161044323	74.34807564310144	8.10176097764095
-1.8813932203389832	-2.6440796610169492	0.013140345359388184	0.002269448537223054	74.57566205639448	74.65222715054122	7.322444299746424	76.55458338534837	74.2945952355355	8.166231173771056
-1.8813932203389832	-2.5932338983050847	0.013140345359388184	0.0025513268625545478	74.57566205639448	74.65222715054122	7.322444299746424	76.65271173627504	74.23283666264831	8.23258630842345
-1.8813932203389832	-2.5423881355932205	0.013140345359388184	0.002868216067837038	74.57566205639448	74.65222715054122	7.322444299746424	76.73951653881734	74.16191794927731	8.300393717161048
-1.8813932203389832	-2.491542372881356	0.013140345359388184	0.0032244647020889827	74.57566205639448	74.65222715054122	7.322444299746424	76.8118121648052	74.08126713891576	8.368687151075026
-1.8813932203389832	-2.4406966101694914	0.013140345359388184	0.003624961428675924	74.57566205639448	74.65222715054122	7.322444299746424	76.86631485395671	73.9903950770257	8.436566055365454
-1.8813932203389832	-2.389850847457627	0.013140345359388184	0.0040752021105627725	74.57566205639448	74.65222715054122	7.322444299746424	76.89990001099012	73.8890522249338	8.503060225694629
-1.8813932203389832	-2.3390050847457626	0.013140345359388184	0.004581365227933299	74.57566205639448	74.65222715054122	7.322444299746424	76.90956703803869	73.77706784254559	8.567647970557621
-1.8813932203389832	-2.2881593220338985	0.013140345359388184	0.00515039666310386	74.57566205639448	74.65222715054122	7.322444299746424	76.89355071840636	73.65531835131988	8.628534791210509
-1.8813932203389832	-2.237313559322034	0.013140345359388184	0.005790105016202303	74.57566205639448	74.65222715054122	7.322444299746424	76.85024488024757	73.52449929704932	8.685316082880849
-1.8813932203389832	-2.1864677966101693	0.013140345359388184	0.006509268759592433	74.57566205639448	74.65222715054122	7.322444299746424	76.77929896632052	73.38607502399665	8.737259257331951
-1.8813932203389832	-2.135622033898305	0.013140345359388184	0.007317756701483213	74.57566205639448	74.65222715054122	7.322444299746424	76.68195982792943	73.24249304105814	8.783015348237644
-1.8813932203389832	-2.0847762711864406	0.013140345359388184	0.00822666341179857	74.57566205639448	74.65222715054122	7.322444299746424	76.56017126466469	73.09619041271439	8.822659843728054
-1.8813932203389832	-2.0339305084745765	0.013140345359388184	0.009248461468704988	74.57566205639448	74.65222715054122	7.322444299746424	76.41772668979948	72.95070014032396	8.855450591329962
-1.8813932203389832	-1.9830847457627119	0.013140345359388184	0.010397172615017792	74.57566205639448	74.65222715054122	7.322444299746424	76.25948849689097	72.80987951672981	8.881223602127807
-1.8813932203389832	-1.9322389830508475	0.013140345359388184	0.011688560173199561	74.57566205639448	74.65222715054122	7.322444299746424	76.09112260750034	72.67770976323897	8.900542984251897
-1.8813932203389832	-1.8813932203389832	0.013140345359388184	0.013140345359388184	74.57566205639448	74.65222715054122	7.322444299746424	75.91966658082194	72.55898080700031	8.912964272118595
-1.8813932203389832	-1.8305474576271186	0.013140345359388184	0.014772450464848772	74.57566205639448	74.65222715054122	7.322444299746424	75.75146673992657	72.4573850226522	8.920415239089351
-1.8813932203389832	-1.7797016949152542	0.013140345359388184	0.016607272241935287	74.57566205639448	74.65222715054122	7.322444299746424	75.59414416995732	72.3776614113327	8.922411567001506
-1.8813932203389832	-1.7288559322033898	0.013140345359388184	0.01866998924613268	74.57566205639448	74.65222715054122	7.322444299746424	75.4539289353677	72.32311345772469	8.92051755008974
-1.8813932203389832	-1.6780101694915255	0.013140345359388184	0.020988907351716324	74.57566205639448	74.65222715054122	7.322444299746424	75.33703483788159	72.29715320330612	8.914794693097278
-1.8813932203389832	-1.6271644067796611	0.013140345359388184	0.023595848182407723	74.57566205639448	74.65222715054122	7.322444299746424	75.24788068828504	72.30166513346776	8.906659465618022
-1.8813932203389832	-1.5763186440677965	0.013140345359388184	0.026526585787311405	74.57566205639448	74.65222715054122	7.322444299746424	75.18975470307882	72.33777519283018	8.897043173158371
-1.8813932203389832	-1.5254728813559322	0.013140345359388184	0.02982133755446928	74.57566205639448	74.65222715054122	7.322444299746424	75.16469541708584	72.40579692985065	8.88630261715429
-1.8813932203389832	-1.4746271186440678	0.013140345359388184	0.03352531609865107	74.57566205639448	74.65222715054122	7.322444299746424	75.17327106042454	72.50503647983655	8.874537666182702
-1.8813932203389832	-1.4237813559322035	0.013140345359388184	0.03768934969672507	74.57566205639448	74.65222715054122	7.322444299746424	75.21415469416608	72.63335992153256	8.862508213981588
-1.8813932203389832	-1.372935593220339	0.013140345359388184	0.04237057978460597	74.57566205639448	74.65222715054122	7.322444299746424	75.28502223903038	72.78805631731632	8.850067139451157
-1.8813932203389832	-1.3220898305084745	0.013140345359388184	0.04763324508726285	74.57566205639448	74.65222715054122	7.322444299746424	75.3824971064147	72.96572906918067	8.836631475541974
-1.8813932203389832	-1.2712440677966101	0.013140345359388184	0.0535495631421025	74.57566205639448	74.65222715054122	7.322444299746424	75.50142925130534	73.16150899941229	8.823097757691615
-1.8813932203389832	-1.2203983050847458	0.013140345359388184	0.060200721312535725	74.57566205639448	74.65222715054122	7.322444299746424	75.63751934231765	73.37160811631688	8.80711789571883
-1.8813932203389832	-1.1695525423728814	0.013140345359388184	0.06767799089102523	74.57566205639448	74.65222715054122	7.322444299746424	75.78388055552428	73.58980884861836	8.790558213687127
-1.8813932203389832	-1.118706779661017	0.013140345359388184	0.07608397958002418	74.57566205639448	74.65222715054122	7.322444299746424	75.93555670281626	73.8119126079662	8.771045539719912
-1.8813932203389832	-1.0678610169491525	0.013140345359388184	0.08553403953812092	74.57566205639448	74.65222715054122	7.322444299746424	76.08635822074906	74.03251118783521	8.748850919177315
-1.8813932203389832	-1.0170152542372881	0.013140345359388184	0.09615785031346677	74.57566205639448	74.65222715054122	7.322444299746424	76.23094090235551	74.24700686577759	8.723277217190578
-1.8813932203389832	-0.9661694915254238	0.013140345359388184	0.10810119838647589	74.57566205639448	74.65222715054122	7.322444299746424	76.36425108738648	74.45100837639461	8.694224976123317
-1.8813932203389832	-0.9153237288135593	0.013140345359388184	0.1215279777417781	74.57566205639448	74.65222715054122	7.322444299746424	76.48207652892096	74.64084146777031	8.661472618681108
-1.8813932203389832	-0.8644779661016949	0.013140345359388184	0.13662243892250697	74.57566205639448	74.65222715054122	7.322444299746424	76.5813958480121	74.81386957392053	8.624256246067123
-1.8813932203389832	-0.8136322033898306	0.013140345359388184	0.15359171742983244	74.57566205639448	74.65222715054122	7.322444299746424	76.65944610634402	74.96754365495279	8.583304797497874
-1.8813932203389832	-0.7627864406779661	0.013140345359388184	0.17266867616399467	74.57566205639448	74.65222715054122	7.322444299746424	76.71502212810627	75.10069665355445	8.538292616969636
-1.8813932203389832	-0.7119406779661017	0.013140345359388184	0.19411510091256737	74.57566205639448	74.65222715054122	7.322444299746424	76.74722749880124	75.21229994165334	8.49027715865438
-1.8813932203389832	-0.6610949152542372	0.013140345359388184	0.21822529273641061	74.57566205639448	74.65222715054122	7.322444299746424	76.75680216899701	75.30280786969848	8.438881110990698
-1.8813932203389832	-0.6102491525423729	0.013140345359388184	0.24533010655024695	74.57566205639448	74.65222715054122	7.322444299746424	76.74433016172875	75.37238984620026	8.385636330218261
-1.8813932203389832	-0.5594033898305085	0.013140345359388184	0.2758014913177542	74.57566205639448	74.65222715054122	7.322444299746424	76.71226513714602	75.42298637829887	8.329633466183417
-1.8813932203389832	-0.508557627118644	0.013140345359388184	0.3100575941645296	74.57566205639448	74.65222715054122	7.322444299746424	76.6622075139664	75.45561982696337	8.272636210833301
-1.8813932203389832	-0.45771186440677963	0.013140345359388184	0.34856849845071003	74.57566205639448	74.65222715054122	7.322444299746424	76.59662093080456	75.4721446237317	8.215313728420803
-1.8813932203389832	-0.40686610169491527	0.013140345359388184	0.39186267454461904	74.57566205639448	74.65222715054122	7.322444299746424	76.51842516343099	75.4748719453547	8.15773540086368
-1.8813932203389832	-0.35602033898305085	0.013140345359388184	0.4405342318189317	74.57566205639448	74.65222715054122	7.322444299746424	76.43011645250866	75.46571773308705	8.100841309560966
-1.8813932203389832	-0.30517457627118644	0.013140345359388184	0.49525107138571994	74.57566205639448	74.65222715054122	7.322444299746424	76.3344034555871	75.44686115917881	8.044940863567325
-1.8813932203389832	-0.254328813559322	0.013140345359388184	0.5567640514472341	74.57566205639448	74.65222715054122	7.322444299746424	76.23357768593648	75.420131401319	7.990778493088968
-1.8813932203389832	-0.20348305084745763	0.013140345359388184	0.6259172910350144	74.57566205639448	74.65222715054122	7.322444299746424	76.13005063520215	75.38755523874404	7.938332721305614
-1.8813932203389832	-0.1526372881355932	0.013140345359388184	0.7036597535315913	74.57566205639448	74.65222715054122	7.322444299746424	76.02533144176093	75.35033977289652	7.88877909883019
-1.8813932203389832	-0.10179152542372881	0.013140345359388184	0.7910582689310004	74.57566205639448	74.65222715054122	7.322444299746424	75.92160759496302	75.31045357689565	7.841291695988231
-1.8813932203389832	-0.050945762711864406	0.013140345359388184	0.8893121735375996	74.57566205639448	74.65222715054122	7.322444299746424	75.81998821355147	75.26886554663304	7.796554755800995
-1.8813932203389832	-0.0001	0.013140345359388184	0.9997697679981565	74.57566205639448	74.65222715054122	7.322444299746424	75.72155928487375	75.22659447385867	7.754685517021315
-1.8305474576271186	-3.0	0.014772450464848772	0.001	74.57566205639448	74.65222715054122	7.322444299746424	75.73353154625474	74.56713003326949	7.762054119167151
-1.8305474576271186	-2.9491542372881354	0.014772450464848772	0.001124205647631211	74.57566205639448	74.65222715054122	7.322444299746424	75.83665368111626	74.54927692066695	7.807112696439407
-1.8305474576271186	-2.8983084745762713	0.014772450464848772	0.001263838338165909	74.57566205639448	74.65222715054122	7.322444299746424	75.94382699832636	74.5277461129885	7.855673714169871
-1.8305474576271186	-2.8474627118644067	0.014772450464848772	0.0014208141974589592	74.57566205639448	74.65222715054122	7.322444299746424	76.05399890185929	74.50191442292007	7.907658124577037
-1.8305474576271186	-2.7966169491525426	0.014772450464848772	0.0015972873450179669	74.57566205639448	74.65222715054122	7.322444299746424	76.16573417382764	74.47102183279502	7.963018017930104
-1.8305474576271186	-2.745771186440678	0.014772450464848772	0.0017956794541590607	74.57566205639448	74.65222715054122	7.322444299746424	76.27729436790985	74.43428340678228	8.021513977893424
-1.8305474576271186	-2.6949254237288134	0.014772450464848772	0.0020187129837009464	74.57566205639448	74.65222715054122	7.322444299746424	76.38634244166717	74.39062013523878	8.083258270343944
-1.8305474576271186	-2.6440796610169492	0.014772450464848772	0.002269448537223054	74.57566205639448	74.65222715054122	7.322444299746424	76.4906562471912	74.33938986576226	8.147273061751779
-1.8305474576271186	-2.5932338983050847	0.014772450464848772	0.0025513268625545478	74.57566205639448	74.65222715054122	7.322444299746424	76.58703080702271	74.27929248598409	8.213731926505291
-1.8305474576271186	-2.5423881355932205	0.014772450464848772	0.002868216067837038	74.57566205639448	74.65222715054122	7.322444299746424	76.67256218935779	74.20963865049569	8.281492294629029
-1.8305474576271186	-2.491542372881356	0.014772450464848772	0.0032244647020889827	74.57566205639448	74.65222715054122	7.322444299746424	76.74371554806659	74.12938024347521	8.350148588207603
-1.8305474576271186	-2.4406966101694914	0.014772450464848772	0.003624961428675924	74.57566205639448	74.65222715054122	7.322444299746424	76.79705401333065	74.03777608230152	8.418842583698115
-1.8305474576271186	-2.389850847457627	0.014772450464848772	0.0040752021105627725	74.57566205639448	74.65222715054122	7.322444299746424	76.82925537166159	73.93431863910915	8.48659024534507
-1.8305474576271186	-2.3390050847457626	0.014772450464848772	0.004581365227933299	74.57566205639448	74.65222715054122	7.322444299746424	76.83722057406534	73.81872702172807	8.552509041857544
-1.8305474576271186	-2.2881593220338985	0.014772450464848772	0.00515039666310386	74.57566205639448	74.65222715054122	7.322444299746424	76.81849212624824	73.69122921484416	8.615484313517888
-1.8305474576271186	-2.237313559322034	0.014772450464848772	0.005790105016202303	74.57566205639448	74.65222715054122	7.322444299746424	76.77138202988843	73.55254119075013	8.674452727954508
-1.8305474576271186	-2.1864677966101693	0.014772450464848772	0.006509268759592433	74.57566205639448	74.65222715054122	7.322444299746424	76.69507401521432	73.4038191975619	8.728723036474326
-1.8305474576271186	-2.135622033898305	0.014772450464848772	0.007317756701483213	74.57566205639448	74.65222715054122	7.322444299746424	76.59028039949332	73.24718069788752	8.777117954285627
-1.8305474576271186	-2.0847762711864406	0.014772450464848772	0.00822666341179857	74.57566205639448	74.65222715054122	7.322444299746424	76.45865547770077	73.08500947877042	8.819480638198568
-1.8305474576271186	-2.0339305084745765	0.014772450464848772	0.009248461468704988	74.57566205639448	74.65222715054122	7.322444299746424	76.3038352521687	72.92093004797407	8.854748461931393
-1.8305474576271186	-1.9830847457627119	0.014772450464848772	0.010397172615017792	74.57566205639448	74.65222715054122	7.322444299746424	76.13017942557346	72.75853568273152	8.883407232040778
-1.8305474576271186	-1.9322389830508475	0.014772450464848772	0.011688560173199561	74.57566205639448	74.65222715054122	7.322444299746424	75.9437539395784	72.60241495343438	8.905218302066089
-1.8305474576271186	-1.8813932203389832	0.014772450464848772	0.013140345359388184	74.57566205639448	74.65222715054122	7.322444299746424	75.75140940511638	72.4573276824232	8.920530173803328
-1.8305474576271186	-1.8305474576271186	0.014772450464848772	0.014772450464848772	74.57566205639448	74.65222715054122	7.322444299746424	75.56082954233275	72.32839619447918	8.9294516764739
-1.8305474576271186	-1.7797016949152542	0.014772450464848772	0.016607272241935287	74.57566205639448	74.65222715054122	7.322444299746424	75.3793136360398	72.22006078655528	8.933421520803977
-1.8305474576271186	-1.7288559322033898	0.014772450464848772	0.01866998924613268	74.57566205639448	74.65222715054122	7.322444299746424	75.21436320088422	72.13685156740556	8.933111829663666
-1.8305474576271186	-1.6780101694915255	0.014772450464848772	0.020988907351716324	74.57566205639448	74.65222715054122	7.322444299746424	75.07291788087473	72.08280238186804	8.929054292922409
-1.8305474576271186	-1.6271644067796611	0.014772450464848772	0.023595848182407723	74.57566205639448	74.65222715054122	7.322444299746424	74.96059287165626	72.06084512409525	8.922361600394325
-1.8305474576271186	-1.5763186440677965	0.014772450464848772	0.026526585787311405	74.57566205639448	74.65222715054122	7.322444299746424	74.88160615672082	72.07285911329525	8.914221406364563
-1.8305474576271186	-1.5254728813559322	0.014772450464848772	0.02982133755446928	74.57566205639448	74.65222715054122	7.322444299746424	74.83901521306724	72.11999099142471	8.904976164363008
-1.8305474576271186	-1.4746271186440678	0.014772450464848772	0.03352531609865107	74.57566205639448	74.65222715054122	7.322444299746424	74.833999603952	72.20198013793475	8.89531193713337
-1.8305474576271186	-1.4237813559322035	0.014772450464848772	0.03768934969672507	74.57566205639448	74.65222715054122	7.322444299746424	74.86632994297996	72.31763401576157	8.88528897075606
-1.8305474576271186	-1.372935593220339	0.014772450464848772	0.04237057978460597	74.57566205639448	74.65222715054122	7.322444299746424	74.93389463443201	72.46433171007318	8.875440925050107
-1.8305474576271186	-1.3220898305084745	0.014772450464848772	0.04763324508726285	74.57566205639448	74.65222715054122	7.322444299746424	75.03373759992762	72.63901530598382	8.865012227516106
-1.8305474576271186	-1.2712440677966101	0.014772450464848772	0.0535495631421025	74.57566205639448	74.65222715054122	7.322444299746424	75.1611274890048	72.83719861384293	8.854263334683314
-1.8305474576271186	-1.2203983050847458	0.014772450464848772	0.060200721312535725	74.57566205639448	74.65222715054122	7.322444299746424	75.31084087251364	73.05418079455117	8.842427337928926
-1.8305474576271186	-1.1695525423728814	0.014772450464848772	0.06767799089102523	74.57566205639448	74.65222715054122	7.322444299746424	75.47661069921604	73.28442161821252	8.829415047256992
-1.8305474576271186	-1.118706779661017	0.014772450464848772	0.07608397958002418	74.57566205639448	74.65222715054122	7.322444299746424	75.6521890976267	73.52253094395604	8.814306049261207
-1.8305474576271186	-1.0678610169491525	0.014772450464848772	0.08553403953812092	74.57566205639448	74.65222715054122	7.322444299746424	75.83127434000163	73.7631262775105	8.796118318047505
-1.8305474576271186	-1.0170152542372881	0.014772450464848772	0.09615785031346677	74.57566205639448	74.65222715054122	7.322444299746424	76.00708167594642	74.00033765106645	8.775274130407137
-1.8305474576271186	-0.9661694915254238	0.014772450464848772	0.10810119838647589	74.57566205639448	74.65222715054122	7.322444299746424	76.17423945511825	74.22964539742364	8.75034990669388
-1.8305474576271186	-0.9153237288135593	0.014772450464848772	0.1215279777417781	74.57566205639448	74.65222715054122	7.322444299746424	76.32725131247163	74.44629233228048	8.721630551443365
-1.8305474576271186	-0.8644779661016949	0.014772450464848772	0.13662243892250697	74.57566205639448	74.65222715054122	7.322444299746424	76.46196275150687	74.64671056553871	8.688550975880457
-1.8305474576271186	-0.8136322033898306	0.014772450464848772	0.15359171742983244	74.57566205639448	74.65222715054122	7.322444299746424	76.57508203382085	74.82801416041475	8.650918037230058
-1.8305474576271186	-0.7627864406779661	0.014772450464848772	0.17266867616399467	74.57566205639448	74.65222715054122	7.322444299746424	76.6642473273888	74.98805063265759	8.608914834340395
-1.8305474576271186	-0.7119406779661017	0.014772450464848772	0.19411510091256737	74.57566205639448	74.65222715054122	7.322444299746424	76.72804242313174	75.12541466223328	8.56308152022818
-1.8305474576271186	-0.6610949152542372	0.014772450464848772	0.21822529273641061	74.57566205639448	74.65222715054122	7.322444299746424	76.76663179990044	75.24009239641275	8.512936064595232
-1.8305474576271186	-0.6102491525423729	0.014772450464848772	0.24533010655024695	74.57566205639448	74.65222715054122	7.322444299746424	76.78020152678147	75.33192367398826	8.45988612048448
-1.8305474576271186	-0.5594033898305085	0.014772450464848772	0.2758014913177542	74.57566205639448	74.65222715054122	7.322444299746424	76.7701062553735	75.40177819602252	8.404637650914701
-1.8305474576271186	-0.508557627118644	0.014772450464848772	0.3100575941645296	74.57566205639448	74.65222715054122	7.322444299746424	76.73865778111872	75.4513794109866	8.347281391672379
-1.8305474576271186	-0.45771186440677963	0.014772450464848772	0.34856849845071003	74.57566205639448	74.65222715054122	7.322444299746424	76.68837131066826	75.48258828325062	8.288433274214881
-1.8305474576271186	-0.40686610169491527	0.014772450464848772	0.39186267454461904	74.57566205639448	74.65222715054122	7.322444299746424	76.62183401263405	75.49730966926037	8.229133210671497
-1.8305474576271186	-0.35602033898305085	0.014772450464848772	0.4405342318189317	74.57566205639448	74.65222715054122	7.322444299746424	76.54199877352684	75.49782002969918	8.169917666449404
-1.8305474576271186	-0.30517457627118644	0.014772450464848772	0.49525107138571994	74.57566205639448	74.65222715054122	7.322444299746424	76.45195151984181	75.4865645768804	8.110997978685093
-1.8305474576271186	-0.254328813559322	0.014772450464848772	0.5567640514472341	74.57566205639448	74.65222715054122	7.322444299746424	76.35393811519894	75.46520740545387	8.053963237771944
-1.8305474576271186	-0.20348305084745763	0.014772450464848772	0.6259172910350144	74.57566205639448	74.65222715054122	7.322444299746424	76.25081373244669	75.43609767002525	7.9987053894384115
-1.8305474576271186	-0.1526372881355932	0.014772450464848772	0.7036597535315913	74.57566205639448	74.65222715054122	7.322444299746424	76.14512071991953	75.40135756640983	7.945137199209781
-1.8305474576271186	-0.10179152542372881	0.014772450464848772	0.7910582689310004	74.57566205639448	74.65222715054122	7.322444299746424	76.03833162893768	75.362129595652	7.894638289362888
-1.8305474576271186	-0.050945762711864406	0.014772450464848772	0.8893121735375996	74.57566205639448	74.65222715054122	7.322444299746424	75.93286928336161	75.32059600473303	7.845990525778427
-1.8305474576271186	-0.0001	0.014772450464848772	0.9997697679981565	74.57566205639448	74.65222715054122	7.322444299746424	75.82960392504646	75.27747115125487	7.800393508127618
-1.7797016949152542	-3.0	0.016607272241935287	0.001	74.57566205639448	74.65222715054122	7.322444299746424	75.69029531908468	74.59436401863411	7.748255133490348
-1.7797016949152542	-2.9491542372881354	0.016607272241935287	0.001124205647631211	74.57566205639448	74.65222715054122	7.322444299746424	75.79043433416494	74.5792095027905	7.792301343018027
-1.7797016949152542	-2.8983084745762713	0.016607272241935287	0.001263838338165909	74.57566205639448	74.65222715054122	7.322444299746424	75.89475206233004	74.56059532877336	7.839736319674461
-1.7797016949152542	-2.8474627118644067	0.016607272241935287	0.0014208141974589592	74.57566205639448	74.65222715054122	7.322444299746424	76.00218208682897	74.53779854335154	7.890647897714185
-1.7797016949152542	-2.7966169491525426	0.016607272241935287	0.0015972873450179669	74.57566205639448	74.65222715054122	7.322444299746424	76.11127624238654	74.50994338372368	7.945168673946295
-1.7797016949152542	-2.745771186440678	0.016607272241935287	0.0017956794541590607	74.57566205639448	74.65222715054122	7.322444299746424	76.22044685116275	74.4762764891042	8.002912630587558
-1.7797016949152542	-2.6949254237288134	0.016607272241935287	0.0020187129837009464	74.57566205639448	74.65222715054122	7.322444299746424	76.32758506754595	74.43581406564378	8.063676792958676
-1.7797016949152542	-2.6440796610169492	0.016607272241935287	0.002269448537223054	74.57566205639448	74.65222715054122	7.322444299746424	76.43003639938833	74.38733809764622	8.127464105390363
-1.7797016949152542	-2.5932338983050847	0.016607272241935287	0.0025513268625545478	74.57566205639448	74.65222715054122	7.322444299746424	76.52519891580103	74.33000344551134	8.19330803092038
-1.7797016949152542	-2.5423881355932205	0.016607272241935287	0.002868216067837038	74.57566205639448	74.65222715054122	7.322444299746424	76.60955226677375	74.26235906400377	8.261294049474342
-1.7797016949152542	-2.491542372881356	0.016607272241935287	0.0032244647020889827	74.57566205639448	74.65222715054122	7.322444299746424	76.67997061640533	74.18363279069047	8.33009305820575
-1.7797016949152542	-2.4406966101694914	0.016607272241935287	0.003624961428675924	74.57566205639448	74.65222715054122	7.322444299746424	76.7327552260665	74.09271142137439	8.399135392492212
-1.7797016949152542	-2.389850847457627	0.016607272241935287	0.0040752021105627725	74.57566205639448	74.65222715054122	7.322444299746424	76.76420748895885	73.98863459703807	8.467811803597769
-1.7797016949152542	-2.3390050847457626	0.016607272241935287	0.004581365227933299	74.57566205639448	74.65222715054122	7.322444299746424	76.77115083708235	73.87101212907005	8.53484730623192
-1.7797016949152542	-2.2881593220338985	0.016607272241935287	0.00515039666310386	74.57566205639448	74.65222715054122	7.322444299746424	76.7506947615373	73.7396596501345	8.599283425710663
-1.7797016949152542	-2.237313559322034	0.016607272241935287	0.005790105016202303	74.57566205639448	74.65222715054122	7.322444299746424	76.70066494527639	73.59488489345412	8.660173843008726
-1.7797016949152542	-2.1864677966101693	0.016607272241935287	0.006509268759592433	74.57566205639448	74.65222715054122	7.322444299746424	76.61990628779704	73.43764081148002	8.716536223730078
-1.7797016949152542	-2.135622033898305	0.016607272241935287	0.007317756701483213	74.57566205639448	74.65222715054122	7.322444299746424	76.50859545234245	73.26969512348484	8.767251611705731
-1.7797016949152542	-2.0847762711864406	0.016607272241935287	0.00822666341179857	74.57566205639448	74.65222715054122	7.322444299746424	76.36794260295153	73.09321224370954	8.812074104259272
-1.7797016949152542	-2.0339305084745765	0.016607272241935287	0.009248461468704988	74.57566205639448	74.65222715054122	7.322444299746424	76.20113017725214	72.91160814365003	8.850007620210452
-1.7797016949152542	-1.9830847457627119	0.016607272241935287	0.010397172615017792	74.57566205639448	74.65222715054122	7.322444299746424	76.01239466697945	72.72859735907456	8.881184185528397
-1.7797016949152542	-1.9322389830508475	0.016607272241935287	0.011688560173199561	74.57566205639448	74.65222715054122	7.322444299746424	75.80777040087601	72.54895765080536	8.9051717001761
-1.7797016949152542	-1.8813932203389832	0.016607272241935287	0.013140345359388184	74.57566205639448	74.65222715054122	7.322444299746424	75.59407600886124	72.37759332111526	8.922547647810774
-1.7797016949152542	-1.8305474576271186	0.016607272241935287	0.014772450464848772	74.57566205639448	74.65222715054122	7.322444299746424	75.37927772444763	72.22002493503274	8.933493062946113
-1.7797016949152542	-1.7797016949152542	0.016607272241935287	0.016607272241935287	74.57566205639448	74.65222715054122	7.322444299746424	75.17140263632997	72.08146675574035	8.939107630166237
-1.7797016949152542	-1.7288559322033898	0.016607272241935287	0.01866998924613268	74.57566205639448	74.65222715054122	7.322444299746424	74.97874843530279	71.9672190113443	8.940034004879099
-1.7797016949152542	-1.6780101694915255	0.016607272241935287	0.020988907351716324	74.57566205639448	74.65222715054122	7.322444299746424	74.80896092889809	71.88193033526056	8.937322012294132
-1.7797016949152542	-1.6271644067796611	0.016607272241935287	0.023595848182407723	74.57566205639448	74.65222715054122	7.322444299746424	74.66880738609315	71.82953961286104	8.931969994037932
-1.7797016949152542	-1.5763186440677965	0.016607272241935287	0.026526585787311405	74.57566205639448	74.65222715054122	7.322444299746424	74.56381960202302	71.81305773042527	8.924861109806734
-1.7797016949152542	-1.5254728813559322	0.016607272241935287	0.02982133755446928	74.57566205639448	74.65222715054122	7.322444299746424	74.49800426816158	71.8343794596728	8.916752356988248
-1.7797016949152542	-1.4746271186440678	0.016607272241935287	0.03352531609865107	74.57566205639448	74.65222715054122	7.322444299746424	74.47359538450378	71.89409712588866	8.908390181955697
-1.7797016949152542	-1.4237813559322035	0.016607272241935287	0.03768934969672507	74.57566205639448	74.65222715054122	7.322444299746424	74.49138160427913	71.99184989304163	8.899708083232978
-1.7797016949152542	-1.372935593220339	0.016607272241935287	0.04237057978460597	74.57566205639448	74.65222715054122	7.322444299746424	74.54967243536599	72.1252807184917	8.891944534310353
-1.7797016949152542	-1.3220898305084745	0.016607272241935287	0.04763324508726285	74.57566205639448	74.65222715054122	7.322444299746424	74.64629256832312	72.29199369786026	8.88389639283708
-1.7797016949152542	-1.2712440677966101	0.016607272241935287	0.0535495631421025	74.57566205639448	74.65222715054122	7.322444299746424	74.77644879166321	72.48736777845778	8.876574841674046
-1.7797016949152542	-1.2203983050847458	0.016607272241935287	0.060200721312535725	74.57566205639448	74.65222715054122	7.322444299746424	74.9354058270866	72.70716603034627	8.868366553104266
-1.7797016949152542	-1.1695525423728814	0.016607272241935287	0.06767799089102523	74.57566205639448	74.65222715054122	7.322444299746424	75.11670857652314	72.94568633505662	8.859171715263845
-1.7797016949152542	-1.118706779661017	0.016607272241935287	0.07608397958002418	74.57566205639448	74.65222715054122	7.322444299746424	75.31348233710189	73.19698676736249	8.84846581932154
-1.7797016949152542	-1.0678610169491525	0.016607272241935287	0.08553403953812092	74.57566205639448	74.65222715054122	7.322444299746424	75.5187557297482	73.45513538327445	8.835308265197916
-1.7797016949152542	-1.0170152542372881	0.016607272241935287	0.09615785031346677	74.57566205639448	74.65222715054122	7.322444299746424	75.72545864906644	73.71413680017629	8.8190215577806
-1.7797016949152542	-0.9661694915254238	0.016607272241935287	0.10810119838647589	74.57566205639448	74.65222715054122	7.322444299746424	75.92627735560231	73.96772078416673	8.800099110704904
-1.7797016949152542	-0.9153237288135593	0.016607272241935287	0.1215279777417781	74.57566205639448	74.65222715054122	7.322444299746424	76.11629914283644	74.2119279720452	8.77549792913058
-1.7797016949152542	-0.8644779661016949	0.016607272241935287	0.13662243892250697	74.57566205639448	74.65222715054122	7.322444299746424	76.28901377292794	74.44106017431864	8.747103888812207
-1.7797016949152542	-0.8136322033898306	0.016607272241935287	0.15359171742983244	74.57566205639448	74.65222715054122	7.322444299746424	76.44037884118845	74.65170544896905	8.713979828059315
-1.7797016949152542	-0.7627864406779661	0.016607272241935287	0.17266867616399467	74.57566205639448	74.65222715054122	7.322444299746424	76.56699727689957	74.84088908582179	8.676246603803452
-1.7797016949152542	-0.7119406779661017	0.016607272241935287	0.19411510091256737	74.57566205639448	74.65222715054122	7.322444299746424	76.66732097113845	75.00726223303579	8.63278352829156
-1.7797016949152542	-0.6610949152542372	0.016607272241935287	0.21822529273641061	74.57566205639448	74.65222715054122	7.322444299746424	76.73944950585535	75.14890290856866	8.585597641148098
-1.7797016949152542	-0.6102491525423729	0.016607272241935287	0.24533010655024695	74.57566205639448	74.65222715054122	7.322444299746424	76.78364565221008	75.26584404420255	8.534638362845087
-1.7797016949152542	-0.5594033898305085	0.016607272241935287	0.2758014913177542	74.57566205639448	74.65222715054122	7.322444299746424	76.80127092956592	75.35903575894227	8.479664783079379
-1.7797016949152542	-0.508557627118644	0.016607272241935287	0.3100575941645296	74.57566205639448	74.65222715054122	7.322444299746424	76.79341505883002	75.42900841845031	8.422647962153764
-1.7797016949152542	-0.45771186440677963	0.016607272241935287	0.34856849845071003	74.57566205639448	74.65222715054122	7.322444299746424	76.76296272091626	75.47797986160377	8.363252804588068
-1.7797016949152542	-0.40686610169491527	0.016607272241935287	0.39186267454461904	74.57566205639448	74.65222715054122	7.322444299746424	76.71238495839057	75.5076885329209	8.302858470462574
-1.7797016949152542	-0.35602033898305085	0.016607272241935287	0.4405342318189317	74.57566205639448	74.65222715054122	7.322444299746424	76.64490453878582	75.52060019201612	8.241831706805005
-1.7797016949152542	-0.30517457627118644	0.016607272241935287	0.49525107138571994	74.57566205639448	74.65222715054122	7.322444299746424	76.56352888530715	75.51897733068269	8.181122006031032
-1.7797016949152542	-0.254328813559322	0.016607272241935287	0.5567640514472341	74.57566205639448	74.65222715054122	7.322444299746424	76.47144254736915	75.50530313239342	8.12116779892643
-1.7797016949152542	-0.20348305084745763	0.016607272241935287	0.6259172910350144	74.57566205639448	74.65222715054122	7.322444299746424	76.37153478677708	75.48183311966733	8.062611508548962
-1.7797016949152542	-0.1526372881355932	0.016607272241935287	0.7036597535315913	74.57566205639448	74.65222715054122	7.322444299746424	76.26653435062259	75.45074663917819	8.00584691156924
-1.7797016949152542	-0.10179152542372881	0.016607272241935287	0.7910582689310004	74.57566205639448	74.65222715054122	7.322444299746424	76.15879511927416	75.4139426079901	7.951348770337621
-1.7797016949152542	-0.050945762711864406	0.016607272241935287	0.8893121735375996	74.57566205639448	74.65222715054122	7.322444299746424	76.0504374954197	75.37318381252724	7.8993181313400065
-1.7797016949152542	-0.0001	0.016607272241935287	0.9997697679981565	74.57566205639448	74.65222715054122	7.322444299746424	75.9430454523995	75.32979271276287	7.850283866121803
-1.7288559322033898	-3.0	0.01866998924613268	0.001	74.57566205639448	74.65222715054122	7.322444299746424	75.64925254850145	74.62166594009355	7.734290251247156
-1.7288559322033898	-2.9491542372881354	0.01866998924613268	0.001124205647631211	74.57566205639448	74.65222715054122	7.322444299746424	75.7466256151011	74.60940794103763	7.777182481931902
-1.7288559322033898	-2.8983084745762713	0.01866998924613268	0.001263838338165909	74.57566205639448	74.65222715054122	7.322444299746424	75.8481486672151	74.59379071898915	7.823673964077224
-1.7288559322033898	-2.8474627118644067	0.01866998924613268	0.0014208141974589592	74.57566205639448	74.65222715054122	7.322444299746424	75.95298068763978	74.5742391020065	7.8735472120285515
-1.7288559322033898	-2.7966169491525426	0.01866998924613268	0.0015972873450179669	74.57566205639448	74.65222715054122	7.322444299746424	76.05979267737021	74.54990236755225	7.926857124004666
-1.7288559322033898	-2.745771186440678	0.01866998924613268	0.0017956794541590607	74.57566205639448	74.65222715054122	7.322444299746424	76.16688167212423	74.51980118887899	7.983612922718904
-1.7288559322033898	-2.6949254237288134	0.01866998924613268	0.0020187129837009464	74.57566205639448	74.65222715054122	7.322444299746424	76.27218034761675	74.48286750966929	8.043689269199648
-1.7288559322033898	-2.6440796610169492	0.01866998924613268	0.002269448537223054	74.57566205639448	74.65222715054122	7.322444299746424	76.3734872037353	74.43819874243314	8.106322125995387
-1.7288559322033898	-2.5932338983050847	0.01866998924613268	0.0025513268625545478	74.57566205639448	74.65222715054122	7.322444299746424	76.46767056977363	74.38427520447556	8.171699991126324
-1.7288559322033898	-2.5423881355932205	0.01866998924613268	0.002868216067837038	74.57566205639448	74.65222715054122	7.322444299746424	76.55142271610754	74.31971334756568	8.239512516776937
-1.7288559322033898	-2.491542372881356	0.01866998924613268	0.0032244647020889827	74.57566205639448	74.65222715054122	7.322444299746424	76.62158070847707	74.24356727806423	8.308437293220843
-1.7288559322033898	-2.4406966101694914	0.01866998924613268	0.003624961428675924	74.57566205639448	74.65222715054122	7.322444299746424	76.6743358066201	74.15449505365544	8.377935394748778
-1.7288559322033898	-2.389850847457627	0.01866998924613268	0.0040752021105627725	74.57566205639448	74.65222715054122	7.322444299746424	76.70597330169159	74.05143122260444	8.447083689702769
-1.7288559322033898	-2.3390050847457626	0.01866998924613268	0.004581365227933299	74.57566205639448	74.65222715054122	7.322444299746424	76.71288008267409	73.93349995401246	8.51496410849336
-1.7288559322033898	-2.2881593220338985	0.01866998924613268	0.00515039666310386	74.57566205639448	74.65222715054122	7.322444299746424	76.69174314334724	73.80009538549074	8.580764152846951
-1.7288559322033898	-2.237313559322034	0.01866998924613268	0.005790105016202303	74.57566205639448	74.65222715054122	7.322444299746424	76.64014575581893	73.65133962438672	8.643143072074311
-1.7288559322033898	-2.1864677966101693	0.01866998924613268	0.006509268759592433	74.57566205639448	74.65222715054122	7.322444299746424	76.55625197786767	73.48761920665065	8.701457794519087
-1.7288559322033898	-2.135622033898305	0.01866998924613268	0.007317756701483213	74.57566205639448	74.65222715054122	7.322444299746424	76.43987078061242	73.31050336388935	8.754204954538752
-1.7288559322033898	-2.0847762711864406	0.01866998924613268	0.00822666341179857	74.57566205639448	74.65222715054122	7.322444299746424	76.29153315748079	73.12169050656696	8.801363808653289
-1.7288559322033898	-2.0339305084745765	0.01866998924613268	0.009248461468704988	74.57566205639448	74.65222715054122	7.322444299746424	76.11413496349631	72.92455158894849	8.84145955417483
-1.7288559322033898	-1.9830847457627119	0.01866998924613268	0.010397172615017792	74.57566205639448	74.65222715054122	7.322444299746424	75.91142212956808	72.72256016793929	8.874750403285269
-1.7288559322033898	-1.9322389830508475	0.01866998924613268	0.011688560173199561	74.57566205639448	74.65222715054122	7.322444299746424	75.68907950017153	72.52037913269353	8.900957723552942
-1.7288559322033898	-1.8813932203389832	0.01866998924613268	0.013140345359388184	74.57566205639448	74.65222715054122	7.322444299746424	75.45399220950502	72.32317667121399	8.920391721165174
-1.7288559322033898	-1.8305474576271186	0.01866998924613268	0.014772450464848772	74.57566205639448	74.65222715054122	7.322444299746424	75.21427573786609	72.13676409952632	8.933286120522071
-1.7288559322033898	-1.7797016949152542	0.01866998924613268	0.016607272241935287	74.57566205639448	74.65222715054122	7.322444299746424	74.97871947638775	71.96719000700412	8.940092400357374
-1.7288559322033898	-1.7288559322033898	0.01866998924613268	0.01866998924613268	74.57566205639448	74.65222715054122	7.322444299746424	74.75594923994635	71.82008099312374	8.942181382295628
-1.7288559322033898	-1.6780101694915255	0.01866998924613268	0.020988907351716324	74.57566205639448	74.65222715054122	7.322444299746424	74.55460613010949	71.70100702448539	8.940462086304745
-1.7288559322033898	-1.6271644067796611	0.01866998924613268	0.023595848182407723	74.57566205639448	74.65222715054122	7.322444299746424	74.38263140046725	71.61494495457106	8.93579843438871
-1.7288559322033898	-1.5763186440677965	0.01866998924613268	0.026526585787311405	74.57566205639448	74.65222715054122	7.322444299746424	74.24677475360274	71.56594049328625	8.929090199233334
-1.7288559322033898	-1.5254728813559322	0.01866998924613268	0.02982133755446928	74.57566205639448	74.65222715054122	7.322444299746424	74.15189159556672	71.55652531232599	8.921942665918744
-1.7288559322033898	-1.4746271186440678	0.01866998924613268	0.03352531609865107	74.57566205639448	74.65222715054122	7.322444299746424	74.10176000932114	71.58861266856044	8.914516621527936
-1.7288559322033898	-1.4237813559322035	0.01866998924613268	0.03768934969672507	74.57566205639448	74.65222715054122	7.322444299746424	74.09806246380897	71.6625206396973	8.90726582910782
-1.7288559322033898	-1.372935593220339	0.01866998924613268	0.04237057978460597	74.57566205639448	74.65222715054122	7.322444299746424	74.14041090919136	71.77700093006499	8.900829528818997
-1.7288559322033898	-1.3220898305084745	0.01866998924613268	0.04763324508726285	74.57566205639448	74.65222715054122	7.322444299746424	74.22700376741616	71.92987283003121	8.894852736973577
-1.7288559322033898	-1.2712440677966101	0.01866998924613268	0.0535495631421025	74.57566205639448	74.65222715054122	7.322444299746424	74.35377318891548	72.1171246914238	8.89001465525982
-1.7288559322033898	-1.2203983050847458	0.01866998924613268	0.060200721312535725	74.57566205639448	74.65222715054122	7.322444299746424	74.51626163024953	72.3347307759056	8.884739499367967
-1.7288559322033898	-1.1695525423728814	0.01866998924613268	0.06767799089102523	74.57566205639448	74.65222715054122	7.322444299746424	74.70762910866667	72.5765892556619	8.879754141701866
-1.7288559322033898	-1.118706779661017	0.01866998924613268	0.07608397958002418	74.57566205639448	74.65222715054122	7.322444299746424	74.92142423158644	72.83722057320075	8.873191923949292
-1.7288559322033898	-1.0678610169491525	0.01866998924613268	0.08553403953812092	74.57566205639448	74.65222715054122	7.322444299746424	75.14971662662992	73.10982394202863	8.865028970803943
-1.7288559322033898	-1.0170152542372881	0.01866998924613268	0.09615785031346677	74.57566205639448	74.65222715054122	7.322444299746424	75.38494324814306	73.38804920779508	8.854103967332737
-1.7288559322033898	-0.9661694915254238	0.01866998924613268	0.10810119838647589	74.57566205639448	74.65222715054122	7.322444299746424	75.61919742099458	73.66521413190317	8.840237165141614
-1.7288559322033898	-0.9153237288135593	0.01866998924613268	0.1215279777417781	74.57566205639448	74.65222715054122	7.322444299746424	75.8458558021518	73.93586308425428	8.821637033064107
-1.7288559322033898	-0.8644779661016949	0.01866998924613268	0.13662243892250697	74.57566205639448	74.65222715054122	7.322444299746424	76.0580613712649	74.19418917280872	8.79851731908313
-1.7288559322033898	-0.8136322033898306	0.01866998924613268	0.15359171742983244	74.57566205639448	74.65222715054122	7.322444299746424	76.25020851494354	74.43546685170945	8.770611035727066
-1.7288559322033898	-0.7627864406779661	0.01866998924613268	0.17266867616399467	74.57566205639448	74.65222715054122	7.322444299746424	76.41768442454651	74.65575356218811	8.738045282480147
-1.7288559322033898	-0.7119406779661017	0.01866998924613268	0.19411510091256737	74.57566205639448	74.65222715054122	7.322444299746424	76.55829618680687	74.8532893651527	8.698705873062059
-1.7288559322033898	-0.6610949152542372	0.01866998924613268	0.21822529273641061	74.57566205639448	74.65222715054122	7.322444299746424	76.66893405420579	75.02514937221456	8.654976746330748
-1.7288559322033898	-0.6102491525423729	0.01866998924613268	0.24533010655024695	74.57566205639448	74.65222715054122	7.322444299746424	76.748745951756	75.17042192959991	8.607316238081838
-1.7288559322033898	-0.5594033898305085	0.01866998924613268	0.2758014913177542	74.57566205639448	74.65222715054122	7.322444299746424	76.7992124437986	75.29030197495483	8.553897278699726
-1.7288559322033898	-0.508557627118644	0.01866998924613268	0.3100575941645296	74.57566205639448	74.65222715054122	7.322444299746424	76.82013868948093	75.38411383099927	8.49831569350529
-1.7288559322033898	-0.45771186440677963	0.01866998924613268	0.34856849845071003	74.57566205639448	74.65222715054122	7.322444299746424	76.81463587045147	75.45433199604011	8.439238588036963
-1.7288559322033898	-0.40686610169491527	0.01866998924613268	0.39186267454461904	74.57566205639448	74.65222715054122	7.322444299746424	76.78488656158028	75.50239128692341	8.378451659387789
-1.7288559322033898	-0.35602033898305085	0.01866998924613268	0.4405342318189317	74.57566205639448	74.65222715054122	7.322444299746424	76.73422835549998	75.53081730264269	8.316258584812132
-1.7288559322033898	-0.30517457627118644	0.01866998924613268	0.49525107138571994	74.57566205639448	74.65222715054122	7.322444299746424	76.66586143619153	75.54197765375223	8.253657040196549
-1.7288559322033898	-0.254328813559322	0.01866998924613268	0.5567640514472341	74.57566205639448	74.65222715054122	7.322444299746424	76.58314173526547	75.53841505474338	8.191394727595043
-1.7288559322033898	-0.20348305084745763	0.01866998924613268	0.6259172910350144	74.57566205639448	74.65222715054122	7.322444299746424	76.48941528988274	75.522714033078	8.129991985681793
-1.7288559322033898	-0.1526372881355932	0.01866998924613268	0.7036597535315913	74.57566205639448	74.65222715054122	7.322444299746424	76.38782691211037	75.49733441719553	8.069894664889647
-1.7288559322033898	-0.10179152542372881	0.01866998924613268	0.7910582689310004	74.57566205639448	74.65222715054122	7.322444299746424	76.28088999399631	75.46419788933333	8.012166549354413
-1.7288559322033898	-0.050945762711864406	0.01866998924613268	0.8893121735375996	74.57566205639448	74.65222715054122	7.322444299746424	76.17123663968559	75.42544740442943	7.956887455892072
-1.7288559322033898	-0.0001	0.01866998924613268	0.9997697679981565	74.57566205639448	74.65222715054122	7.322444299746424	76.06111235475173	75.3829442396515	7.904117647735747
-1.6780101694915255	-3.0	0.020988907351716324	0.001	74.57566205639448	74.65222715054122	7.322444299746424	75.61027421499473	74.64869946999083	7.720266657371281
-1.6780101694915255	-2.9491542372881354	0.020988907351716324	0.001124205647631211	74.57566205639448	74.65222715054122	7.322444299746424	75.7050101686278	74.63939851981516	7.762067930504253
-1.6780101694915255	-2.8983084745762713	0.020988907351716324	0.001263838338165909	74.57566205639448	74.65222715054122	7.322444299746424	75.8039854828685	74.62698654418301	7.807464407939604
-1.6780101694915255	-2.8474627118644067	0.020988907351716324	0.0014208141974589592	74.57566205639448	74.65222715054122	7.322444299746424	75.90647955783278	74.61093907626812	7.856150431762721
-1.6780101694915255	-2.7966169491525426	0.020988907351716324	0.0015972873450179669	74.57566205639448	74.65222715054122	7.322444299746424	76.011135772747	74.59029124619637	7.908405859639966
-1.6780101694915255	-2.745771186440678	0.020988907351716324	0.0017956794541590607	74.57566205639448	74.65222715054122	7.322444299746424	76.11640049597906	74.56410999590933	7.964121721115359
-1.6780101694915255	-2.6949254237288134	0.020988907351716324	0.0020187129837009464	74.57566205639448	74.65222715054122	7.322444299746424	76.22032766285096	74.5313301239904	8.023110529862219
-1.6780101694915255	-2.6440796610169492	0.020988907351716324	0.002269448537223054	74.57566205639448	74.65222715054122	7.322444299746424	76.3204734926802	74.49067505743776	8.085257976596127
-1.6780101694915255	-2.5932338983050847	0.020988907351716324	0.0025513268625545478	74.57566205639448	74.65222715054122	7.322444299746424	76.41403553556496	74.44081340954722	8.150223251524304
-1.6780101694915255	-2.5423881355932205	0.020988907351716324	0.002868216067837038	74.57566205639448	74.65222715054122	7.322444299746424	76.49810574747691	74.3806177351792	8.216967813417641
-1.6780101694915255	-2.491542372881356	0.020988907351716324	0.0032244647020889827	74.57566205639448	74.65222715054122	7.322444299746424	76.56878580885018	74.30826723251413	8.28562006169981
-1.6780101694915255	-2.4406966101694914	0.020988907351716324	0.003624961428675924	74.57566205639448	74.65222715054122	7.322444299746424	76.62243584529242	74.22246425161488	8.355163447446104
-1.6780101694915255	-2.389850847457627	0.020988907351716324	0.0040752021105627725	74.57566205639448	74.65222715054122	7.322444299746424	76.65533863090931	74.12204117270531	8.424386009709742
-1.6780101694915255	-2.3390050847457626	0.020988907351716324	0.004581365227933299	74.57566205639448	74.65222715054122	7.322444299746424	76.66315338307376	74.00533120552863	8.49335221261926
-1.6780101694915255	-2.2881593220338985	0.020988907351716324	0.00515039666310386	74.57566205639448	74.65222715054122	7.322444299746424	76.64274760615685	73.8718916797031	8.560216260592632
-1.6780101694915255	-2.237313559322034	0.020988907351716324	0.005790105016202303	74.57566205639448	74.65222715054122	7.322444299746424	76.59105794779059	73.72123560178657	8.624055978412546
-1.6780101694915255	-2.1864677966101693	0.020988907351716324	0.006509268759592433	74.57566205639448	74.65222715054122	7.322444299746424	76.50587213730903	73.55346883668531	8.6839226787815
-1.6780101694915255	-2.135622033898305	0.020988907351716324	0.007317756701483213	74.57566205639448	74.65222715054122	7.322444299746424	76.38618649078656	73.36950042580696	8.73873635086831
-1.6780101694915255	-2.0847762711864406	0.020988907351716324	0.00822666341179857	74.57566205639448	74.65222715054122	7.322444299746424	76.2322786169323	73.17097733956896	8.787709815806865
-1.6780101694915255	-2.0339305084745765	0.020988907351716324	0.009248461468704988	74.57566205639448	74.65222715054122	7.322444299746424	76.04598023105444	72.96044428082534	8.830246516702184
-1.6780101694915255	-1.9830847457627119	0.020988907351716324	0.010397172615017792	74.57566205639448	74.65222715054122	7.322444299746424	75.8310545684358	72.74164651597656	8.865455935837169
-1.6780101694915255	-1.9322389830508475	0.020988907351716324	0.011688560173199561	74.57566205639448	74.65222715054122	7.322444299746424	75.59255954156266	72.51886872955717	8.893461687489271
-1.6780101694915255	-1.8813932203389832	0.020988907351716324	0.013140345359388184	74.57566205639448	74.65222715054122	7.322444299746424	75.3371403489268	72.29725872890475	8.914583719457996
-1.6780101694915255	-1.8305474576271186	0.020988907351716324	0.014772450464848772	74.57566205639448	74.65222715054122	7.322444299746424	75.07288588465688	72.08277037570107	8.929118643783106
-1.6780101694915255	-1.7797016949152542	0.020988907351716324	0.016607272241935287	74.57566205639448	74.65222715054122	7.322444299746424	74.80894205371784	71.88191155684248	8.937358178971941
-1.6780101694915255	-1.7288559322033898	0.020988907351716324	0.01866998924613268	74.57566205639448	74.65222715054122	7.322444299746424	74.55466126743245	71.70106211602932	8.940351936749282
-1.6780101694915255	-1.6780101694915255	0.020988907351716324	0.020988907351716324	74.57566205639448	74.65222715054122	7.322444299746424	74.31938415253948	71.5464420294185	8.939272343684797
-1.6780101694915255	-1.6271644067796611	0.020988907351716324	0.023595848182407723	74.57566205639448	74.65222715054122	7.322444299746424	74.11209407842571	71.4239502729727	8.93503407259146
-1.6780101694915255	-1.5763186440677965	0.020988907351716324	0.026526585787311405	74.57566205639448	74.65222715054122	7.322444299746424	73.94067705786283	71.33859188123186	8.928753643620583
-1.6780101694915255	-1.5254728813559322	0.020988907351716324	0.02982133755446928	74.57566205639448	74.65222715054122	7.322444299746424	73.81155994824958	71.2942523143402	8.921600409926949
-1.6780101694915255	-1.4746271186440678	0.020988907351716324	0.03352531609865107	74.57566205639448	74.65222715054122	7.322444299746424	73.72956905322225	71.29365474712742	8.91439782308856
-1.6780101694915255	-1.4237813559322035	0.020988907351716324	0.03768934969672507	74.57566205639448	74.65222715054122	7.322444299746424	73.69760940366903	71.33809802727615	8.907839532786003
-1.6780101694915255	-1.372935593220339	0.020988907351716324	0.04237057978460597	74.57566205639448	74.65222715054122	7.322444299746424	73.71663451640204	71.4274480524492	8.902318100095211
-1.6780101694915255	-1.3220898305084745	0.020988907351716324	0.04763324508726285	74.57566205639448	74.65222715054122	7.322444299746424	73.78567293207455	71.5601543338474	8.897918396799948
-1.6780101694915255	-1.2712440677966101	0.020988907351716324	0.0535495631421025	74.57566205639448	74.65222715054122	7.322444299746424	73.90177584294557	71.7331632381411	8.894725412590738
-1.6780101694915255	-1.2203983050847458	0.020988907351716324	0.060200721312535725	74.57566205639448	74.65222715054122	7.322444299746424	74.06026631673961	71.94211514057575	8.892729043237845
-1.6780101694915255	-1.1695525423728814	0.020988907351716324	0.06767799089102523	74.57566205639448	74.65222715054122	7.322444299746424	74.25546662480903	72.18200831601293	8.890894184691328
-1.6780101694915255	-1.118706779661017	0.020988907351716324	0.07608397958002418	74.57566205639448	74.65222715054122	7.322444299746424	74.47996123147927	72.44639138171198	8.88926491237369
-1.6780101694915255	-1.0678610169491525	0.020988907351716324	0.08553403953812092	74.57566205639448	74.65222715054122	7.322444299746424	74.72664764861504	72.72934028487373	8.885565693227608
-1.6780101694915255	-1.0170152542372881	0.020988907351716324	0.09615785031346677	74.57566205639448	74.65222715054122	7.322444299746424	74.98677158481695	73.02341726407535	8.879874397854143
-1.6780101694915255	-0.9661694915254238	0.020988907351716324	0.10810119838647589	74.57566205639448	74.65222715054122	7.322444299746424	75.25190928632003	73.32157778771135	8.87141153195205
-1.6780101694915255	-0.9153237288135593	0.020988907351716324	0.1215279777417781	74.57566205639448	74.65222715054122	7.322444299746424	75.51414587030976	73.61727479187027	8.858916719512727
-1.6780101694915255	-0.8644779661016949	0.020988907351716324	0.13662243892250697	74.57566205639448	74.65222715054122	7.322444299746424	75.76560325243172	73.9039166669472	8.842277172905222
-1.6780101694915255	-0.8136322033898306	0.020988907351716324	0.15359171742983244	74.57566205639448	74.65222715054122	7.322444299746424	76.00001586351306	74.17637988932454	8.819972171022448
-1.6780101694915255	-0.7627864406779661	0.020988907351716324	0.17266867616399467	74.57566205639448	74.65222715054122	7.322444299746424	76.21149852544185	74.42972275326842	8.792025059035264
-1.6780101694915255	-0.7119406779661017	0.020988907351716324	0.19411510091256737	74.57566205639448	74.65222715054122	7.322444299746424	76.39512786388653	74.65972648903372	8.759178822104603
-1.6780101694915255	-0.6610949152542372	0.020988907351716324	0.21822529273641061	74.57566205639448	74.65222715054122	7.322444299746424	76.54841407569448	74.86434046809619	8.720146960642126
-1.6780101694915255	-0.6102491525423729	0.020988907351716324	0.24533010655024695	74.57566205639448	74.65222715054122	7.322444299746424	76.6692310508196	75.04160349758463	8.675780498337646
-1.6780101694915255	-0.5594033898305085	0.020988907351716324	0.2758014913177542	74.57566205639448	74.65222715054122	7.322444299746424	76.75715710910646	75.1909922252108	8.626258366267178
-1.6780101694915255	-0.508557627118644	0.020988907351716324	0.3100575941645296	74.57566205639448	74.65222715054122	7.322444299746424	76.8126027652071	75.31257177123743	8.57257783477335
-1.6780101694915255	-0.45771186440677963	0.020988907351716324	0.34856849845071003	74.57566205639448	74.65222715054122	7.322444299746424	76.83744633521155	75.40766698955879	8.514920913212789
-1.6780101694915255	-0.40686610169491527	0.020988907351716324	0.39186267454461904	74.57566205639448	74.65222715054122	7.322444299746424	76.83391711029984	75.4777909371304	8.454455131349004
-1.6780101694915255	-0.35602033898305085	0.020988907351716324	0.4405342318189317	74.57566205639448	74.65222715054122	7.322444299746424	76.80500597895535	75.52510496880019	8.392052526147488
-1.6780101694915255	-0.30517457627118644	0.020988907351716324	0.49525107138571994	74.57566205639448	74.65222715054122	7.322444299746424	76.754234879634	75.55223874529389	8.328289292195022
-1.6780101694915255	-0.254328813559322	0.020988907351716324	0.5567640514472341	74.57566205639448	74.65222715054122	7.322444299746424	76.68502227860277	75.56170342919427	8.264289134937584
-1.6780101694915255	-0.20348305084745763	0.020988907351716324	0.6259172910350144	74.57566205639448	74.65222715054122	7.322444299746424	76.60105284407432	75.55630274906981	8.200611488310756
-1.6780101694915255	-0.1526372881355932	0.020988907351716324	0.7036597535315913	74.57566205639448	74.65222715054122	7.322444299746424	76.50570433879047	75.53859387922357	8.138095242189783
-1.6780101694915255	-0.10179152542372881	0.020988907351716324	0.7910582689310004	74.57566205639448	74.65222715054122	7.322444299746424	76.40235309838666	75.51121835995998	8.077018526165041
-1.6780101694915255	-0.050945762711864406	0.020988907351716324	0.8893121735375996	74.57566205639448	74.65222715054122	7.322444299746424	76.29372865966158	75.47627292098932	8.018229376594622
-1.6780101694915255	-0.0001	0.020988907351716324	0.9997697679981565	74.57566205639448	74.65222715054122	7.322444299746424	76.18255157153502	75.43595599932821	7.961781815919767
-1.6271644067796611	-3.0	0.023595848182407723	0.001	74.57566205639448	74.65222715054122	7.322444299746424	75.57309897060959	74.67508438291244	7.706338779303655
-1.6271644067796611	-2.9491542372881354	0.023595848182407723	0.001124205647631211	74.57566205639448	74.65222715054122	7.322444299746424	75.66540796557588	74.66884666337185	7.746939024387971
-1.6271644067796611	-2.8983084745762713	0.023595848182407723	0.001263838338165909	74.57566205639448	74.65222715054122	7.322444299746424	75.7620835283979	74.65980673658437	7.791080758594351
-1.6271644067796611	-2.8474627118644067	0.023595848182407723	0.0014208141974589592	74.57566205639448	74.65222715054122	7.322444299746424	75.86239138998332	74.64736308326592	7.838647501930991
-1.6271644067796611	-2.7966169491525426	0.023595848182407723	0.0015972873450179669	74.57566205639448	74.65222715054122	7.322444299746424	75.96515318865198	74.63064972582346	7.8897431463919805
-1.6271644067796611	-2.745771186440678	0.023595848182407723	0.0017956794541590607	74.57566205639448	74.65222715054122	7.322444299746424	76.06884748068195	74.608670075693	7.9443919965187595
-1.6271644067796611	-2.6949254237288134	0.023595848182407723	0.0020187129837009464	74.57566205639448	74.65222715054122	7.322444299746424	76.17168976624642	74.58040856486927	8.00228469427746
-1.6271644067796611	-2.6440796610169492	0.023595848182407723	0.002269448537223054	74.57566205639448	74.65222715054122	7.322444299746424	76.27130890031364	74.54453527450427	8.063356204913967
-1.6271644067796611	-2.5932338983050847	0.023595848182407723	0.0025513268625545478	74.57566205639448	74.65222715054122	7.322444299746424	76.36491896821998	74.49959882197442	8.127402635949341
-1.6271644067796611	-2.5423881355932205	0.023595848182407723	0.002868216067837038	74.57566205639448	74.65222715054122	7.322444299746424	76.44951275642215	74.44423023940281	8.19369733516117
-1.6271644067796611	-2.491542372881356	0.023595848182407723	0.0032244647020889827	74.57566205639448	74.65222715054122	7.322444299746424	76.52139932162679	74.37667567069609	8.261991199361066
-1.6271644067796611	-2.4406966101694914	0.023595848182407723	0.003624961428675924	74.57566205639448	74.65222715054122	7.322444299746424	76.57683741749271	74.29540631555666	8.331389288820516
-1.6271644067796611	-2.389850847457627	0.023595848182407723	0.0040752021105627725	74.57566205639448	74.65222715054122	7.322444299746424	76.61169303008492	74.19872916191954	8.401285072254403
-1.6271644067796611	-2.3390050847457626	0.023595848182407723	0.004581365227933299	74.57566205639448	74.65222715054122	7.322444299746424	76.62210302368375	74.08537853236167	8.470373765784396
-1.6271644067796611	-2.2881593220338985	0.023595848182407723	0.00515039666310386	74.57566205639448	74.65222715054122	7.322444299746424	76.60398156365379	73.95392564688082	8.538091914202022
-1.6271644067796611	-2.237313559322034	0.023595848182407723	0.005790105016202303	74.57566205639448	74.65222715054122	7.322444299746424	76.55411731629569	73.80375429260266	8.602969022175797
-1.6271644067796611	-2.1864677966101693	0.023595848182407723	0.006509268759592433	74.57566205639448	74.65222715054122	7.322444299746424	76.46961213670983	73.63436186249508	8.66436028590479
-1.6271644067796611	-2.135622033898305	0.023595848182407723	0.007317756701483213	74.57566205639448	74.65222715054122	7.322444299746424	76.34888436214688	73.4462155738603	8.721089629290237
-1.6271644067796611	-2.0847762711864406	0.023595848182407723	0.00822666341179857	74.57566205639448	74.65222715054122	7.322444299746424	76.19172496213851	73.24066613137416	8.771956923458706
-1.6271644067796611	-2.0339305084745765	0.023595848182407723	0.009248461468704988	74.57566205639448	74.65222715054122	7.322444299746424	75.99915199666516	73.01967771066735	8.816565424316341
-1.6271644067796611	-1.9830847457627119	0.023595848182407723	0.010397172615017792	74.57566205639448	74.65222715054122	7.322444299746424	75.77439298503455	72.78671867344728	8.853737142069994
-1.6271644067796611	-1.9322389830508475	0.023595848182407723	0.011688560173199561	74.57566205639448	74.65222715054122	7.322444299746424	75.5217995278734	72.54562987730985	8.883846692816395
-1.6271644067796611	-1.8813932203389832	0.023595848182407723	0.013140345359388184	74.57566205639448	74.65222715054122	7.322444299746424	75.24789890452124	72.30168334470461	8.906623108426196
-1.6271644067796611	-1.8305474576271186	0.023595848182407723	0.014772450464848772	74.57566205639448	74.65222715054122	7.322444299746424	74.9606591348473	72.06091135183893	8.922228874632205
-1.6271644067796611	-1.7797016949152542	0.023595848182407723	0.016607272241935287	74.57566205639448	74.65222715054122	7.322444299746424	74.66878913758053	71.82952144403443	8.93200604232706
-1.6271644067796611	-1.7288559322033898	0.023595848182407723	0.01866998924613268	74.57566205639448	74.65222715054122	7.322444299746424	74.38267123873209	71.6149847577531	8.935718240732117
-1.6271644067796611	-1.6780101694915255	0.023595848182407723	0.020988907351716324	74.57566205639448	74.65222715054122	7.322444299746424	74.1121337461937	71.42398992798668	8.934955114325934
-1.6271644067796611	-1.6271644067796611	0.023595848182407723	0.023595848182407723	74.57566205639448	74.65222715054122	7.322444299746424	73.86709076306802	71.26327070811341	8.930714723402993
-1.6271644067796611	-1.5763186440677965	0.023595848182407723	0.026526585787311405	74.57566205639448	74.65222715054122	7.322444299746424	73.65648741551499	71.13872810750905	8.924412966488482
-1.6271644067796611	-1.5254728813559322	0.023595848182407723	0.02982133755446928	74.57566205639448	74.65222715054122	7.322444299746424	73.48831619288579	71.05559846749806	8.916846431418469
-1.6271644067796611	-1.4746271186440678	0.023595848182407723	0.03352531609865107	74.57566205639448	74.65222715054122	7.322444299746424	73.36869885346009	71.01765278427304	8.909197711249947
-1.6271644067796611	-1.4237813559322035	0.023595848182407723	0.03768934969672507	74.57566205639448	74.65222715054122	7.322444299746424	73.30190861915555	71.02729637208571	8.9023905206901
-1.6271644067796611	-1.372935593220339	0.023595848182407723	0.04237057978460597	74.57566205639448	74.65222715054122	7.322444299746424	73.29006172372348	71.08530030748648	8.89733968283274
-1.6271644067796611	-1.3220898305084745	0.023595848182407723	0.04763324508726285	74.57566205639448	74.65222715054122	7.322444299746424	73.33360646993634	71.19129533391886	8.893860388838073
-1.6271644067796611	-1.2712440677966101	0.023595848182407723	0.0535495631421025	74.57566205639448	74.65222715054122	7.322444299746424	73.43059447140853	71.34302209529825	8.892221430905769
-1.6271644067796611	-1.2203983050847458	0.023595848182407723	0.060200721312535725	74.57566205639448	74.65222715054122	7.322444299746424	73.57735389085869	71.53696172183352	8.892093240172525
-1.6271644067796611	-1.1695525423728814	0.023595848182407723	0.06767799089102523	74.57566205639448	74.65222715054122	7.322444299746424	73.76831333100895	71.76810396107096	8.893368974057038
-1.6271644067796611	-1.118706779661017	0.023595848182407723	0.07608397958002418	74.57566205639448	74.65222715054122	7.322444299746424	73.99720826444623	72.03108805246768	8.894328272822857
-1.6271644067796611	-1.0678610169491525	0.023595848182407723	0.08553403953812092	74.57566205639448	74.65222715054122	7.322444299746424	74.25524742621857	72.31829838511088	8.895991085203676
-1.6271644067796611	-1.0170152542372881	0.023595848182407723	0.09615785031346677	74.57566205639448	74.65222715054122	7.322444299746424	74.53470558923728	72.62338283276178	8.89567786159096
-1.6271644067796611	-0.9661694915254238	0.023595848182407723	0.10810119838647589	74.57566205639448	74.65222715054122	7.322444299746424	74.82652868844526	72.93878109266336	8.892593310399393
-1.6271644067796611	-0.9153237288135593	0.023595848182407723	0.1215279777417781	74.57566205639448	74.65222715054122	7.322444299746424	75.12137890562326	73.25669282027015	8.886525464833705
-1.6271644067796611	-0.8644779661016949	0.023595848182407723	0.13662243892250697	74.57566205639448	74.65222715054122	7.322444299746424	75.41108601126282	73.57045267625652	8.875704616662926
-1.6271644067796611	-0.8136322033898306	0.023595848182407723	0.15359171742983244	74.57566205639448	74.65222715054122	7.322444299746424	75.68740305169003	73.87321336753675	8.860003217614471
-1.6271644067796611	-0.7627864406779661	0.023595848182407723	0.17266867616399467	74.57566205639448	74.65222715054122	7.322444299746424	75.94313078269568	74.1590041742553	8.83929857304778
-1.6271644067796611	-0.7119406779661017	0.023595848182407723	0.19411510091256737	74.57566205639448	74.65222715054122	7.322444299746424	76.17320285375645	74.42376055666865	8.811775965983188
-1.6271644067796611	-0.6610949152542372	0.023595848182407723	0.21822529273641061	74.57566205639448	74.65222715054122	7.322444299746424	76.37209891144332	74.66269596128507	8.77943445028824
-1.6271644067796611	-0.6102491525423729	0.023595848182407723	0.24533010655024695	74.57566205639448	74.65222715054122	7.322444299746424	76.53817714522626	74.87460902582164	8.739578495142041
-1.6271644067796611	-0.5594033898305085	0.023595848182407723	0.2758014913177542	74.57566205639448	74.65222715054122	7.322444299746424	76.66892034255088	75.05712336750888	8.694313087317525
-1.6271644067796611	-0.508557627118644	0.023595848182407723	0.3100575941645296	74.57566205639448	74.65222715054122	7.322444299746424	76.76393984948317	75.20970233976475	8.644362175575989
-1.6271644067796611	-0.45771186440677963	0.023595848182407723	0.34856849845071003	74.57566205639448	74.65222715054122	7.322444299746424	76.82463055133114	75.33333245871538	8.589452035715919
-1.6271644067796611	-0.40686610169491527	0.023595848182407723	0.39186267454461904	74.57566205639448	74.65222715054122	7.322444299746424	76.85286369193005	75.42925728965663	8.530508783851811
-1.6271644067796611	-0.35602033898305085	0.023595848182407723	0.4405342318189317	74.57566205639448	74.65222715054122	7.322444299746424	76.85130774667452	75.49934807115702	8.46855028498691
-1.6271644067796611	-0.30517457627118644	0.023595848182407723	0.49525107138571994	74.57566205639448	74.65222715054122	7.322444299746424	76.82323050751882	75.54596086810157	8.404577731980574
-1.6271644067796611	-0.254328813559322	0.023595848182407723	0.5567640514472341	74.57566205639448	74.65222715054122	7.322444299746424	76.77235201965516	75.57184423248202	8.339388751492764
-1.6271644067796611	-0.20348305084745763	0.023595848182407723	0.6259172910350144	74.57566205639448	74.65222715054122	7.322444299746424	76.70230866681717	75.57965311824647	8.274206747127312
-1.6271644067796611	-0.1526372881355932	0.023595848182407723	0.7036597535315913	74.57566205639448	74.65222715054122	7.322444299746424	76.6171953248308	75.57253545379399	8.209216573568348
-1.6271644067796611	-0.10179152542372881	0.023595848182407723	0.7910582689310004	74.57566205639448	74.65222715054122	7.322444299746424	76.52040613073784	75.55300752816176	8.145581106505007
-1.6271644067796611	-0.050945762711864406	0.023595848182407723	0.8893121735375996	74.57566205639448	74.65222715054122	7.322444299746424	76.41556211945233	75.52390722491303	8.083360931769882
-1.6271644067796611	-0.0001	0.023595848182407723	0.9997697679981565	74.57566205639448	74.65222715054122	7.322444299746424	76.30541499078934	75.48731398744646	8.02356144226399
-1.5763186440677965	-3.0	0.026526585787311405	0.001	74.57566205639448	74.65222715054122	7.322444299746424	75.53750052992933	74.70054340072495	7.692428042160062
-1.5763186440677965	-2.9491542372881354	0.026526585787311405	0.001124205647631211	74.57566205639448	74.65222715054122	7.322444299746424	75.62747271869665	74.69733075261728	7.731916761320139
-1.5763186440677965	-2.8983084745762713	0.026526585787311405	0.001263838338165909	74.57566205639448	74.65222715054122	7.322444299746424	75.7220451536404	74.69174803606882	7.774707482058603
-1.5763186440677965	-2.8474627118644067	0.026526585787311405	0.0014208141974589592	74.57566205639448	74.65222715054122	7.322444299746424	75.8203822162697	74.68303511982161	7.821054861524041
-1.5763186440677965	-2.7966169491525426	0.026526585787311405	0.0015972873450179669	74.57566205639448	74.65222715054122	7.322444299746424	75.92140788742797	74.67035543180246	7.8710501663658
-1.5763186440677965	-2.745771186440678	0.026526585787311405	0.0017956794541590607	74.57566205639448	74.65222715054122	7.322444299746424	76.0239407475832	74.65296290240464	7.9242528563450545
-1.5763186440677965	-2.6949254237288134	0.026526585787311405	0.0020187129837009464	74.57566205639448	74.65222715054122	7.322444299746424	76.12598190624439	74.62952206687822	7.981008721001568
-1.5763186440677965	-2.6440796610169492	0.026526585787311405	0.002269448537223054	74.57566205639448	74.65222715054122	7.322444299746424	76.22531782073962	74.59874002345144	8.04116326153693
-1.5763186440677965	-2.5932338983050847	0.026526585787311405	0.0025513268625545478	74.57566205639448	74.65222715054122	7.322444299746424	76.31939901005424	74.55926934120674	8.104248874089281
-1.5763186440677965	-2.5423881355932205	0.026526585787311405	0.002868216067837038	74.57566205639448	74.65222715054122	7.322444299746424	76.40511782191861	74.50950010252865	8.169905101569807
-1.5763186440677965	-2.491542372881356	0.026526585787311405	0.0032244647020889827	74.57566205639448	74.65222715054122	7.322444299746424	76.4789497778904	74.44770372854839	8.237645744520622
-1.5763186440677965	-2.4406966101694914	0.026526585787311405	0.003624961428675924	74.57566205639448	74.65222715054122	7.322444299746424	76.53705578867736	74.37211949386933	8.306763417048064
-1.5763186440677965	-2.389850847457627	0.026526585787311405	0.0040752021105627725	74.57566205639448	74.65222715054122	7.322444299746424	76.57523182750106	74.28086758339305	8.376635152813583
-1.5763186440677965	-2.3390050847457626	0.026526585787311405	0.004581365227933299	74.57566205639448	74.65222715054122	7.322444299746424	76.58933400633249	74.17231350832871	8.446182073537317
-1.5763186440677965	-2.2881593220338985	0.026526585787311405	0.00515039666310386	74.57566205639448	74.65222715054122	7.322444299746424	76.57510599260557	74.04480937384582	8.514629895158107
-1.5763186440677965	-2.237313559322034	0.026526585787311405	0.005790105016202303	74.57566205639448	74.65222715054122	7.322444299746424	76.5288612688526	73.89726530223483	8.58066507783042
-1.5763186440677965	-2.1864677966101693	0.026526585787311405	0.006509268759592433	74.57566205639448	74.65222715054122	7.322444299746424	76.44728649895193	73.72882232126129	8.643432811479267
-1.5763186440677965	-2.135622033898305	0.026526585787311405	0.007317756701483213	74.57566205639448	74.65222715054122	7.322444299746424	76.32820044852191	73.53946736822533	8.701683556467643
-1.5763186440677965	-2.0847762711864406	0.026526585787311405	0.00822666341179857	74.57566205639448	74.65222715054122	7.322444299746424	76.17048462557963	73.3298194021838	8.75457686169238
-1.5763186440677965	-2.0339305084745765	0.026526585787311405	0.009248461468704988	74.57566205639448	74.65222715054122	7.322444299746424	75.97476088260518	73.10167343005278	8.800935810351325
-1.5763186440677965	-1.9830847457627119	0.026526585787311405	0.010397172615017792	74.57566205639448	74.65222715054122	7.322444299746424	75.74305290059104	72.8575552600116	8.840413000892404
-1.5763186440677965	-1.9322389830508475	0.026526585787311405	0.011688560173199561	74.57566205639448	74.65222715054122	7.322444299746424	75.47948736384414	72.60135581448202	8.872378345642744
-1.5763186440677965	-1.8813932203389832	0.026526585787311405	0.013140345359388184	74.57566205639448	74.65222715054122	7.322444299746424	75.18979853515555	72.33781902710702	8.896955678039543
-1.5763186440677965	-1.8305474576271186	0.026526585787311405	0.014772450464848772	74.57566205639448	74.65222715054122	7.322444299746424	74.8815127104571	72.07276566361932	8.914407997064346
-1.5763186440677965	-1.7797016949152542	0.026526585787311405	0.016607272241935287	74.57566205639448	74.65222715054122	7.322444299746424	74.56375814828105	71.81299623708223	8.924984448421883
-1.5763186440677965	-1.7288559322033898	0.026526585787311405	0.01866998924613268	74.57566205639448	74.65222715054122	7.322444299746424	74.24683274713766	71.56599850958592	8.928973879235182
-1.5763186440677965	-1.6780101694915255	0.026526585787311405	0.020988907351716324	74.57566205639448	74.65222715054122	7.322444299746424	73.94065025265144	71.33856506900345	8.928807235029534
-1.5763186440677965	-1.6271644067796611	0.026526585787311405	0.023595848182407723	74.57566205639448	74.65222715054122	7.322444299746424	73.65645551427949	71.13869617847928	8.924476671917523
-1.5763186440677965	-1.5763186440677965	0.026526585787311405	0.026526585787311405	74.57566205639448	74.65222715054122	7.322444299746424	73.4041114389082	70.97307041275745	8.91779409930414
-1.5763186440677965	-1.5254728813559322	0.026526585787311405	0.02982133755446928	74.57566205639448	74.65222715054122	7.322444299746424	73.19313260472627	70.84824366442216	8.90920238368389
-1.5763186440677965	-1.4746271186440678	0.026526585787311405	0.03352531609865107	74.57566205639448	74.65222715054122	7.322444299746424	73.03054390642356	70.76864207488302	8.901096858850767
-1.5763186440677965	-1.4237813559322035	0.026526585787311405	0.03768934969672507	74.57566205639448	74.65222715054122	7.322444299746424	72.92269188605384	70.73847038684802	8.893427565379465
-1.5763186440677965	-1.372935593220339	0.026526585787311405	0.04237057978460597	74.57566205639448	74.65222715054122	7.322444299746424	72.87308659740343	70.75961191815824	8.887491048754082
-1.5763186440677965	-1.3220898305084745	0.026526585787311405	0.04763324508726285	74.57566205639448	74.65222715054122	7.322444299746424	72.88326947911206	70.83251895796975	8.88391657372673
-1.5763186440677965	-1.2712440677966101	0.026526585787311405	0.0535495631421025	74.57566205639448	74.65222715054122	7.322444299746424	72.95269945945704	70.95609136652385	8.882852507351195
-1.5763186440677965	-1.2203983050847458	0.026526585787311405	0.060200721312535725	74.57566205639448	74.65222715054122	7.322444299746424	73.07867325974868	71.12756590715473	8.8843028106572
-1.5763186440677965	-1.1695525423728814	0.026526585787311405	0.06767799089102523	74.57566205639448	74.65222715054122	7.322444299746424	73.25711128609778	71.34325569041789	8.886919958402176
-1.5763186440677965	-1.118706779661017	0.026526585787311405	0.07608397958002418	74.57566205639448	74.65222715054122	7.322444299746424	73.48108474802102	71.59701838025408	8.8914658317516
-1.5763186440677965	-1.0678610169491525	0.026526585787311405	0.08553403953812092	74.57566205639448	74.65222715054122	7.322444299746424	73.74329666848735	71.88267181946506	8.89648659202121
-1.5763186440677965	-1.0170152542372881	0.026526585787311405	0.09615785031346677	74.57566205639448	74.65222715054122	7.322444299746424	74.03549974398985	72.19334115399094	8.900209457522172
-1.5763186440677965	-0.9661694915254238	0.026526585787311405	0.10810119838647589	74.57566205639448	74.65222715054122	7.322444299746424	74.34738560752574	72.52027400167646	8.903553365406353
-1.5763186440677965	-0.9153237288135593	0.026526585787311405	0.1215279777417781	74.57566205639448	74.65222715054122	7.322444299746424	74.67023987129197	72.85641707092708	8.903648816642463
-1.5763186440677965	-0.8644779661016949	0.026526585787311405	0.13662243892250697	74.57566205639448	74.65222715054122	7.322444299746424	74.99442761440974	73.19382322897249	8.899697441497642
-1.5763186440677965	-0.8136322033898306	0.026526585787311405	0.15359171742983244	74.57566205639448	74.65222715054122	7.322444299746424	75.31067379203024	73.52485248535942	8.891208007975571
-1.5763186440677965	-0.7627864406779661	0.026526585787311405	0.17266867616399467	74.57566205639448	74.65222715054122	7.322444299746424	75.61092359584225	73.84295682180687	8.876995545899334
-1.5763186440677965	-0.7119406779661017	0.026526585787311405	0.19411510091256737	74.57566205639448	74.65222715054122	7.322444299746424	75.88754894140307	74.14181755536204	8.857396896797887
-1.5763186440677965	-0.6610949152542372	0.026526585787311405	0.21822529273641061	74.57566205639448	74.65222715054122	7.322444299746424	76.13537324344458	74.4173128343456	8.830687068490484
-1.5763186440677965	-0.6102491525423729	0.026526585787311405	0.24533010655024695	74.57566205639448	74.65222715054122	7.322444299746424	76.34967237536978	74.66547670387787	8.797392701895571
-1.5763186440677965	-0.5594033898305085	0.026526585787311405	0.2758014913177542	74.57566205639448	74.65222715054122	7.322444299746424	76.52753622723887	74.88383619368305	8.757684962183426
-1.5763186440677965	-0.508557627118644	0.026526585787311405	0.3100575941645296	74.57566205639448	74.65222715054122	7.322444299746424	76.66759171630456	75.07113051679546	8.711884751709723
-1.5763186440677965	-0.45771186440677963	0.026526585787311405	0.34856849845071003	74.57566205639448	74.65222715054122	7.322444299746424	76.76984624716987	75.22717015033143	8.660551260933024
-1.5763186440677965	-0.40686610169491527	0.026526585787311405	0.39186267454461904	74.57566205639448	74.65222715054122	7.322444299746424	76.83556861429796	75.352750406395	8.60436036118191
-1.5763186440677965	-0.35602033898305085	0.026526585787311405	0.4405342318189317	74.57566205639448	74.65222715054122	7.322444299746424	76.86688742936397	75.44929634432395	8.544450546010895
-1.5763186440677965	-0.30517457627118644	0.026526585787311405	0.49525107138571994	74.57566205639448	74.65222715054122	7.322444299746424	76.86715591135388	75.51928331329111	8.481176807211305
-1.5763186440677965	-0.254328813559322	0.026526585787311405	0.5567640514472341	74.57566205639448	74.65222715054122	7.322444299746424	76.83977229800142	75.56511632276046	8.415942294443152
-1.5763186440677965	-0.20348305084745763	0.026526585787311405	0.6259172910350144	74.57566205639448	74.65222715054122	7.322444299746424	76.7886723964899	75.5896813467582	8.349702232618629
-1.5763186440677965	-0.1526372881355932	0.026526585787311405	0.7036597535315913	74.57566205639448	74.65222715054122	7.322444299746424	76.71820958776004	75.59627859745889	8.282752613922883
-1.5763186440677965	-0.10179152542372881	0.026526585787311405	0.7910582689310004	74.57566205639448	74.65222715054122	7.322444299746424	76.63182884623417	75.58734191600732	8.216996138566518
-1.5763186440677965	-0.050945762711864406	0.026526585787311405	0.8893121735375996	74.57566205639448	74.65222715054122	7.322444299746424	76.53395381958407	75.56636189519027	8.151869926203076
-1.5763186440677965	-0.0001	0.026526585787311405	0.9997697679981565	74.57566205639448	74.65222715054122	7.322444299746424	76.42745277390766	75.53537751876577	8.0891926399679
-1.5254728813559322	-3.0	0.02982133755446928	0.001	74.57566205639448	74.65222715054122	7.322444299746424	75.50322038220304	74.72481501770962	7.678421667440289
-1.5254728813559322	-2.9491542372881354	0.02982133755446928	0.001124205647631211	74.57566205639448	74.65222715054122	7.322444299746424	75.59105313703829	74.72468083709069	7.716611674221695
-1.5254728813559322	-2.8983084745762713	0.02982133755446928	0.001263838338165909	74.57566205639448	74.65222715054122	7.322444299746424	75.68352836135894	74.7224301167423	7.75826659104711
-1.5254728813559322	-2.8474627118644067	0.02982133755446928	0.0014208141974589592	74.57566205639448	74.65222715054122	7.322444299746424	75.78000888754175	74.71744922120193	7.8034206362962015
-1.5254728813559322	-2.7966169491525426	0.02982133755446928	0.0015972873450179669	74.57566205639448	74.65222715054122	7.322444299746424	75.87974630701105	74.70916186040772	7.851716469364735
-1.5254728813559322	-2.745771186440678	0.02982133755446928	0.0017956794541590607	74.57566205639448	74.65222715054122	7.322444299746424	75.98071920361609	74.69589863080303	7.904622960602367
-1.5254728813559322	-2.6949254237288134	0.02982133755446928	0.0020187129837009464	74.57566205639448	74.65222715054122	7.322444299746424	76.08229794729235	74.67759353591555	7.959998128123013
-1.5254728813559322	-2.6440796610169492	0.02982133755446928	0.002269448537223054	74.57566205639448	74.65222715054122	7.322444299746424	76.1819379535063	74.65250716611871	8.018606754066894
-1.5254728813559322	-2.5932338983050847	0.02982133755446928	0.0025513268625545478	74.57566205639448	74.65222715054122	7.322444299746424	76.27690142340359	74.61897500263116	8.080607823710162
-1.5254728813559322	-2.5423881355932205	0.02982133755446928	0.002868216067837038	74.57566205639448	74.65222715054122	7.322444299746424	76.36432516965868	74.57549353308745	8.145373185325834
-1.5254728813559322	-2.491542372881356	0.02982133755446928	0.0032244647020889827	74.57566205639448	74.65222715054122	7.322444299746424	76.44078811495619	74.52029558834091	8.212368658152284
-1.5254728813559322	-2.4406966101694914	0.02982133755446928	0.003624961428675924	74.57566205639448	74.65222715054122	7.322444299746424	76.50225655577033	74.4512879927982	8.281341687942978
-1.5254728813559322	-2.389850847457627	0.02982133755446928	0.0040752021105627725	74.57566205639448	74.65222715054122	7.322444299746424	76.54466319766154	74.36660342767124	8.351329762378603
-1.5254728813559322	-2.3390050847457626	0.02982133755446928	0.004581365227933299	74.57566205639448	74.65222715054122	7.322444299746424	76.56389449405151	74.26453821671912	8.420947700462555
-1.5254728813559322	-2.2881593220338985	0.02982133755446928	0.00515039666310386	74.57566205639448	74.65222715054122	7.322444299746424	76.555169857552	74.14285682198927	8.490008578491276
-1.5254728813559322	-2.237313559322034	0.02982133755446928	0.005790105016202303	74.57566205639448	74.65222715054122	7.322444299746424	76.5145489879203	74.00019927511786	8.556994400943159
-1.5254728813559322	-2.1864677966101693	0.02982133755446928	0.006509268759592433	74.57566205639448	74.65222715054122	7.322444299746424	76.43823511854633	73.83526295102321	8.621034989106064
-1.5254728813559322	-2.135622033898305	0.02982133755446928	0.007317756701483213	74.57566205639448	74.65222715054122	7.322444299746424	76.32345220792787	73.64754160113338	8.680816912184065
-1.5254728813559322	-2.0847762711864406	0.02982133755446928	0.00822666341179857	74.57566205639448	74.65222715054122	7.322444299746424	76.16835875706859	73.43709383950694	8.73545578639365
-1.5254728813559322	-2.0339305084745765	0.02982133755446928	0.009248461468704988	74.57566205639448	74.65222715054122	7.322444299746424	75.97271055406796	73.20506726867671	8.783832519480923
-1.5254728813559322	-1.9830847457627119	0.02982133755446928	0.010397172615017792	74.57566205639448	74.65222715054122	7.322444299746424	75.73771870116751	72.95343635566488	8.825468017482752
-1.5254728813559322	-1.9322389830508475	0.02982133755446928	0.011688560173199561	74.57566205639448	74.65222715054122	7.322444299746424	75.46664495934388	72.68551234711393	8.859743002306274
-1.5254728813559322	-1.8813932203389832	0.02982133755446928	0.013140345359388184	74.57566205639448	74.65222715054122	7.322444299746424	75.16474180985722	72.40584329235485	8.886209934049882
-1.5254728813559322	-1.8305474576271186	0.02982133755446928	0.014772450464848772	74.57566205639448	74.65222715054122	7.322444299746424	74.83902525881025	72.12000106474925	8.904956111680393
-1.5254728813559322	-1.7797016949152542	0.02982133755446928	0.016607272241935287	74.57566205639448	74.65222715054122	7.322444299746424	74.49803075669153	71.83440595430746	8.916699452794454
-1.5254728813559322	-1.7288559322033898	0.02982133755446928	0.01866998924613268	74.57566205639448	74.65222715054122	7.322444299746424	74.15203637482321	71.55666998651778	8.921653767760358
-1.5254728813559322	-1.6780101694915255	0.02982133755446928	0.020988907351716324	74.57566205639448	74.65222715054122	7.322444299746424	73.81156056058643	71.29425292471704	8.92159737244487
-1.5254728813559322	-1.6271644067796611	0.02982133755446928	0.023595848182407723	74.57566205639448	74.65222715054122	7.322444299746424	73.488193794245	71.05547611288547	8.917091038121537
-1.5254728813559322	-1.5763186440677965	0.02982133755446928	0.026526585787311405	74.57566205639448	74.65222715054122	7.322444299746424	73.19313050541199	70.84824152992384	8.909207423271605
-1.5254728813559322	-1.5254728813559322	0.02982133755446928	0.02982133755446928	74.57566205639448	74.65222715054122	7.322444299746424	72.93651840691133	70.67955751064191	8.899629701620018
-1.5254728813559322	-1.4746271186440678	0.02982133755446928	0.03352531609865107	74.57566205639448	74.65222715054122	7.322444299746424	72.72719851094716	70.55542803033147	8.890081148489179
-1.5254728813559322	-1.4237813559322035	0.02982133755446928	0.03768934969672507	74.57566205639448	74.65222715054122	7.322444299746424	72.57283118795533	70.48109488762636	8.881146406609979
-1.5254728813559322	-1.372935593220339	0.02982133755446928	0.04237057978460597	74.57566205639448	74.65222715054122	7.322444299746424	72.47856008660902	70.45977862909251	8.874244982068488
-1.5254728813559322	-1.3220898305084745	0.02982133755446928	0.04763324508726285	74.57566205639448	74.65222715054122	7.322444299746424	72.44778486007172	70.49349196649489	8.869638078627329
-1.5254728813559322	-1.2712440677966101	0.02982133755446928	0.0535495631421025	74.57566205639448	74.65222715054122	7.322444299746424	72.48112301548451	70.58200932305016	8.868309964663904
-1.5254728813559322	-1.2203983050847458	0.02982133755446928	0.060200721312535725	74.57566205639448	74.65222715054122	7.322444299746424	72.57767270930796	70.72411207692295	8.869473979893872
-1.5254728813559322	-1.1695525423728814	0.02982133755446928	0.06767799089102523	74.57566205639448	74.65222715054122	7.322444299746424	72.73363908334419	70.91617806231737	8.873562657969917
-1.5254728813559322	-1.118706779661017	0.02982133755446928	0.07608397958002418	74.57566205639448	74.65222715054122	7.322444299746424	72.94369393493271	71.15349118881241	8.879937947592138
-1.5254728813559322	-1.0678610169491525	0.02982133755446928	0.08553403953812092	74.57566205639448	74.65222715054122	7.322444299746424	73.20081871451178	71.43002631554144	8.887760434382445
-1.5254728813559322	-1.0170152542372881	0.02982133755446928	0.09615785031346677	74.57566205639448	74.65222715054122	7.322444299746424	73.49643017030478	71.73850946191232	8.896426814807262
-1.5254728813559322	-0.9661694915254238	0.02982133755446928	0.10810119838647589	74.57566205639448	74.65222715054122	7.322444299746424	73.82172098181546	72.07168861008468	8.90366295754203
-1.5254728813559322	-0.9153237288135593	0.02982133755446928	0.1215279777417781	74.57566205639448	74.65222715054122	7.322444299746424	74.16588046367323	72.42047938069243	8.90991017935183
-1.5254728813559322	-0.8644779661016949	0.02982133755446928	0.13662243892250697	74.57566205639448	74.65222715054122	7.322444299746424	74.51937068019022	72.77716288009788	8.912640530980488
-1.5254728813559322	-0.8136322033898306	0.02982133755446928	0.15359171742983244	74.57566205639448	74.65222715054122	7.322444299746424	74.87182825909105	73.13320549197361	8.911421967631327
-1.5254728813559322	-0.7627864406779661	0.02982133755446928	0.17266867616399467	74.57566205639448	74.65222715054122	7.322444299746424	75.21388729515226	73.48099943603728	8.90508846864332
-1.5254728813559322	-0.7119406779661017	0.02982133755446928	0.19411510091256737	74.57566205639448	74.65222715054122	7.322444299746424	75.5370382696223	73.81364250781404	8.892777162500977
-1.5254728813559322	-0.6610949152542372	0.02982133755446928	0.21822529273641061	74.57566205639448	74.65222715054122	7.322444299746424	75.83432658241956	74.12556467479384	8.873148242014203
-1.5254728813559322	-0.6102491525423729	0.02982133755446928	0.24533010655024695	74.57566205639448	74.65222715054122	7.322444299746424	76.09900515125582	74.4111213784215	8.847551863628834
-1.5254728813559322	-0.5594033898305085	0.02982133755446928	0.2758014913177542	74.57566205639448	74.65222715054122	7.322444299746424	76.32755551373067	74.66757149491801	8.814264632397936
-1.5254728813559322	-0.508557627118644	0.02982133755446928	0.3100575941645296	74.57566205639448	74.65222715054122	7.322444299746424	76.51688935998273	74.89225634695045	8.774186582217652
-1.5254728813559322	-0.45771186440677963	0.02982133755446928	0.34856849845071003	74.57566205639448	74.65222715054122	7.322444299746424	76.66576771175106	75.08401777501258	8.727892779018386
-1.5254728813559322	-0.40686610169491527	0.02982133755446928	0.39186267454461904	74.57566205639448	74.65222715054122	7.322444299746424	76.77470119463626	75.24311783457632	8.675570927557876
-1.5254728813559322	-0.35602033898305085	0.02982133755446928	0.4405342318189317	74.57566205639448	74.65222715054122	7.322444299746424	76.84502929469019	75.37035631719603	8.618448663347356
-1.5254728813559322	-0.30517457627118644	0.02982133755446928	0.49525107138571994	74.57566205639448	74.65222715054122	7.322444299746424	76.87938480951927	75.46758658603423	8.557365937703143
-1.5254728813559322	-0.254328813559322	0.02982133755446928	0.5567640514472341	74.57566205639448	74.65222715054122	7.322444299746424	76.88135757672204	75.53744044746992	8.49288992298995
-1.5254728813559322	-0.20348305084745763	0.02982133755446928	0.6259172910350144	74.57566205639448	74.65222715054122	7.322444299746424	76.85465907631232	75.58255635539388	8.426429057408942
-1.5254728813559322	-0.1526372881355932	0.02982133755446928	0.7036597535315913	74.57566205639448	74.65222715054122	7.322444299746424	76.80362613571548	75.60614517171393	8.358696759627284
-1.5254728813559322	-0.10179152542372881	0.02982133755446928	0.7910582689310004	74.57566205639448	74.65222715054122	7.322444299746424	76.73229328096475	75.61111868192988	8.291104769429372
-1.5254728813559322	-0.050945762711864406	0.02982133755446928	0.8893121735375996	74.57566205639448	74.65222715054122	7.322444299746424	76.64509957308795	75.60084330043358	8.22395812649435
-1.5254728813559322	-0.0001	0.02982133755446928	0.9997697679981565	74.57566205639448	74.65222715054122	7.322444299746424	76.54592127064295	75.5782095504639	8.158095256309064
-1.4746271186440678	-3.0	0.03352531609865107	0.001	74.57566205639448	74.65222715054122	7.322444299746424	75.4698152808939	74.7474838781501	7.664534934231407
-1.4746271186440678	-2.9491542372881354	0.03352531609865107	0.001124205647631211	74.57566205639448	74.65222715054122	7.322444299746424	75.55548641326025	74.75025291395339	7.701599606449138
-1.4746271186440678	-2.8983084745762713	0.03352531609865107	0.001263838338165909	74.57566205639448	74.65222715054122	7.322444299746424	75.64602274357298	74.75134923471516	7.74194191926672
-1.4746271186440678	-2.8474627118644067	0.03352531609865107	0.0014208141974589592	74.57566205639448	74.65222715054122	7.322444299746424	75.74076797745276	74.7500929310977	7.785817899199094
-1.4746271186440678	-2.7966169491525426	0.03352531609865107	0.0015972873450179669	74.57566205639448	74.65222715054122	7.322444299746424	75.83906974682057	74.74594191999695	7.832894773659202
-1.4746271186440678	-2.745771186440678	0.03352531609865107	0.0017956794541590607	74.57566205639448	74.65222715054122	7.322444299746424	75.93937766908724	74.7376198721606	7.883945295222014
-1.4746271186440678	-2.6949254237288134	0.03352531609865107	0.0020187129837009464	74.57566205639448	74.65222715054122	7.322444299746424	76.04062342982796	74.7245278226744	7.937975084654604
-1.4746271186440678	-2.6440796610169492	0.03352531609865107	0.002269448537223054	74.57566205639448	74.65222715054122	7.322444299746424	76.1404318479528	74.70498540213062	7.995702977251223
-1.4746271186440678	-2.5932338983050847	0.03352531609865107	0.0025513268625545478	74.57566205639448	74.65222715054122	7.322444299746424	76.2365357112352	74.67767361557583	8.056634191826973
-1.4746271186440678	-2.5423881355932205	0.03352531609865107	0.002868216067837038	74.57566205639448	74.65222715054122	7.322444299746424	76.32599597088979	74.640877128395	8.120566900027393
-1.4746271186440678	-2.491542372881356	0.03352531609865107	0.0032244647020889827	74.57566205639448	74.65222715054122	7.322444299746424	76.40551559519521	74.59281066299609	8.1869451777059
-1.4746271186440678	-2.4406966101694914	0.03352531609865107	0.003624961428675924	74.57566205639448	74.65222715054122	7.322444299746424	76.47131681264389	74.53149569128279	8.255153091038514
-1.4746271186440678	-2.389850847457627	0.03352531609865107	0.0040752021105627725	74.57566205639448	74.65222715054122	7.322444299746424	76.51912779867735	74.45472900965659	8.32466134018616
-1.4746271186440678	-2.3390050847457626	0.03352531609865107	0.004581365227933299	74.57566205639448	74.65222715054122	7.322444299746424	76.54430785932703	74.36016930814462	8.3950006968308
-1.4746271186440678	-2.2881593220338985	0.03352531609865107	0.00515039666310386	74.57566205639448	74.65222715054122	7.322444299746424	76.54279518056659	74.24622143536747	8.464192999901083
-1.4746271186440678	-2.237313559322034	0.03352531609865107	0.005790105016202303	74.57566205639448	74.65222715054122	7.322444299746424	76.50978498654027	74.11062664328956	8.531843891218628
-1.4746271186440678	-2.1864677966101693	0.03352531609865107	0.006509268759592433	74.57566205639448	74.65222715054122	7.322444299746424	76.44083644823299	73.95145840405523	8.597478188455627
-1.4746271186440678	-2.135622033898305	0.03352531609865107	0.007317756701483213	74.57566205639448	74.65222715054122	7.322444299746424	76.33306644344646	73.76818474498336	8.658806789088219
-1.4746271186440678	-2.0847762711864406	0.03352531609865107	0.00822666341179857	74.57566205639448	74.65222715054122	7.322444299746424	76.18376783656599	73.56014458171067	8.715194530331821
-1.4746271186440678	-2.0339305084745765	0.03352531609865107	0.009248461468704988	74.57566205639448	74.65222715054122	7.322444299746424	75.991637704006	73.3276333424505	8.765920016544273
-1.4746271186440678	-1.9830847457627119	0.03352531609865107	0.010397172615017792	74.57566205639448	74.65222715054122	7.322444299746424	75.75720519348573	73.0722013672312	8.809979781080079
-1.4746271186440678	-1.9322389830508475	0.03352531609865107	0.011688560173199561	74.57566205639448	74.65222715054122	7.322444299746424	75.48306117760588	72.79678064775503	8.84615923303644
-1.4746271186440678	-1.8813932203389832	0.03352531609865107	0.013140345359388184	74.57566205639448	74.65222715054122	7.322444299746424	75.17306210187952	72.50482746434614	8.874956553870252
-1.4746271186440678	-1.8305474576271186	0.03352531609865107	0.014772450464848772	74.57566205639448	74.65222715054122	7.322444299746424	74.83399972327581	72.20198025319932	8.895311782164944
-1.4746271186440678	-1.7797016949152542	0.03352531609865107	0.016607272241935287	74.57566205639448	74.65222715054122	7.322444299746424	74.47368815362411	71.89418986486771	8.908204676266669
-1.4746271186440678	-1.7288559322033898	0.03352531609865107	0.01866998924613268	74.57566205639448	74.65222715054122	7.322444299746424	74.1019845391416	71.58883720168288	8.914068185844565
-1.4746271186440678	-1.6780101694915255	0.03352531609865107	0.020988907351716324	74.57566205639448	74.65222715054122	7.322444299746424	73.72956937339299	71.29365505030819	8.914397101956403
-1.4746271186440678	-1.6271644067796611	0.03352531609865107	0.023595848182407723	74.57566205639448	74.65222715054122	7.322444299746424	73.36860160439971	71.01755555305999	8.909392094520864
-1.4746271186440678	-1.5763186440677965	0.03352531609865107	0.026526585787311405	74.57566205639448	74.65222715054122	7.322444299746424	73.03080862908241	70.76890681163273	8.900567346846097
-1.4746271186440678	-1.5254728813559322	0.03352531609865107	0.02982133755446928	74.57566205639448	74.65222715054122	7.322444299746424	72.72699699164268	70.55522655463751	8.89048346491314
-1.4746271186440678	-1.4746271186440678	0.03352531609865107	0.03352531609865107	74.57566205639448	74.65222715054122	7.322444299746424	72.46841833625678	70.38471147778644	8.878817174351743
-1.4746271186440678	-1.4237813559322035	0.03352531609865107	0.03768934969672507	74.57566205639448	74.65222715054122	7.322444299746424	72.26340299442987	70.26300411391664	8.868029641640232
-1.4746271186440678	-1.372935593220339	0.03352531609865107	0.04237057978460597	74.57566205639448	74.65222715054122	7.322444299746424	72.11899158233521	70.19492073690752	8.859236361473783
-1.4746271186440678	-1.3220898305084745	0.03352531609865107	0.04763324508726285	74.57566205639448	74.65222715054122	7.322444299746424	72.04024585337105	70.18382140706616	8.852968750952774
-1.4746271186440678	-1.2712440677966101	0.03352531609865107	0.0535495631421025	74.57566205639448	74.65222715054122	7.322444299746424	72.02985203308766	70.23123757339478	8.849590730850025
-1.4746271186440678	-1.2203983050847458	0.03352531609865107	0.060200721312535725	74.57566205639448	74.65222715054122	7.322444299746424	72.08765038543604	70.33639836511466	8.850124066775923
-1.4746271186440678	-1.1695525423728814	0.03352531609865107	0.06767799089102523	74.57566205639448	74.65222715054122	7.322444299746424	72.2115701583606	70.49714003375195	8.854478560052163
-1.4746271186440678	-1.118706779661017	0.03352531609865107	0.07608397958002418	74.57566205639448	74.65222715054122	7.322444299746424	72.39771280568961	70.70994919251044	8.861586998582267
-1.4746271186440678	-1.0678610169491525	0.03352531609865107	0.08553403953812092	74.57566205639448	74.65222715054122	7.322444299746424	72.63968111500277	70.96924068565544	8.871225677860178
-1.4746271186440678	-1.0170152542372881	0.03352531609865107	0.09615785031346677	74.57566205639448	74.65222715054122	7.322444299746424	72.92949941678293	71.26822046835699	8.882770647944726
-1.4746271186440678	-0.9661694915254238	0.03352531609865107	0.10810119838647589	74.57566205639448	74.65222715054122	7.322444299746424	73.2582235513395	71.5994318343338	8.894708896390307
-1.4746271186440678	-0.9153237288135593	0.03352531609865107	0.1215279777417781	74.57566205639448	74.65222715054122	7.322444299746424	73.61573384768961	71.9544790243958	8.905860526004412
-1.4746271186440678	-0.8644779661016949	0.03352531609865107	0.13662243892250697	74.57566205639448	74.65222715054122	7.322444299746424	73.99140574081322	72.32462318763461	8.914900440951268
-1.4746271186440678	-0.8136322033898306	0.03352531609865107	0.15359171742983244	74.57566205639448	74.65222715054122	7.322444299746424	74.3748156139397	72.70140726675052	8.919865259265089
-1.4746271186440678	-0.7627864406779661	0.03352531609865107	0.17266867616399467	74.57566205639448	74.65222715054122	7.322444299746424	74.75449351793743	73.07532467395657	8.921529225147676
-1.4746271186440678	-0.7119406779661017	0.03352531609865107	0.19411510091256737	74.57566205639448	74.65222715054122	7.322444299746424	75.12143552614425	73.43924533797063	8.917234081097634
-1.4746271186440678	-0.6610949152542372	0.03352531609865107	0.21822529273641061	74.57566205639448	74.65222715054122	7.322444299746424	75.46698457523209	73.78621357665199	8.90589528673423
-1.4746271186440678	-0.6102491525423729	0.03352531609865107	0.24533010655024695	74.57566205639448	74.65222715054122	7.322444299746424	75.78313741695435	74.10967995841796	8.888008359800429
-1.4746271186440678	-0.5594033898305085	0.03352531609865107	0.2758014913177542	74.57566205639448	74.65222715054122	7.322444299746424	76.0645500049182	74.40544504981796	8.862101548950752
-1.4746271186440678	-0.508557627118644	0.03352531609865107	0.3100575941645296	74.57566205639448	74.65222715054122	7.322444299746424	76.30606012447382	74.66913886761967	8.829947953366984
-1.4746271186440678	-0.45771186440677963	0.03352531609865107	0.34856849845071003	74.57566205639448	74.65222715054122	7.322444299746424	76.50641126968456	74.89992336055893	8.789175268937191
-1.4746271186440678	-0.40686610169491527	0.03352531609865107	0.39186267454461904	74.57566205639448	74.65222715054122	7.322444299746424	76.66360629555194	75.0958480716256	8.7424140560953
-1.4746271186440678	-0.35602033898305085	0.03352531609865107	0.4405342318189317	74.57566205639448	74.65222715054122	7.322444299746424	76.77865993670888	75.25762599615288	8.68947467180501
-1.4746271186440678	-0.30517457627118644	0.03352531609865107	0.49525107138571994	74.57566205639448	74.65222715054122	7.322444299746424	76.85335982465028	75.3864384638717	8.631371603169743
-1.4746271186440678	-0.254328813559322	0.03352531609865107	0.5567640514472341	74.57566205639448	74.65222715054122	7.322444299746424	76.89065032066623	75.48437532104158	8.569006945498641
-1.4746271186440678	-0.20348305084745763	0.03352531609865107	0.6259172910350144	74.57566205639448	74.65222715054122	7.322444299746424	76.89412520178016	75.55399372418451	8.50359823107061
-1.4746271186440678	-0.1526372881355932	0.03352531609865107	0.7036597535315913	74.57566205639448	74.65222715054122	7.322444299746424	76.86785147579292	75.59821004620082	8.436442187915432
-1.4746271186440678	-0.10179152542372881	0.03352531609865107	0.7910582689310004	74.57566205639448	74.65222715054122	7.322444299746424	76.81692595633365	75.62092185184962	8.36726612940997
-1.4746271186440678	-0.050945762711864406	0.03352531609865107	0.8893121735375996	74.57566205639448	74.65222715054122	7.322444299746424	76.74516528129898	75.62475606433874	8.298357296411732
-1.4746271186440678	-0.0001	0.03352531609865107	0.9997697679981565	74.57566205639448	74.65222715054122	7.322444299746424	76.65697084877202	75.61298316731491	8.230462000875018
-1.4237813559322035	-3.0	0.03768934969672507	0.001	74.57566205639448	74.65222715054122	7.322444299746424	75.43687393678984	74.76818289339617	7.650929929536724
-1.4237813559322035	-2.9491542372881354	0.03768934969672507	0.001124205647631211	74.57566205639448	74.65222715054122	7.322444299746424	75.52058639465908	74.7739003724988	7.686507337142865
-1.4237813559322035	-2.8983084745762713	0.03768934969672507	0.001263838338165909	74.57566205639448	74.65222715054122	7.322444299746424	75.6092461873872	74.77825611699457	7.7254547220213565
-1.4237813559322035	-2.8474627118644067	0.03768934969672507	0.0014208141974589592	74.57566205639448	74.65222715054122	7.322444299746424	75.7023884053725	74.78071900678873	7.767834809962579
-1.4237813559322035	-2.7966169491525426	0.03768934969672507	0.0015972873450179669	74.57566205639448	74.65222715054122	7.322444299746424	75.7991985440947	74.78052784840777	7.8138633018961885
-1.4237813559322035	-2.745771186440678	0.03768934969672507	0.0017956794541590607	74.57566205639448	74.65222715054122	7.322444299746424	75.89877344249956	74.77698120582964	7.863276881247496
-1.4237813559322035	-2.6949254237288134	0.03768934969672507	0.0020187129837009464	74.57566205639448	74.65222715054122	7.322444299746424	75.99960899416942	74.76895512725773	7.916246819112942
-1.4237813559322035	-2.6440796610169492	0.03768934969672507	0.002269448537223054	74.57566205639448	74.65222715054122	7.322444299746424	76.09997975928297	74.75531340088244	7.972506707435835
-1.4237813559322035	-2.5932338983050847	0.03768934969672507	0.0025513268625545478	74.57566205639448	74.65222715054122	7.322444299746424	76.19743320011402	74.73443084997972	8.032263943092527
-1.4237813559322035	-2.5423881355932205	0.03768934969672507	0.002868216067837038	74.57566205639448	74.65222715054122	7.322444299746424	76.28925044633817	74.70467869160261	8.0952002483294
-1.4237813559322035	-2.491542372881356	0.03768934969672507	0.0032244647020889827	74.57566205639448	74.65222715054122	7.322444299746424	76.3723109215733	74.66430570560799	8.160701174473585
-1.4237813559322035	-2.4406966101694914	0.03768934969672507	0.003624961428675924	74.57566205639448	74.65222715054122	7.322444299746424	76.44287826450756	74.61123075035685	8.228296920045583
-1.4237813559322035	-2.389850847457627	0.03768934969672507	0.0040752021105627725	74.57566205639448	74.65222715054122	7.322444299746424	76.49666690681241	74.54309903694637	8.297610350072256
-1.4237813559322035	-2.3390050847457626	0.03768934969672507	0.004581365227933299	74.57566205639448	74.65222715054122	7.322444299746424	76.52919365389134	74.45760522790742	8.36783086943328
-1.4237813559322035	-2.2881593220338985	0.03768934969672507	0.00515039666310386	74.57566205639448	74.65222715054122	7.322444299746424	76.53606954656725	74.35273406801589	8.437407095647039
-1.4237813559322035	-2.237313559322034	0.03768934969672507	0.005790105016202303	74.57566205639448	74.65222715054122	7.322444299746424	76.5121339916795	74.22581836415482	8.506175099818334
-1.4237813559322035	-2.1864677966101693	0.03768934969672507	0.006509268759592433	74.57566205639448	74.65222715054122	7.322444299746424	76.45298911378532	74.07497327217331	8.57280451875139
-1.4237813559322035	-2.135622033898305	0.03768934969672507	0.007317756701483213	74.57566205639448	74.65222715054122	7.322444299746424	76.35485753426644	73.89883221502511	8.635702710344512
-1.4237813559322035	-2.0847762711864406	0.03768934969672507	0.00822666341179857	74.57566205639448	74.65222715054122	7.322444299746424	76.21443410689078	73.69626198664669	8.694009966478779
-1.4237813559322035	-2.0339305084745765	0.03768934969672507	0.009248461468704988	74.57566205639448	74.65222715054122	7.322444299746424	76.0296758678167	73.46700875264257	8.746768832734556
-1.4237813559322035	-1.9830847457627119	0.03768934969672507	0.010397172615017792	74.57566205639448	74.65222715054122	7.322444299746424	75.80013679030888	73.21189703303726	8.792967276838255
-1.4237813559322035	-1.9322389830508475	0.03768934969672507	0.011688560173199561	74.57566205639448	74.65222715054122	7.322444299746424	75.52718102745175	72.93292620156764	8.831743482577021
-1.4237813559322035	-1.8813932203389832	0.03768934969672507	0.013140345359388184	74.57566205639448	74.65222715054122	7.322444299746424	75.21424229139956	72.63344746270634	8.862333969673934
-1.4237813559322035	-1.8305474576271186	0.03768934969672507	0.014772450464848772	74.57566205639448	74.65222715054122	7.322444299746424	74.86640500739006	72.31770910970907	8.885139097954655
-1.4237813559322035	-1.7797016949152542	0.03768934969672507	0.016607272241935287	74.57566205639448	74.65222715054122	7.322444299746424	74.49122033151667	71.99168859857929	8.900031448430523
-1.4237813559322035	-1.7288559322033898	0.03768934969672507	0.01866998924613268	74.57566205639448	74.65222715054122	7.322444299746424	74.09805898001022	71.66251714678306	8.907273077601157
-1.4237813559322035	-1.6780101694915255	0.03768934969672507	0.020988907351716324	74.57566205639448	74.65222715054122	7.322444299746424	73.69764709091328	71.33813567953969	8.907762746067501
-1.4237813559322035	-1.6271644067796611	0.03768934969672507	0.023595848182407723	74.57566205639448	74.65222715054122	7.322444299746424	73.30152562334509	71.0269134119648	8.90315596683952
-1.4237813559322035	-1.5763186440677965	0.03768934969672507	0.026526585787311405	74.57566205639448	74.65222715054122	7.322444299746424	72.92277469888565	70.7385531993173	8.893261914347663
-1.4237813559322035	-1.5254728813559322	0.03768934969672507	0.02982133755446928	74.57566205639448	74.65222715054122	7.322444299746424	72.57302448075373	70.48128817591198	8.880758977119617
-1.4237813559322035	-1.4746271186440678	0.03768934969672507	0.03352531609865107	74.57566205639448	74.65222715054122	7.322444299746424	72.2634401996096	70.26304125710622	8.867955165561039
-1.4237813559322035	-1.4237813559322035	0.03768934969672507	0.03768934969672507	74.57566205639448	74.65222715054122	7.322444299746424	72.00494610414538	70.09179820487049	8.855156550784896
-1.4237813559322035	-1.372935593220339	0.03768934969672507	0.04237057978460597	74.57566205639448	74.65222715054122	7.322444299746424	71.80639433558967	69.97389103949054	8.843313558058588
-1.4237813559322035	-1.3220898305084745	0.03768934969672507	0.04763324508726285	74.57566205639448	74.65222715054122	7.322444299746424	71.67394233219912	69.91345376480321	8.834471387504264
-1.4237813559322035	-1.2712440677966101	0.03768934969672507	0.0535495631421025	74.57566205639448	74.65222715054122	7.322444299746424	71.61207946874998	69.91349146205158	8.829160728082345
-1.4237813559322035	-1.2203983050847458	0.03768934969672507	0.060200721312535725	74.57566205639448	74.65222715054122	7.322444299746424	71.6227675690977	69.97503189695907	8.827845864495318
-1.4237813559322035	-1.1695525423728814	0.03768934969672507	0.06767799089102523	74.57566205639448	74.65222715054122	7.322444299746424	71.70545908329751	70.09713109144813	8.830810375184976
-1.4237813559322035	-1.118706779661017	0.03768934969672507	0.07608397958002418	74.57566205639448	74.65222715054122	7.322444299746424	71.8573310275436	70.27707734809965	8.83786883428109
-1.4237813559322035	-1.0678610169491525	0.03768934969672507	0.08553403953812092	74.57566205639448	74.65222715054122	7.322444299746424	72.07349076598572	70.51055487358288	8.848301749260212
-1.4237813559322035	-1.0170152542372881	0.03768934969672507	0.09615785031346677	74.57566205639448	74.65222715054122	7.322444299746424	72.34674911773884	70.79136696057415	8.86182574109959
-1.4237813559322035	-0.9661694915254238	0.03768934969672507	0.10810119838647589	74.57566205639448	74.65222715054122	7.322444299746424	72.66896252172837	71.11272227450563	8.876545603822692
-1.4237813559322035	-0.9153237288135593	0.03768934969672507	0.1215279777417781	74.57566205639448	74.65222715054122	7.322444299746424	73.02971770615888	71.46585731393101	8.89235203562079
-1.4237813559322035	-0.8644779661016949	0.03768934969672507	0.13662243892250697	74.57566205639448	74.65222715054122	7.322444299746424	73.41889529102002	71.84253204016832	8.906630092504892
-1.4237813559322035	-0.8136322033898306	0.03768934969672507	0.15359171742983244	74.57566205639448	74.65222715054122	7.322444299746424	73.82491775309026	72.23320214515304	8.918674534176505
-1.4237813559322035	-0.7627864406779661	0.03768934969672507	0.17266867616399467	74.57566205639448	74.65222715054122	7.322444299746424	74.23648746655216	72.62867460426547	8.927143075286367
-1.4237813559322035	-0.7119406779661017	0.03768934969672507	0.19411510091256737	74.57566205639448	74.65222715054122	7.322444299746424	74.64287162184277	73.02030500275032	8.930420534475827
-1.4237813559322035	-0.6610949152542372	0.03768934969672507	0.21822529273641061	74.57566205639448	74.65222715054122	7.322444299746424	75.03370500738491	73.39971022954232	8.927884392816749
-1.4237813559322035	-0.6102491525423729	0.03768934969672507	0.24533010655024695	74.57566205639448	74.65222715054122	7.322444299746424	75.40011051483708	73.75980184163029	8.918442223191962
-1.4237813559322035	-0.5594033898305085	0.03768934969672507	0.2758014913177542	74.57566205639448	74.65222715054122	7.322444299746424	75.73473239706998	74.09474116457633	8.901095961174814
-1.4237813559322035	-0.508557627118644	0.03768934969672507	0.3100575941645296	74.57566205639448	74.65222715054122	7.322444299746424	76.03138496759576	74.39952426722142	8.876084830017039
-1.4237813559322035	-0.45771186440677963	0.03768934969672507	0.34856849845071003	74.57566205639448	74.65222715054122	7.322444299746424	76.28575819045984	74.67064391169987	8.843718560257383
-1.4237813559322035	-0.40686610169491527	0.03768934969672507	0.39186267454461904	74.57566205639448	74.65222715054122	7.322444299746424	76.49607074985511	74.90672308809285	8.803084860814932
-1.4237813559322035	-0.35602033898305085	0.03768934969672507	0.4405342318189317	74.57566205639448	74.65222715054122	7.322444299746424	76.66127928314243	75.10672872567227	8.75544784480747
-1.4237813559322035	-0.30517457627118644	0.03768934969672507	0.49525107138571994	74.57566205639448	74.65222715054122	7.322444299746424	76.7819032234188	75.2708250779337	8.702232731697638
-1.4237813559322035	-0.254328813559322	0.03768934969672507	0.5567640514472341	74.57566205639448	74.65222715054122	7.322444299746424	76.86085603543455	75.40125292996044	8.642863079937614
-1.4237813559322035	-0.20348305084745763	0.03768934969672507	0.6259172910350144	74.57566205639448	74.65222715054122	7.322444299746424	76.9007225599463	75.49966898970233	8.57962046662677
-1.4237813559322035	-0.1526372881355932	0.03768934969672507	0.7036597535315913	74.57566205639448	74.65222715054122	7.322444299746424	76.90566103145355	75.56911878358864	8.513218393064339
-1.4237813559322035	-0.10179152542372881	0.03768934969672507	0.7910582689310004	74.57566205639448	74.65222715054122	7.322444299746424	76.88023980286715	75.61294512925677	8.444521532122014
-1.4237813559322035	-0.050945762711864406	0.03768934969672507	0.8893121735375996	74.57566205639448	74.65222715054122	7.322444299746424	76.8289868809824	75.63440649799969	8.374884290951323
-1.4237813559322035	-0.0001	0.03768934969672507	0.9997697679981565	74.57566205639448	74.65222715054122	7.322444299746424	76.7566830252151	75.63703091178631	8.305086748036201
-1.372935593220339	-3.0	0.04237057978460597	0.001	74.57566205639448	74.65222715054122	7.322444299746424	75.40443916174613	74.78700465198351	7.636917173858807
-1.372935593220339	-2.9491542372881354	0.04237057978460597	0.001124205647631211	74.57566205639448	74.65222715054122	7.322444299746424	75.48603262754789	74.79535065722965	7.671286040093602
-1.372935593220339	-2.8983084745762713	0.04237057978460597	0.001263838338165909	74.57566205639448	74.65222715054122	7.322444299746424	75.57269797278414	74.80269454303772	7.70901925162991
-1.372935593220339	-2.8474627118644067	0.04237057978460597	0.0014208141974589592	74.57566205639448	74.65222715054122	7.322444299746424	75.66412571595964	74.8086224102222	7.750058437691539
-1.372935593220339	-2.7966169491525426	0.04237057978460597	0.0015972873450179669	74.57566205639448	74.65222715054122	7.322444299746424	75.75971587341343	74.81253569567598	7.79441890977922
-1.372935593220339	-2.745771186440678	0.04237057978460597	0.0017956794541590607	74.57566205639448	74.65222715054122	7.322444299746424	75.85842434420033	74.81352453317098	7.842391087218631
-1.372935593220339	-2.6949254237288134	0.04237057978460597	0.0020187129837009464	74.57566205639448	74.65222715054122	7.322444299746424	75.9590373870446	74.81067173962445	7.893871315539598
-1.372935593220339	-2.6440796610169492	0.04237057978460597	0.002269448537223054	74.57566205639448	74.65222715054122	7.322444299746424	76.0597134026127	74.80262431819236	7.949166686190326
-1.372935593220339	-2.5932338983050847	0.04237057978460597	0.0025513268625545478	74.57566205639448	74.65222715054122	7.322444299746424	76.15856994638938	74.78821044869049	8.007710518335436
-1.372935593220339	-2.5423881355932205	0.04237057978460597	0.002868216067837038	74.57566205639448	74.65222715054122	7.322444299746424	76.25301754502003	74.76579967799614	8.069297208646335
-1.372935593220339	-2.491542372881356	0.04237057978460597	0.0032244647020889827	74.57566205639448	74.65222715054122	7.322444299746424	76.33984654772162	74.7334102639214	8.133847479599751
-1.372935593220339	-2.4406966101694914	0.04237057978460597	0.003624961428675924	74.57566205639448	74.65222715054122	7.322444299746424	76.41540027160438	74.68889407613247	8.20104274829548
-1.372935593220339	-2.389850847457627	0.04237057978460597	0.0040752021105627725	74.57566205639448	74.65222715054122	7.322444299746424	76.47595554212596	74.63031483728388	8.269606442624172
-1.372935593220339	-2.3390050847457626	0.04237057978460597	0.004581365227933299	74.57566205639448	74.65222715054122	7.322444299746424	76.51659966959741	74.55480632220744	8.339677878448326
-1.372935593220339	-2.2881593220338985	0.04237057978460597	0.00515039666310386	74.57566205639448	74.65222715054122	7.322444299746424	76.53295293281447	74.46025471916735	8.409594373345948
-1.372935593220339	-2.237313559322034	0.04237057978460597	0.005790105016202303	74.57566205639448	74.65222715054122	7.322444299746424	76.51974971306768	74.34381625250872	8.479068778726024
-1.372935593220339	-2.1864677966101693	0.04237057978460597	0.006509268759592433	74.57566205639448	74.65222715054122	7.322444299746424	76.47230176651368	74.20329250263138	8.546725231027274
-1.372935593220339	-2.135622033898305	0.04237057978460597	0.007317756701483213	74.57566205639448	74.65222715054122	7.322444299746424	76.38625815790053	74.03677914446925	8.611160813606872
-1.372935593220339	-2.0847762711864406	0.04237057978460597	0.00822666341179857	74.57566205639448	74.65222715054122	7.322444299746424	76.25763647878497	73.84256771513446	8.671563508553982
-1.372935593220339	-2.0339305084745765	0.04237057978460597	0.009248461468704988	74.57566205639448	74.65222715054122	7.322444299746424	76.08372039364488	73.61990231561343	8.72666010711392
-1.372935593220339	-1.9830847457627119	0.04237057978460597	0.010397172615017792	74.57566205639448	74.65222715054122	7.322444299746424	75.86297093114298	73.36875037676235	8.775657081447141
-1.372935593220339	-1.9322389830508475	0.04237057978460597	0.011688560173199561	74.57566205639448	74.65222715054122	7.322444299746424	75.59621752639	73.09086642531705	8.816567982879368
-1.372935593220339	-1.8813932203389832	0.04237057978460597	0.013140345359388184	74.57566205639448	74.65222715054122	7.322444299746424	75.2850511365285	72.78808515716212	8.850009483499415
-1.372935593220339	-1.8305474576271186	0.04237057978460597	0.014772450464848772	74.57566205639448	74.65222715054122	7.322444299746424	74.93390496824654	72.46434215033294	8.875418844230904
-1.372935593220339	-1.7797016949152542	0.04237057978460597	0.016607272241935287	74.57566205639448	74.65222715054122	7.322444299746424	74.54968019869659	72.12528838695138	8.891929310142952
-1.372935593220339	-1.7288559322033898	0.04237057978460597	0.01866998924613268	74.57566205639448	74.65222715054122	7.322444299746424	74.14040143087718	71.77699145863045	8.900848876649896
-1.372935593220339	-1.6780101694915255	0.04237057978460597	0.020988907351716324	74.57566205639448	74.65222715054122	7.322444299746424	73.7166043625054	71.42741788150941	8.90237825656189
-1.372935593220339	-1.6271644067796611	0.04237057978460597	0.023595848182407723	74.57566205639448	74.65222715054122	7.322444299746424	73.29002797476922	71.08526661101851	8.897407243250091
-1.372935593220339	-1.5763186440677965	0.04237057978460597	0.026526585787311405	74.57566205639448	74.65222715054122	7.322444299746424	72.87303763189047	70.75956299458095	8.887588377604658
-1.372935593220339	-1.5254728813559322	0.04237057978460597	0.02982133755446928	74.57566205639448	74.65222715054122	7.322444299746424	72.4786217145046	70.45984025080082	8.87412085237838
-1.372935593220339	-1.4746271186440678	0.04237057978460597	0.03352531609865107	74.57566205639448	74.65222715054122	7.322444299746424	72.11901751775206	70.1949467159897	8.85918544022821
-1.372935593220339	-1.4237813559322035	0.04237057978460597	0.03768934969672507	74.57566205639448	74.65222715054122	7.322444299746424	71.80639876086356	69.97389547590947	8.843302873088032
-1.372935593220339	-1.372935593220339	0.04237057978460597	0.04237057978460597	74.57566205639448	74.65222715054122	7.322444299746424	71.55053457333706	69.80365621151998	8.828874627447508
-1.372935593220339	-1.3220898305084745	0.04237057978460597	0.04763324508726285	74.57566205639448	74.65222715054122	7.322444299746424	71.36006462403817	69.69052761350683	8.816654575986334
-1.372935593220339	-1.2712440677966101	0.04237057978460597	0.0535495631421025	74.57566205639448	74.65222715054122	7.322444299746424	71.24079983526013	69.6384982916643	8.808442181310822
-1.372935593220339	-1.2203983050847458	0.04237057978460597	0.060200721312535725	74.57566205639448	74.65222715054122	7.322444299746424	71.1967642810896	69.65031668575064	8.804520644471106
-1.372935593220339	-1.1695525423728814	0.04237057978460597	0.06767799089102523	74.57566205639448	74.65222715054122	7.322444299746424	71.22934336434442	69.72663990137342	8.805133338387005
-1.372935593220339	-1.118706779661017	0.04237057978460597	0.07608397958002418	74.57566205639448	74.65222715054122	7.322444299746424	71.33726874013674	69.86599949784043	8.810535519053118
-1.372935593220339	-1.0678610169491525	0.04237057978460597	0.08553403953812092	74.57566205639448	74.65222715054122	7.322444299746424	71.51693629894798	70.0650865405569	8.820561300988741
-1.372935593220339	-1.0170152542372881	0.04237057978460597	0.09615785031346677	74.57566205639448	74.65222715054122	7.322444299746424	71.76270639403344	70.31900997257458	8.834425558758472
-1.372935593220339	-0.9661694915254238	0.04237057978460597	0.10810119838647589	74.57566205639448	74.65222715054122	7.322444299746424	72.06693216207304	70.62127688836317	8.851207792791397
-1.372935593220339	-0.9153237288135593	0.04237057978460597	0.1215279777417781	74.57566205639448	74.65222715054122	7.322444299746424	72.42018005583806	70.96395943952119	8.870090264516884
-1.372935593220339	-0.8644779661016949	0.04237057978460597	0.13662243892250697	74.57566205639448	74.65222715054122	7.322444299746424	72.8125367859525	71.33894170230548	8.88852734323312
-1.372935593220339	-0.8136322033898306	0.04237057978460597	0.15359171742983244	74.57566205639448	74.65222715054122	7.322444299746424	73.23195617602678	71.73619930557491	8.90643046264429
-1.372935593220339	-0.7627864406779661	0.04237057978460597	0.17266867616399467	74.57566205639448	74.65222715054122	7.322444299746424	73.66700403113754	72.14646766248713	8.921609717690352
-1.372935593220339	-0.7119406779661017	0.04237057978460597	0.19411510091256737	74.57566205639448	74.65222715054122	7.322444299746424	74.10593740798937	72.56023685508247	8.932587500320079
-1.372935593220339	-0.6610949152542372	0.04237057978460597	0.21822529273641061	74.57566205639448	74.65222715054122	7.322444299746424	74.53741269882649	72.96836813922786	8.938139166234672
-1.372935593220339	-0.6102491525423729	0.04237057978460597	0.24533010655024695	74.57566205639448	74.65222715054122	7.322444299746424	74.95086037793808	73.36237466680917	8.9374390621741
-1.372935593220339	-0.5594033898305085	0.04237057978460597	0.2758014913177542	74.57566205639448	74.65222715054122	7.322444299746424	75.33729490842693	73.73514032992321	8.929230329056688
-1.372935593220339	-0.508557627118644	0.04237057978460597	0.3100575941645296	74.57566205639448	74.65222715054122	7.322444299746424	75.68879935305807	74.08032253980488	8.913488344283275
-1.372935593220339	-0.45771186440677963	0.04237057978460597	0.34856849845071003	74.57566205639448	74.65222715054122	7.322444299746424	76.00006779671085	74.39382934373168	8.88876290470308
-1.372935593220339	-0.40686610169491527	0.04237057978460597	0.39186267454461904	74.57566205639448	74.65222715054122	7.322444299746424	76.26667957582173	74.67205000918955	8.855847584296928
-1.372935593220339	-0.35602033898305085	0.04237057978460597	0.4405342318189317	74.57566205639448	74.65222715054122	7.322444299746424	76.48613149137212	74.91286855520264	8.81569604691425
-1.372935593220339	-0.30517457627118644	0.04237057978460597	0.49525107138571994	74.57566205639448	74.65222715054122	7.322444299746424	76.65873056831838	75.11656518097861	8.767406823404189
-1.372935593220339	-0.254328813559322	0.04237057978460597	0.5567640514472341	74.57566205639448	74.65222715054122	7.322444299746424	76.78481082861458	75.28306500379473	8.713384699531396
-1.372935593220339	-0.20348305084745763	0.04237057978460597	0.6259172910350144	74.57566205639448	74.65222715054122	7.322444299746424	76.86742947700367	75.41468745997219	8.65340244740429
-1.372935593220339	-0.1526372881355932	0.04237057978460597	0.7036597535315913	74.57566205639448	74.65222715054122	7.322444299746424	76.90944730727712	75.5132938475977	8.589819352500554
-1.372935593220339	-0.10179152542372881	0.04237057978460597	0.7910582689310004	74.57566205639448	74.65222715054122	7.322444299746424	76.91606777004723	75.58290141940027	8.52185072393485
-1.372935593220339	-0.050945762711864406	0.04237057978460597	0.8893121735375996	74.57566205639448	74.65222715054122	7.322444299746424	76.89114025919089	75.6260626783275	8.452330323591577
-1.372935593220339	-0.0001	0.04237057978460597	0.9997697679981565	74.57566205639448	74.65222715054122	7.322444299746424	76.83987245176029	75.64664920114537	8.38171692021857
-1.3220898305084745	-3.0	0.04763324508726285	0.001	74.57566205639448	74.65222715054122	7.322444299746424	75.37203856674714	74.80352482497074	7.622933073156456
-1.3220898305084745	-2.9491542372881354	0.04763324508726285	0.001124205647631211	74.57566205639448	74.65222715054122	7.322444299746424	75.45135434245465	74.81418031888565	7.656291172142315
-1.3220898305084745	-2.8983084745762713	0.04763324508726285	0.001263838338165909	74.57566205639448	74.65222715054122	7.322444299746424	75.5360841862137	74.82441628456687	7.692542620868031
-1.3220898305084745	-2.8474627118644067	0.04763324508726285	0.0014208141974589592	74.57566205639448	74.65222715054122	7.322444299746424	75.62587044300447	74.8337368033233	7.7319164107659235
-1.3220898305084745	-2.7966169491525426	0.04763324508726285	0.0015972873450179669	74.57566205639448	74.65222715054122	7.322444299746424	75.71994044792973	74.84132333214193	7.7750041577388
-1.3220898305084745	-2.745771186440678	0.04763324508726285	0.0017956794541590607	74.57566205639448	74.65222715054122	7.322444299746424	75.8176667891591	74.84662068204038	7.82153585109322
-1.3220898305084745	-2.6949254237288134	0.04763324508726285	0.0020187129837009464	74.57566205639448	74.65222715054122	7.322444299746424	75.91792833025474	74.84872576215344	7.871547385034059
-1.3220898305084745	-2.6440796610169492	0.04763324508726285	0.002269448537223054	74.57566205639448	74.65222715054122	7.322444299746424	76.01912616382356	74.84643309546527	7.925215068653352
-1.3220898305084745	-2.5932338983050847	0.04763324508726285	0.0025513268625545478	74.57566205639448	74.65222715054122	7.322444299746424	76.11926576887623	74.8383466882221	7.982594846582477
-1.3220898305084745	-2.5423881355932205	0.04763324508726285	0.002868216067837038	74.57566205639448	74.65222715054122	7.322444299746424	76.2162362145345	74.82318669306072	8.042934905516198
-1.3220898305084745	-2.491542372881356	0.04763324508726285	0.0032244647020889827	74.57566205639448	74.65222715054122	7.322444299746424	76.30691776668553	74.79892123591426	8.106393377206585
-1.3220898305084745	-2.4406966101694914	0.04763324508726285	0.003624961428675924	74.57566205639448	74.65222715054122	7.322444299746424	76.38794574981875	74.76354601014137	8.17245322488723
-1.3220898305084745	-2.389850847457627	0.04763324508726285	0.0040752021105627725	74.57566205639448	74.65222715054122	7.322444299746424	76.45515766200509	74.71453643414551	8.241040305886472
-1.3220898305084745	-2.3390050847457626	0.04763324508726285	0.004581365227933299	74.57566205639448	74.65222715054122	7.322444299746424	76.50472371885103	74.64996819332178	8.310336937828724
-1.3220898305084745	-2.2881593220338985	0.04763324508726285	0.00515039666310386	74.57566205639448	74.65222715054122	7.322444299746424	76.5312938378543	74.56663558154649	8.380671550863225
-1.3220898305084745	-2.237313559322034	0.04763324508726285	0.005790105016202303	74.57566205639448	74.65222715054122	7.322444299746424	76.52999355715612	74.46199532471167	8.450795527740475
-1.3220898305084745	-2.1864677966101693	0.04763324508726285	0.006509268759592433	74.57566205639448	74.65222715054122	7.322444299746424	76.49590793726371	74.3335761878585	8.519331177832315
-1.3220898305084745	-2.135622033898305	0.04763324508726285	0.007317756701483213	74.57566205639448	74.65222715054122	7.322444299746424	76.42407440890585	74.17887232771282	8.585308421580422
-1.3220898305084745	-2.0847762711864406	0.04763324508726285	0.00822666341179857	74.57566205639448	74.65222715054122	7.322444299746424	76.3100602032834	73.99580031856374	8.647652827906798
-1.3220898305084745	-2.0339305084745765	0.04763324508726285	0.009248461468704988	74.57566205639448	74.65222715054122	7.322444299746424	76.15039101717367	73.78299336618431	8.705064272047123
-1.3220898305084745	-1.9830847457627119	0.04763324508726285	0.010397172615017792	74.57566205639448	74.65222715054122	7.322444299746424	75.94283574783036	73.53994322806336	8.756220698182343
-1.3220898305084745	-1.9322389830508475	0.04763324508726285	0.011688560173199561	74.57566205639448	74.65222715054122	7.322444299746424	75.6864382593537	73.26689864278778	8.800486002001913
-1.3220898305084745	-1.8813932203389832	0.04763324508726285	0.013140345359388184	74.57566205639448	74.65222715054122	7.322444299746424	75.38241338596636	72.96564536052043	8.83679930784217
-1.3220898305084745	-1.8305474576271186	0.04763324508726285	0.014772450464848772	74.57566205639448	74.65222715054122	7.322444299746424	75.03382844806096	72.63910615903318	8.864831778164824
-1.3220898305084745	-1.7797016949152542	0.04763324508726285	0.016607272241935287	74.57566205639448	74.65222715054122	7.322444299746424	74.64602425656345	72.29172540482537	8.884433233268211
-1.3220898305084745	-1.7288559322033898	0.04763324508726285	0.01866998924613268	74.57566205639448	74.65222715054122	7.322444299746424	74.22694299375503	71.92981209661497	8.894973497573908
-1.3220898305084745	-1.6780101694915255	0.04763324508726285	0.020988907351716324	74.57566205639448	74.65222715054122	7.322444299746424	73.78561594970537	71.56009733551498	8.898032263261364
-1.3220898305084745	-1.6271644067796611	0.04763324508726285	0.023595848182407723	74.57566205639448	74.65222715054122	7.322444299746424	73.33342373337305	71.19111255862427	8.894226126352587
-1.3220898305084745	-1.5763186440677965	0.04763324508726285	0.026526585787311405	74.57566205639448	74.65222715054122	7.322444299746424	72.8831363842752	70.83238588015304	8.884182329637762
-1.3220898305084745	-1.5254728813559322	0.04763324508726285	0.02982133755446928	74.57566205639448	74.65222715054122	7.322444299746424	72.44772021424005	70.49342731894502	8.869767828284903
-1.3220898305084745	-1.4746271186440678	0.04763324508726285	0.03352531609865107	74.57566205639448	74.65222715054122	7.322444299746424	72.04046726095414	70.18404276669138	8.85252605003957
-1.3220898305084745	-1.4237813559322035	0.04763324508726285	0.03768934969672507	74.57566205639448	74.65222715054122	7.322444299746424	71.6739970274659	69.91350849497724	8.83435925843009
-1.3220898305084745	-1.372935593220339	0.04763324508726285	0.04237057978460597	74.57566205639448	74.65222715054122	7.322444299746424	71.36003876724064	69.69050176424506	8.816706573180754
-1.3220898305084745	-1.3220898305084745	0.04763324508726285	0.04763324508726285	74.57566205639448	74.65222715054122	7.322444299746424	71.10847801386743	69.52226352198996	8.80134212699736
-1.3220898305084745	-1.2712440677966101	0.04763324508726285	0.0535495631421025	74.57566205639448	74.65222715054122	7.322444299746424	70.92753569629947	69.41485680670989	8.789137437866739
-1.3220898305084745	-1.2203983050847458	0.04763324508726285	0.060200721312535725	74.57566205639448	74.65222715054122	7.322444299746424	70.82276123399103	69.37220507304959	8.781403338901987
-1.3220898305084745	-1.1695525423728814	0.04763324508726285	0.06767799089102523	74.57566205639448	74.65222715054122	7.322444299746424	70.79745736278345	69.39653204529009	8.778658838163956
-1.3220898305084745	-1.118706779661017	0.04763324508726285	0.07608397958002418	74.57566205639448	74.65222715054122	7.322444299746424	70.8523107910455	69.48798528613513	8.781206460594854
-1.3220898305084745	-1.0678610169491525	0.04763324508726285	0.08553403953812092	74.57566205639448	74.65222715054122	7.322444299746424	70.98517534441804	69.64439533362838	8.789628557071206
-1.3220898305084745	-1.0170152542372881	0.04763324508726285	0.09615785031346677	74.57566205639448	74.65222715054122	7.322444299746424	71.19218538079964	69.86235582378315	8.802821855071558
-1.3220898305084745	-0.9661694915254238	0.04763324508726285	0.10810119838647589	74.57566205639448	74.65222715054122	7.322444299746424	71.46700723470431	70.13643403570718	8.819916757672942
-1.3220898305084745	-0.9153237288135593	0.04763324508726285	0.1215279777417781	74.57566205639448	74.65222715054122	7.322444299746424	71.80122287718193	70.45950964614431	8.840085256093692
-1.3220898305084745	-0.8644779661016949	0.04763324508726285	0.13662243892250697	74.57566205639448	74.65222715054122	7.322444299746424	72.18494433367148	70.82333780827534	8.862022748232803
-1.3220898305084745	-0.8136322033898306	0.04763324508726285	0.15359171742983244	74.57566205639448	74.65222715054122	7.322444299746424	72.60666508691129	71.21834308990583	8.885035229997852
-1.3220898305084745	-0.7627864406779661	0.04763324508726285	0.17266867616399467	74.57566205639448	74.65222715054122	7.322444299746424	73.0555216813206	71.63581400009137	8.905442343137853
-1.3220898305084745	-0.7119406779661017	0.04763324508726285	0.19411510091256737	74.57566205639448	74.65222715054122	7.322444299746424	73.51827229755932	72.06480403006812	8.923572465877482
-1.3220898305084745	-0.6610949152542372	0.04763324508726285	0.21822529273641061	74.57566205639448	74.65222715054122	7.322444299746424	73.98301082486599	72.49575892881411	8.937336265781264
-1.3220898305084745	-0.6102491525423729	0.04763324508726285	0.24533010655024695	74.57566205639448	74.65222715054122	7.322444299746424	74.43829397442171	72.91954830232389	8.944959237366698
-1.3220898305084745	-0.5594033898305085	0.04763324508726285	0.2758014913177542	74.57566205639448	74.65222715054122	7.322444299746424	74.87302526469544	73.3272514587213	8.946129596089856
-1.3220898305084745	-0.508557627118644	0.04763324508726285	0.3100575941645296	74.57566205639448	74.65222715054122	7.322444299746424	75.27838194690942	73.71198911573377	8.938944404587637
-1.3220898305084745	-0.45771186440677963	0.04763324508726285	0.34856849845071003	74.57566205639448	74.65222715054122	7.322444299746424	75.64599347070002	74.06701698670715	8.92418006807509
-1.3220898305084745	-0.40686610169491527	0.04763324508726285	0.39186267454461904	74.57566205639448	74.65222715054122	7.322444299746424	75.97083712205814	74.38855397070954	8.899924824029886
-1.3220898305084745	-0.35602033898305085	0.04763324508726285	0.4405342318189317	74.57566205639448	74.65222715054122	7.322444299746424	76.24848675600106	74.67298736936995	8.867260951590746
-1.3220898305084745	-0.30517457627118644	0.04763324508726285	0.49525107138571994	74.57566205639448	74.65222715054122	7.322444299746424	76.47696333377546	74.9187069093957	8.82651715741447
-1.3220898305084745	-0.254328813559322	0.04763324508726285	0.5567640514472341	74.57566205639448	74.65222715054122	7.322444299746424	76.65610277595344	75.1254835466198	8.778261557353078
-1.3220898305084745	-0.20348305084745763	0.04763324508726285	0.6259172910350144	74.57566205639448	74.65222715054122	7.322444299746424	76.78726685586203	75.2942172772964	8.723429525783438
-1.3220898305084745	-0.1526372881355932	0.04763324508726285	0.7036597535315913	74.57566205639448	74.65222715054122	7.322444299746424	76.87324749270998	75.42689905881402	8.662932805163274
-1.3220898305084745	-0.10179152542372881	0.04763324508726285	0.7910582689310004	74.57566205639448	74.65222715054122	7.322444299746424	76.91771492896278	75.52613082591948	8.59810911331268
-1.3220898305084745	-0.050945762711864406	0.04763324508726285	0.8893121735375996	74.57566205639448	74.65222715054122	7.322444299746424	76.92540613695465	75.5953933316172	8.52966055673648
-1.3220898305084745	-0.0001	0.04763324508726285	0.9997697679981565	74.57566205639448	74.65222715054122	7.322444299746424	76.90104562106593	75.63804654639637	8.459170272458081
-1.2712440677966101	-3.0	0.0535495631421025	0.001	74.57566205639448	74.65222715054122	7.322444299746424	75.33936711216408	74.81748037161968	7.609199543393435
-1.2712440677966101	-2.9491542372881354	0.0535495631421025	0.001124205647631211	74.57566205639448	74.65222715054122	7.322444299746424	75.41663556972698	74.83051509403222	7.64089755720764
-1.2712440677966101	-2.8983084745762713	0.0535495631421025	0.001263838338165909	74.57566205639448	74.65222715054122	7.322444299746424	75.49926698498085	74.84332420677882	7.675764194092168
-1.2712440677966101	-2.8474627118644067	0.0535495631421025	0.0014208141974589592	74.57566205639448	74.65222715054122	7.322444299746424	75.58712345902525	74.8556017380763	7.7137723853210876
-1.2712440677966101	-2.7966169491525426	0.0535495631421025	0.0015972873450179669	74.57566205639448	74.65222715054122	7.322444299746424	75.67958366735975	74.8666382274693	7.755441281574297
-1.2712440677966101	-2.745771186440678	0.0535495631421025	0.0017956794541590607	74.57566205639448	74.65222715054122	7.322444299746424	75.77621145453159	74.87601289563568	7.800396894896043
-1.2712440677966101	-2.6949254237288134	0.0535495631421025	0.0020187129837009464	74.57566205639448	74.65222715054122	7.322444299746424	75.87593574986133	74.88280006274812	7.848896429392429
-1.2712440677966101	-2.6440796610169492	0.0535495631421025	0.002269448537223054	74.57566205639448	74.65222715054122	7.322444299746424	75.9773968780265	74.88594373047295	7.9010142192977195
-1.2712440677966101	-2.5932338983050847	0.0535495631421025	0.0025513268625545478	74.57566205639448	74.65222715054122	7.322444299746424	76.07880257766278	74.88414300113486	7.9568163304800885
-1.2712440677966101	-2.5423881355932205	0.0535495631421025	0.002868216067837038	74.57566205639448	74.65222715054122	7.322444299746424	76.17812142168609	74.87607401971661	8.015841841084466
-1.2712440677966101	-2.491542372881356	0.0535495631421025	0.0032244647020889827	74.57566205639448	74.65222715054122	7.322444299746424	76.27252590175925	74.85985895168223	8.078129004906724
-1.2712440677966101	-2.4406966101694914	0.0535495631421025	0.003624961428675924	74.57566205639448	74.65222715054122	7.322444299746424	76.35877879490195	74.83347256627292	8.143362903794172
-1.2712440677966101	-2.389850847457627	0.0535495631421025	0.0040752021105627725	74.57566205639448	74.65222715054122	7.322444299746424	76.43339835202526	74.7949180555683	8.210521055462047
-1.2712440677966101	-2.3390050847457626	0.0535495631421025	0.004581365227933299	74.57566205639448	74.65222715054122	7.322444299746424	76.49155021398192	74.74111762494324	8.280124154107442
-1.2712440677966101	-2.2881593220338985	0.0535495631421025	0.00515039666310386	74.57566205639448	74.65222715054122	7.322444299746424	76.52899343993035	74.66983934804709	8.350465964654537
-1.2712440677966101	-2.237313559322034	0.0535495631421025	0.005790105016202303	74.57566205639448	74.65222715054122	7.322444299746424	76.54041128169285	74.57798905939958	8.421174251991399
-1.2712440677966101	-2.1864677966101693	0.0535495631421025	0.006509268759592433	74.57566205639448	74.65222715054122	7.322444299746424	76.52082107278076	74.46295853982886	8.490729466623668
-1.2712440677966101	-2.135622033898305	0.0535495631421025	0.007317756701483213	74.57566205639448	74.65222715054122	7.322444299746424	76.46509714238785	74.32206146981663	8.557891100780118
-1.2712440677966101	-2.0847762711864406	0.0535495631421025	0.00822666341179857	74.57566205639448	74.65222715054122	7.322444299746424	76.36803911755528	74.15249351453392	8.622143577268842
-1.2712440677966101	-2.0339305084745765	0.0535495631421025	0.009248461468704988	74.57566205639448	74.65222715054122	7.322444299746424	76.22558076256858	73.95241338965641	8.681989374493126
-1.2712440677966101	-1.9830847457627119	0.0535495631421025	0.010397172615017792	74.57566205639448	74.65222715054122	7.322444299746424	76.03462384425083	73.72063804946829	8.736046518491511
-1.2712440677966101	-1.9322389830508475	0.0535495631421025	0.011688560173199561	74.57566205639448	74.65222715054122	7.322444299746424	75.79334536592994	73.45681146115763	8.783239884804539
-1.2712440677966101	-1.8813932203389832	0.0535495631421025	0.013140345359388184	74.57566205639448	74.65222715054122	7.322444299746424	75.5015589507491	73.16163867204223	8.822837606234781
-1.2712440677966101	-1.8305474576271186	0.0535495631421025	0.014772450464848772	74.57566205639448	74.65222715054122	7.322444299746424	75.16126123332337	72.83733238474112	8.85399563651708
-1.2712440677966101	-1.7797016949152542	0.0535495631421025	0.016607272241935287	74.57566205639448	74.65222715054122	7.322444299746424	74.77652012689526	72.48743909186224	8.876432923009054
-1.2712440677966101	-1.7288559322033898	0.0535495631421025	0.01866998924613268	74.57566205639448	74.65222715054122	7.322444299746424	74.35381064756304	72.11716215004	8.889939825227426
-1.2712440677966101	-1.6780101694915255	0.0535495631421025	0.020988907351716324	74.57566205639448	74.65222715054122	7.322444299746424	73.90163378940946	71.73302118632009	8.895009920310956
-1.2712440677966101	-1.6271644067796611	0.0535495631421025	0.023595848182407723	74.57566205639448	74.65222715054122	7.322444299746424	73.43056374822619	71.34299129706709	8.892281684727804
-1.2712440677966101	-1.5763186440677965	0.0535495631421025	0.026526585787311405	74.57566205639448	74.65222715054122	7.322444299746424	72.95267095141226	70.9560628047759	8.882908588346547
-1.2712440677966101	-1.5254728813559322	0.0535495631421025	0.02982133755446928	74.57566205639448	74.65222715054122	7.322444299746424	72.48119791219074	70.5820842701902	8.868160335425252
-1.2712440677966101	-1.4746271186440678	0.0535495631421025	0.03352531609865107	74.57566205639448	74.65222715054122	7.322444299746424	72.02994329555749	70.23132884289184	8.849408224793697
-1.2712440677966101	-1.4237813559322035	0.0535495631421025	0.03768934969672507	74.57566205639448	74.65222715054122	7.322444299746424	71.61210194992032	69.91351396041182	8.829116116488041
-1.2712440677966101	-1.372935593220339	0.0535495631421025	0.04237057978460597	74.57566205639448	74.65222715054122	7.322444299746424	71.24088565594313	69.63858410531807	8.808271175358886
-1.2712440677966101	-1.3220898305084745	0.0535495631421025	0.04763324508726285	74.57566205639448	74.65222715054122	7.322444299746424	70.92753220365321	69.41485329742581	8.789144716120523
-1.2712440677966101	-1.2712440677966101	0.0535495631421025	0.0535495631421025	74.57566205639448	74.65222715054122	7.322444299746424	70.68196225021057	69.24976102084467	8.772926609108444
-1.2712440677966101	-1.2203983050847458	0.0535495631421025	0.060200721312535725	74.57566205639448	74.65222715054122	7.322444299746424	70.511991053822	69.14914676742393	8.76047929718894
-1.2712440677966101	-1.1695525423728814	0.0535495631421025	0.06767799089102523	74.57566205639448	74.65222715054122	7.322444299746424	70.42215064624898	69.1161039756348	8.754111722071507
-1.2712440677966101	-1.118706779661017	0.0535495631421025	0.07608397958002418	74.57566205639448	74.65222715054122	7.322444299746424	70.41575798448103	69.1530530070539	8.75311342063219
-1.2712440677966101	-1.0678610169491525	0.0535495631421025	0.08553403953812092	74.57566205639448	74.65222715054122	7.322444299746424	70.49283598233802	69.259648994635	8.757812355645259
-1.2712440677966101	-1.0170152542372881	0.0535495631421025	0.09615785031346677	74.57566205639448	74.65222715054122	7.322444299746424	70.65053731302757	69.43317907041065	8.768837617028739
-1.2712440677966101	-0.9661694915254238	0.0535495631421025	0.10810119838647589	74.57566205639448	74.65222715054122	7.322444299746424	70.8842590190415	69.669644448527	8.785183287880129
-1.2712440677966101	-0.9153237288135593	0.0535495631421025	0.1215279777417781	74.57566205639448	74.65222715054122	7.322444299746424	71.1872943594724	69.96337370488261	8.805347505901805
-1.2712440677966101	-0.8644779661016949	0.0535495631421025	0.13662243892250697	74.57566205639448	74.65222715054122	7.322444299746424	71.55021905449264	70.30636722045858	8.829182352247592
-1.2712440677966101	-0.8136322033898306	0.0535495631421025	0.15359171742983244	74.57566205639448	74.65222715054122	7.322444299746424	71.96300782529185	70.69036592518162	8.854351534869716
-1.2712440677966101	-0.7627864406779661	0.0535495631421025	0.17266867616399467	74.57566205639448	74.65222715054122	7.322444299746424	72.41367427187345	71.10543463980147	8.87990319445576
-1.2712440677966101	-0.7119406779661017	0.0535495631421025	0.19411510091256737	74.57566205639448	74.65222715054122	7.322444299746424	72.88977560741199	71.54140131578774	8.904184836321177
-1.2712440677966101	-0.6610949152542372	0.0535495631421025	0.21822529273641061	74.57566205639448	74.65222715054122	7.322444299746424	73.37898510817112	71.9883499697548	8.924692096210363
-1.2712440677966101	-0.6102491525423729	0.0535495631421025	0.24533010655024695	74.57566205639448	74.65222715054122	7.322444299746424	73.86820535287099	72.43564456451875	8.940869621836171
-1.2712440677966101	-0.5594033898305085	0.0535495631421025	0.2758014913177542	74.57566205639448	74.65222715054122	7.322444299746424	74.34540892545593	72.87367046666013	8.951438283705288
-1.2712440677966101	-0.508557627118644	0.0535495631421025	0.3100575941645296	74.57566205639448	74.65222715054122	7.322444299746424	74.80029392945508	73.29438732961799	8.954022251418234
-1.2712440677966101	-0.45771186440677963	0.0535495631421025	0.34856849845071003	74.57566205639448	74.65222715054122	7.322444299746424	75.22325808528836	73.69020394157779	8.948009241077461
-1.2712440677966101	-0.40686610169491527	0.0535495631421025	0.39186267454461904	74.57566205639448	74.65222715054122	7.322444299746424	75.6064877583796	74.05497925766636	8.932999019523201
-1.2712440677966101	-0.35602033898305085	0.0535495631421025	0.4405342318189317	74.57566205639448	74.65222715054122	7.322444299746424	75.94357801364978	74.38357377847198	8.909968341703978
-1.2712440677966101	-0.30517457627118644	0.0535495631421025	0.49525107138571994	74.57566205639448	74.65222715054122	7.322444299746424	76.23146659251717	74.67373949259554	8.877563841655705
-1.2712440677966101	-0.254328813559322	0.0535495631421025	0.5567640514472341	74.57566205639448	74.65222715054122	7.322444299746424	76.46806507933178	74.9237367315599	8.836748894577514
-1.2712440677966101	-0.20348305084745763	0.0535495631421025	0.6259172910350144	74.57566205639448	74.65222715054122	7.322444299746424	76.65332378790205	75.13341280972003	8.788375093784046
-1.2712440677966101	-0.1526372881355932	0.0535495631421025	0.7036597535315913	74.57566205639448	74.65222715054122	7.322444299746424	76.78930186022733	75.30431366055215	8.732544945936535
-1.2712440677966101	-0.10179152542372881	0.0535495631421025	0.7910582689310004	74.57566205639448	74.65222715054122	7.322444299746424	76.87835063245988	75.43792841249001	8.671631179601473
-1.2712440677966101	-0.050945762711864406	0.0535495631421025	0.8893121735375996	74.57566205639448	74.65222715054122	7.322444299746424	76.92493715180571	75.53759045778864	8.605931770085816
-1.2712440677966101	-0.0001	0.0535495631421025	0.9997697679981565	74.57566205639448	74.65222715054122	7.322444299746424	76.93363722754623	75.60655303201585	8.536995822830832
-1.2203983050847458	-3.0	0.060200721312535725	0.001	74.57566205639448	74.65222715054122	7.322444299746424	75.30672968994836	74.8292107221259	7.594855300545835
-1.2203983050847458	-2.9491542372881354	0.060200721312535725	0.001124205647631211	74.57566205639448	74.65222715054122	7.322444299746424	75.3813912751606	74.84390379659949	7.625774785504842
-1.2203983050847458	-2.8983084745762713	0.060200721312535725	0.001263838338165909	74.57566205639448	74.65222715054122	7.322444299746424	75.4618503619104	74.85905478319663	7.659108186705123
-1.2203983050847458	-2.8474627118644067	0.060200721312535725	0.0014208141974589592	74.57566205639448	74.65222715054122	7.322444299746424	75.54762568479893	74.87398867751855	7.695695399343676
-1.2203983050847458	-2.7966169491525426	0.060200721312535725	0.0015972873450179669	74.57566205639448	74.65222715054122	7.322444299746424	75.63841945971409	74.88828207885655	7.735635578576252
-1.2203983050847458	-2.745771186440678	0.060200721312535725	0.0017956794541590607	74.57566205639448	74.65222715054122	7.322444299746424	75.73370878213056	74.9013763617177	7.778997791744089
-1.2203983050847458	-2.6949254237288134	0.060200721312535725	0.0020187129837009464	74.57566205639448	74.65222715054122	7.322444299746424	75.83255520877486	74.91241147449159	7.826101080055566
-1.2203983050847458	-2.6440796610169492	0.060200721312535725	0.002269448537223054	74.57566205639448	74.65222715054122	7.322444299746424	75.93406320134608	74.9207118420621	7.87647250097551
-1.2203983050847458	-2.5932338983050847	0.060200721312535725	0.0025513268625545478	74.57566205639448	74.65222715054122	7.322444299746424	76.03642556114077	74.92486025715	7.93063416034308
-1.2203983050847458	-2.5423881355932205	0.060200721312535725	0.002868216067837038	74.57566205639448	74.65222715054122	7.322444299746424	76.13780012780857	74.92360344600374	7.988225673533547
-1.2203983050847458	-2.491542372881356	0.060200721312535725	0.0032244647020889827	74.57566205639448	74.65222715054122	7.322444299746424	76.23560451312065	74.91517399789704	8.049297098329877
-1.2203983050847458	-2.4406966101694914	0.060200721312535725	0.003624961428675924	74.57566205639448	74.65222715054122	7.322444299746424	76.32696135250113	74.89775871874079	8.1133351903088
-1.2203983050847458	-2.389850847457627	0.060200721312535725	0.0040752021105627725	74.57566205639448	74.65222715054122	7.322444299746424	76.40829108206495	74.86910817138256	8.18000469978943
-1.2203983050847458	-2.3390050847457626	0.060200721312535725	0.004581365227933299	74.57566205639448	74.65222715054122	7.322444299746424	76.47550601616906	74.82673488041031	8.248768480395363
-1.2203983050847458	-2.2881593220338985	0.060200721312535725	0.00515039666310386	74.57566205639448	74.65222715054122	7.322444299746424	76.5240455413712	74.76794092698928	8.318884135872647
-1.2203983050847458	-2.237313559322034	0.060200721312535725	0.005790105016202303	74.57566205639448	74.65222715054122	7.322444299746424	76.54875055990976	74.68966366411694	8.389817114116209
-1.2203983050847458	-2.1864677966101693	0.060200721312535725	0.006509268759592433	74.57566205639448	74.65222715054122	7.322444299746424	76.54455313955816	74.58911696550858	8.460132675680132
-1.2203983050847458	-2.135622033898305	0.060200721312535725	0.007317756701483213	74.57566205639448	74.65222715054122	7.322444299746424	76.50599055528758	74.4632328242396	8.528873223829711
-1.2203983050847458	-2.0847762711864406	0.060200721312535725	0.00822666341179857	74.57566205639448	74.65222715054122	7.322444299746424	76.42783987591072	74.30919914467108	8.594812944255136
-1.2203983050847458	-2.0339305084745765	0.060200721312535725	0.009248461468704988	74.57566205639448	74.65222715054122	7.322444299746424	76.30515622741432	74.12438152204466	8.657032477397122
-1.2203983050847458	-1.9830847457627119	0.060200721312535725	0.010397172615017792	74.57566205639448	74.65222715054122	7.322444299746424	76.13415589964615	73.90707311193147	8.713904973687267
-1.2203983050847458	-1.9322389830508475	0.060200721312535725	0.011688560173199561	74.57566205639448	74.65222715054122	7.322444299746424	75.91195291121079	73.65609219817395	8.76442928977673
-1.2203983050847458	-1.8813932203389832	0.060200721312535725	0.013140345359388184	74.57566205639448	74.65222715054122	7.322444299746424	75.63718845211473	73.3712772659704	8.807778946808419
-1.2203983050847458	-1.8305474576271186	0.060200721312535725	0.014772450464848772	74.57566205639448	74.65222715054122	7.322444299746424	75.31086813542719	73.05420809133692	8.84237298460765
-1.2203983050847458	-1.7797016949152542	0.060200721312535725	0.016607272241935287	74.57566205639448	74.65222715054122	7.322444299746424	74.93540108163901	72.70716124564753	8.868375671221685
-1.2203983050847458	-1.7288559322033898	0.060200721312535725	0.01866998924613268	74.57566205639448	74.65222715054122	7.322444299746424	74.51612711445009	72.33459617481695	8.885009591626304
-1.2203983050847458	-1.6780101694915255	0.060200721312535725	0.020988907351716324	74.57566205639448	74.65222715054122	7.322444299746424	74.06022410351724	71.94207293370786	8.892814314365596
-1.2203983050847458	-1.6271644067796611	0.060200721312535725	0.023595848182407723	74.57566205639448	74.65222715054122	7.322444299746424	73.57734575322043	71.53695351699278	8.892109005205514
-1.2203983050847458	-1.5763186440677965	0.060200721312535725	0.026526585787311405	74.57566205639448	74.65222715054122	7.322444299746424	73.07889963069724	71.12779228662316	8.883849885166134
-1.2203983050847458	-1.5254728813559322	0.060200721312535725	0.02982133755446928	74.57566205639448	74.65222715054122	7.322444299746424	72.57776957646759	70.72420896049402	8.86927997619545
-1.2203983050847458	-1.4746271186440678	0.060200721312535725	0.03352531609865107	74.57566205639448	74.65222715054122	7.322444299746424	72.08749230571551	70.33624027994126	8.850440178504414
-1.2203983050847458	-1.4237813559322035	0.060200721312535725	0.03768934969672507	74.57566205639448	74.65222715054122	7.322444299746424	71.62263098432706	69.97489527934583	8.828118876204384
-1.2203983050847458	-1.372935593220339	0.060200721312535725	0.04237057978460597	74.57566205639448	74.65222715054122	7.322444299746424	71.19684048031847	69.65039287524067	8.804368437927005
-1.2203983050847458	-1.3220898305084745	0.060200721312535725	0.04763324508726285	74.57566205639448	74.65222715054122	7.322444299746424	70.822801644261	69.37224550942119	8.781322239155752
-1.2203983050847458	-1.2712440677966101	0.060200721312535725	0.0535495631421025	74.57566205639448	74.65222715054122	7.322444299746424	70.51193804223733	69.14909381111478	8.760585142107518
-1.2203983050847458	-1.2203983050847458	0.060200721312535725	0.060200721312535725	74.57566205639448	74.65222715054122	7.322444299746424	70.27351030100304	68.98788323110622	8.744050345090631
-1.2203983050847458	-1.1695525423728814	0.060200721312535725	0.06767799089102523	74.57566205639448	74.65222715054122	7.322444299746424	70.11498202789709	68.89427891023497	8.732412880937519
-1.2203983050847458	-1.118706779661017	0.060200721312535725	0.07608397958002418	74.57566205639448	74.65222715054122	7.322444299746424	70.04116818181542	68.87183290950551	8.726364461007153
-1.2203983050847458	-1.0678610169491525	0.060200721312535725	0.08553403953812092	74.57566205639448	74.65222715054122	7.322444299746424	70.05379956957456	68.92154624131138	8.727195743586874
-1.2203983050847458	-1.0170152542372881	0.060200721312535725	0.09615785031346677	74.57566205639448	74.65222715054122	7.322444299746424	70.15224634506322	69.04257463759312	8.735294243851957
-1.2203983050847458	-0.9661694915254238	0.060200721312535725	0.10810119838647589	74.57566205639448	74.65222715054122	7.322444299746424	70.33465185993617	69.23333547328306	8.748028244514513
-1.2203983050847458	-0.9153237288135593	0.060200721312535725	0.1215279777417781	74.57566205639448	74.65222715054122	7.322444299746424	70.5948026514213	69.48834617412469	8.766329743974461
-1.2203983050847458	-0.8644779661016949	0.060200721312535725	0.13662243892250697	74.57566205639448	74.65222715054122	7.322444299746424	70.92427815097517	69.80033937212264	8.790857464875403
-1.2203983050847458	-0.8136322033898306	0.060200721312535725	0.15359171742983244	74.57566205639448	74.65222715054122	7.322444299746424	71.31480951258206	70.1625825028964	8.817909623405118
-1.2203983050847458	-0.7627864406779661	0.060200721312535725	0.17266867616399467	74.57566205639448	74.65222715054122	7.322444299746424	71.75514856907962	70.56570291382192	8.84640514566956
-1.2203983050847458	-0.7119406779661017	0.060200721312535725	0.19411510091256737	74.57566205639448	74.65222715054122	7.322444299746424	72.23313587362003	70.9997007605792	8.874619040501285
-1.2203983050847458	-0.6610949152542372	0.060200721312535725	0.21822529273641061	74.57566205639448	74.65222715054122	7.322444299746424	72.73523039970976	71.45341332733798	8.902063836346754
-1.2203983050847458	-0.6102491525423729	0.060200721312535725	0.24533010655024695	74.57566205639448	74.65222715054122	7.322444299746424	73.248866186846	71.91679116749604	8.92580131853638
-1.2203983050847458	-0.5594033898305085	0.060200721312535725	0.2758014913177542	74.57566205639448	74.65222715054122	7.322444299746424	73.76112608111404	72.37947917542844	8.944149067940685
-1.2203983050847458	-0.508557627118644	0.060200721312535725	0.3100575941645296	74.57566205639448	74.65222715054122	7.322444299746424	74.25964141190728	72.83161326491498	8.955910127214317
-1.2203983050847458	-0.45771186440677963	0.060200721312535725	0.34856849845071003	74.57566205639448	74.65222715054122	7.322444299746424	74.73311059325123	73.26423203682975	8.960293100912917
-1.2203983050847458	-0.40686610169491527	0.060200721312535725	0.39186267454461904	74.57566205639448	74.65222715054122	7.322444299746424	75.17244243709195	73.67031676825258	8.955442447568084
-1.2203983050847458	-0.35602033898305085	0.060200721312535725	0.4405342318189317	74.57566205639448	74.65222715054122	7.322444299746424	75.56919885161483	74.04314357055712	8.94217584202738
-1.2203983050847458	-0.30517457627118644	0.060200721312535725	0.49525107138571994	74.57566205639448	74.65222715054122	7.322444299746424	75.91848195267112	74.37909975103318	8.918599982659194
-1.2203983050847458	-0.254328813559322	0.060200721312535725	0.5567640514472341	74.57566205639448	74.65222715054122	7.322444299746424	76.21562489163317	74.67433169519616	8.886860674106538
-1.2203983050847458	-0.20348305084745763	0.060200721312535725	0.6259172910350144	74.57566205639448	74.65222715054122	7.322444299746424	76.45975256766106	74.92829172633746	8.845910383827444
-1.2203983050847458	-0.1526372881355932	0.060200721312535725	0.7036597535315913	74.57566205639448	74.65222715054122	7.322444299746424	76.65086393846259	75.14083861421311	8.796990619669565
-1.2203983050847458	-0.10179152542372881	0.060200721312535725	0.7910582689310004	74.57566205639448	74.65222715054122	7.322444299746424	76.79084453596589	75.31329457953039	8.741086227462867
-1.2203983050847458	-0.050945762711864406	0.060200721312535725	0.8893121735375996	74.57566205639448	74.65222715054122	7.322444299746424	76.88292281249797	75.4479679014185	8.679357071963635
-1.2203983050847458	-0.0001	0.060200721312535725	0.9997697679981565	74.57566205639448	74.65222715054122	7.322444299746424	76.93136968661189	75.54793366929094	8.613021487760795
-1.1695525423728814	-3.0	0.06767799089102523	0.001	74.57566205639448	74.65222715054122	7.322444299746424	75.2733924419752	74.83800955169886	7.581261164081457
-1.1695525423728814	-2.9491542372881354	0.06767799089102523	0.001124205647631211	74.57566205639448	74.65222715054122	7.322444299746424	75.34577090128052	74.85452220303338	7.610479824645113
-1.1695525423728814	-2.8983084745762713	0.06767799089102523	0.001263838338165909	74.57566205639448	74.65222715054122	7.322444299746424	75.4238551914004	74.8716531383031	7.642346109904604
-1.1695525423728814	-2.8474627118644067	0.06767799089102523	0.0014208141974589592	74.57566205639448	74.65222715054122	7.322444299746424	75.5073756845119	74.88891772545233	7.677446074646652
-1.1695525423728814	-2.7966169491525426	0.06767799089102523	0.0015972873450179669	74.57566205639448	74.65222715054122	7.322444299746424	75.59620343367145	74.90602882852042	7.715755616297044
-1.1695525423728814	-2.745771186440678	0.06767799089102523	0.0017956794541590607	74.57566205639448	74.65222715054122	7.322444299746424	75.68988349645622	74.92245000351771	7.757473665597723
-1.1695525423728814	-2.6949254237288134	0.06767799089102523	0.0020187129837009464	74.57566205639448	74.65222715054122	7.322444299746424	75.78786410865042	74.93764721000596	7.802465973186902
-1.1695525423728814	-2.6440796610169492	0.06767799089102523	0.002269448537223054	74.57566205639448	74.65222715054122	7.322444299746424	75.8887525074444	74.95037048076874	7.851632102453626
-1.1695525423728814	-2.5932338983050847	0.06767799089102523	0.0025513268625545478	74.57566205639448	74.65222715054122	7.322444299746424	75.99162373121797	74.95998986417372	7.904166462174496
-1.1695525423728814	-2.5423881355932205	0.06767799089102523	0.002868216067837038	74.57566205639448	74.65222715054122	7.322444299746424	76.09469681451047	74.96520024636268	7.96007604133189
-1.1695525423728814	-2.491542372881356	0.06767799089102523	0.0032244647020889827	74.57566205639448	74.65222715054122	7.322444299746424	76.1954072092102	74.9641220726177	8.01991494746798
-1.1695525423728814	-2.4406966101694914	0.06767799089102523	0.003624961428675924	74.57566205639448	74.65222715054122	7.322444299746424	76.29143847367975	74.95535797599564	8.082605118898359
-1.1695525423728814	-2.389850847457627	0.06767799089102523	0.0040752021105627725	74.57566205639448	74.65222715054122	7.322444299746424	76.37934366888061	74.93663485724599	8.148115694205263
-1.1695525423728814	-2.3390050847457626	0.06767799089102523	0.004581365227933299	74.57566205639448	74.65222715054122	7.322444299746424	76.45513827102558	74.90540833743742	8.21623407710772
-1.1695525423728814	-2.2881593220338985	0.06767799089102523	0.00515039666310386	74.57566205639448	74.65222715054122	7.322444299746424	76.51451982826433	74.85908162002056	8.286152431998437
-1.1695525423728814	-2.237313559322034	0.06767799089102523	0.005790105016202303	74.57566205639448	74.65222715054122	7.322444299746424	76.55279622445333	74.79491774259512	8.356709706783494
-1.1695525423728814	-2.1864677966101693	0.06767799089102523	0.006509268759592433	74.57566205639448	74.65222715054122	7.322444299746424	76.56423791727386	74.70935465286986	8.427903836516903
-1.1695525423728814	-2.135622033898305	0.06767799089102523	0.007317756701483213	74.57566205639448	74.65222715054122	7.322444299746424	76.54380807310088	74.599677377959	8.497751471153897
-1.1695525423728814	-2.0847762711864406	0.06767799089102523	0.00822666341179857	74.57566205639448	74.65222715054122	7.322444299746424	76.48586993822218	74.46264264486199	8.565331335233623
-1.1695525423728814	-2.0339305084745765	0.06767799089102523	0.009248461468704988	74.57566205639448	74.65222715054122	7.322444299746424	76.38484903278825	74.2950364805431	8.630050138222682
-1.1695525423728814	-1.9830847457627119	0.06767799089102523	0.010397172615017792	74.57566205639448	74.65222715054122	7.322444299746424	76.2365471916389	74.09486387853728	8.689716927182287
-1.1695525423728814	-1.9322389830508475	0.06767799089102523	0.011688560173199561	74.57566205639448	74.65222715054122	7.322444299746424	76.03703093264646	73.86010147548092	8.743559603961002
-1.1695525423728814	-1.8813932203389832	0.06767799089102523	0.013140345359388184	74.57566205639448	74.65222715054122	7.322444299746424	75.78398020717772	73.58990842784543	8.790360838969365
-1.1695525423728814	-1.8305474576271186	0.06767799089102523	0.014772450464848772	74.57566205639448	74.65222715054122	7.322444299746424	75.47667125385613	73.28448207623283	8.829294098766312
-1.1695525423728814	-1.7797016949152542	0.06767799089102523	0.016607272241935287	74.57566205639448	74.65222715054122	7.322444299746424	75.11674181320201	72.9457195161406	8.85910589802765
-1.1695525423728814	-1.7288559322033898	0.06767799089102523	0.01866998924613268	74.57566205639448	74.65222715054122	7.322444299746424	74.70748078788819	72.57644099693647	8.880051601853198
-1.1695525423728814	-1.6780101694915255	0.06767799089102523	0.020988907351716324	74.57566205639448	74.65222715054122	7.322444299746424	74.25541534400645	72.18195701274828	8.890996974684928
-1.1695525423728814	-1.6271644067796611	0.06767799089102523	0.023595848182407723	74.57566205639448	74.65222715054122	7.322444299746424	73.76826774400189	71.7680583813392	8.893461217075323
-1.1695525423728814	-1.5763186440677965	0.06767799089102523	0.026526585787311405	74.57566205639448	74.65222715054122	7.322444299746424	73.25712472070131	71.3432692226528	8.88689243771296
-1.1695525423728814	-1.5254728813559322	0.06767799089102523	0.02982133755446928	74.57566205639448	74.65222715054122	7.322444299746424	72.73347006210972	70.91600894764322	8.873901605628536
-1.1695525423728814	-1.4746271186440678	0.06767799089102523	0.03352531609865107	74.57566205639448	74.65222715054122	7.322444299746424	72.21164261741727	70.49721255635968	8.85433308732841
-1.1695525423728814	-1.4237813559322035	0.06767799089102523	0.03768934969672507	74.57566205639448	74.65222715054122	7.322444299746424	71.70513246732357	70.09680447606218	8.831464369047985
-1.1695525423728814	-1.372935593220339	0.06767799089102523	0.04237057978460597	74.57566205639448	74.65222715054122	7.322444299746424	71.22923903290356	69.726535591606	8.805342821016067
-1.1695525423728814	-1.3220898305084745	0.06767799089102523	0.04763324508726285	74.57566205639448	74.65222715054122	7.322444299746424	70.79735987840964	69.39643457842003	8.778853742723143
-1.1695525423728814	-1.2712440677966101	0.06767799089102523	0.0535495631421025	74.57566205639448	74.65222715054122	7.322444299746424	70.42227833372905	69.11623167871855	8.753856404265235
-1.1695525423728814	-1.2203983050847458	0.06767799089102523	0.060200721312535725	74.57566205639448	74.65222715054122	7.322444299746424	70.11506172561806	68.89435859380553	8.732252977523048
-1.1695525423728814	-1.1695525423728814	0.06767799089102523	0.06767799089102523	74.57566205639448	74.65222715054122	7.322444299746424	69.88486366210614	68.73781855884381	8.715463540546866
-1.1695525423728814	-1.118706779661017	0.06767799089102523	0.07608397958002418	74.57566205639448	74.65222715054122	7.322444299746424	69.73868241019744	68.65197967251638	8.70421662058268
-1.1695525423728814	-1.0678610169491525	0.06767799089102523	0.08553403953812092	74.57566205639448	74.65222715054122	7.322444299746424	69.68056320052415	68.63978709403163	8.699707277523942
-1.1695525423728814	-1.0170152542372881	0.06767799089102523	0.09615785031346677	74.57566205639448	74.65222715054122	7.322444299746424	69.71221775897095	68.70237341947723	8.702129210139617
-1.1695525423728814	-0.9661694915254238	0.06767799089102523	0.10810119838647589	74.57566205639448	74.65222715054122	7.322444299746424	69.83255026969319	68.83856447432933	8.7116279962186
-1.1695525423728814	-0.9153237288135593	0.06767799089102523	0.1215279777417781	74.57566205639448	74.65222715054122	7.322444299746424	70.03801745385209	69.04521299464777	8.727753247464209
-1.1695525423728814	-0.8644779661016949	0.06767799089102523	0.13662243892250697	74.57566205639448	74.65222715054122	7.322444299746424	70.32258651852668	69.31712740469455	8.74988502051386
-1.1695525423728814	-0.8136322033898306	0.06767799089102523	0.15359171742983244	74.57566205639448	74.65222715054122	7.322444299746424	70.67823465786766	69.64754050560778	8.776722507271236
-1.1695525423728814	-0.7627864406779661	0.06767799089102523	0.17266867616399467	74.57566205639448	74.65222715054122	7.322444299746424	71.0950843562407	70.02820937626456	8.806641152467805
-1.1695525423728814	-0.7119406779661017	0.06767799089102523	0.19411510091256737	74.57566205639448	74.65222715054122	7.322444299746424	71.56132555867362	70.44929592700278	8.838600905426457
-1.1695525423728814	-0.6610949152542372	0.06767799089102523	0.21822529273641061	74.57566205639448	74.65222715054122	7.322444299746424	72.06457941272457	70.90067836925138	8.870287807217238
-1.1695525423728814	-0.6102491525423729	0.06767799089102523	0.24533010655024695	74.57566205639448	74.65222715054122	7.322444299746424	72.59165651065143	71.37164295599571	8.899579853594028
-1.1695525423728814	-0.5594033898305085	0.06767799089102523	0.2758014913177542	74.57566205639448	74.65222715054122	7.322444299746424	73.12817128187513	71.8504171550024	8.926348876551378
-1.1695525423728814	-0.508557627118644	0.06767799089102523	0.3100575941645296	74.57566205639448	74.65222715054122	7.322444299746424	73.66201746787607	72.3275489660288	8.946599054327113
-1.1695525423728814	-0.45771186440677963	0.06767799089102523	0.34856849845071003	74.57566205639448	74.65222715054122	7.322444299746424	74.17979466945198	72.792226588953	8.960664933104551
-1.1695525423728814	-0.40686610169491527	0.06767799089102523	0.39186267454461904	74.57566205639448	74.65222715054122	7.322444299746424	74.67096267936648	73.2363217586263	8.965872801060282
-1.1695525423728814	-0.35602033898305085	0.06767799089102523	0.4405342318189317	74.57566205639448	74.65222715054122	7.322444299746424	75.12508226945076	73.65152355488277	8.962883185014737
-1.1695525423728814	-0.30517457627118644	0.06767799089102523	0.49525107138571994	74.57566205639448	74.65222715054122	7.322444299746424	75.53501387188662	74.03244346594788	8.94990992759649
-1.1695525423728814	-0.254328813559322	0.06767799089102523	0.5567640514472341	74.57566205639448	74.65222715054122	7.322444299746424	75.89473971069887	74.37436549998644	8.927456302425787
-1.1695525423728814	-0.20348305084745763	0.06767799089102523	0.6259172910350144	74.57566205639448	74.65222715054122	7.322444299746424	76.2009907782977	74.67483062299812	8.895165254558153
-1.1695525423728814	-0.1526372881355932	0.06767799089102523	0.7036597535315913	74.57566205639448	74.65222715054122	7.322444299746424	76.45199114814322	74.93236917988312	8.854186430095085
-1.1695525423728814	-0.10179152542372881	0.06767799089102523	0.7910582689310004	74.57566205639448	74.65222715054122	7.322444299746424	76.64836250735843	75.14742615356292	8.804985240892579
-1.1695525423728814	-0.050945762711864406	0.06767799089102523	0.8893121735375996	74.57566205639448	74.65222715054122	7.322444299746424	76.79217656386339	75.32146210581823	8.74867617174193
-1.1695525423728814	-0.0001	0.06767799089102523	0.9997697679981565	74.57566205639448	74.65222715054122	7.322444299746424	76.88681133663538	75.4568797528288	8.686629823865434
-1.118706779661017	-3.0	0.07608397958002418	0.001	74.57566205639448	74.65222715054122	7.322444299746424	75.23991823521096	74.84446259043929	7.567321226998389
-1.118706779661017	-2.9491542372881354	0.07608397958002418	0.001124205647631211	74.57566205639448	74.65222715054122	7.322444299746424	75.30959682071914	74.8622133961919	7.595382473601665
-1.118706779661017	-2.8983084745762713	0.07608397958002418	0.001263838338165909	74.57566205639448	74.65222715054122	7.322444299746424	75.38521815012245	74.88107393887088	7.625595545163188
-1.118706779661017	-2.8474627118644067	0.07608397958002418	0.0014208141974589592	74.57566205639448	74.65222715054122	7.322444299746424	75.46623277832755	74.90026248126745	7.659262901180352
-1.118706779661017	-2.7966169491525426	0.07608397958002418	0.0015972873450179669	74.57566205639448	74.65222715054122	7.322444299746424	75.55280823355866	74.9197606529025	7.695967690174875
-1.118706779661017	-2.745771186440678	0.07608397958002418	0.0017956794541590607	74.57566205639448	74.65222715054122	7.322444299746424	75.64463244498553	74.93913488717548	7.735876526102726
-1.118706779661017	-2.6949254237288134	0.07608397958002418	0.0020187129837009464	74.57566205639448	74.65222715054122	7.322444299746424	75.74103361237367	74.95767691615767	7.779402189999489
-1.118706779661017	-2.6440796610169492	0.07608397958002418	0.002269448537223054	74.57566205639448	74.65222715054122	7.322444299746424	75.84122008297564	74.97466739639832	7.826617132281792
-1.118706779661017	-2.5932338983050847	0.07608397958002418	0.0025513268625545478	74.57566205639448	74.65222715054122	7.322444299746424	75.94425280474188	74.98937450590012	7.8771739104967455
-1.118706779661017	-2.5423881355932205	0.07608397958002418	0.002868216067837038	74.57566205639448	74.65222715054122	7.322444299746424	76.048216339773	75.00025250391737	7.931847718281019
-1.118706779661017	-2.491542372881356	0.07608397958002418	0.0032244647020889827	74.57566205639448	74.65222715054122	7.322444299746424	76.15164312930392	75.00639436360113	7.98955055357432
-1.118706779661017	-2.4406966101694914	0.07608397958002418	0.003624961428675924	74.57566205639448	74.65222715054122	7.322444299746424	76.251711671551	75.00575677557002	8.050812427506516
-1.118706779661017	-2.389850847457627	0.07608397958002418	0.0040752021105627725	74.57566205639448	74.65222715054122	7.322444299746424	76.34554658805688	74.9964834094972	8.115079838382453
-1.118706779661017	-2.3390050847457626	0.07608397958002418	0.004581365227933299	74.57566205639448	74.65222715054122	7.322444299746424	76.42956786761042	74.97627146305311	8.181943807742075
-1.118706779661017	-2.2881593220338985	0.07608397958002418	0.00515039666310386	74.57566205639448	74.65222715054122	7.322444299746424	76.49917014684468	74.94205724230666	8.251764310818734
-1.118706779661017	-2.237313559322034	0.07608397958002418	0.005790105016202303	74.57566205639448	74.65222715054122	7.322444299746424	76.55045733198321	74.8917445724819	8.322246585969404
-1.118706779661017	-2.1864677966101693	0.07608397958002418	0.006509268759592433	74.57566205639448	74.65222715054122	7.322444299746424	76.5777714806962	74.82170902195686	8.393533691851626
-1.118706779661017	-2.135622033898305	0.07608397958002418	0.007317756701483213	74.57566205639448	74.65222715054122	7.322444299746424	76.57562854553086	74.728689326793	8.464580326677805
-1.118706779661017	-2.0847762711864406	0.07608397958002418	0.00822666341179857	74.57566205639448	74.65222715054122	7.322444299746424	76.53860510311019	74.60960520501212	8.53376718696387
-1.118706779661017	-2.0339305084745765	0.07608397958002418	0.009248461468704988	74.57566205639448	74.65222715054122	7.322444299746424	76.46060847640726	74.46073719699947	8.600865046003223
-1.118706779661017	-1.9830847457627119	0.07608397958002418	0.010397172615017792	74.57566205639448	74.65222715054122	7.322444299746424	76.33703867465829	74.2797756062673	8.663363435197349
-1.118706779661017	-1.9322389830508475	0.07608397958002418	0.011688560173199561	74.57566205639448	74.65222715054122	7.322444299746424	76.16319596872758	74.06409889911892	8.720400744404381
-1.118706779661017	-1.8813932203389832	0.07608397958002418	0.013140345359388184	74.57566205639448	74.65222715054122	7.322444299746424	75.93560721492604	73.81196311524612	8.770944702066124
-1.118706779661017	-1.8305474576271186	0.07608397958002418	0.014772450464848772	74.57566205639448	74.65222715054122	7.322444299746424	75.65227546498006	73.52261730289626	8.814132446171591
-1.118706779661017	-1.7797016949152542	0.07608397958002418	0.016607272241935287	74.57566205639448	74.65222715054122	7.322444299746424	75.31358969392572	73.19709421923221	8.848250598287521
-1.118706779661017	-1.7288559322033898	0.07608397958002418	0.01866998924613268	74.57566205639448	74.65222715054122	7.322444299746424	74.92132799257145	72.8371243596004	8.87338412299228
-1.118706779661017	-1.6780101694915255	0.07608397958002418	0.020988907351716324	74.57566205639448	74.65222715054122	7.322444299746424	74.4802166055025	72.44664675610184	8.888754104810028
-1.118706779661017	-1.6271644067796611	0.07608397958002418	0.023595848182407723	74.57566205639448	74.65222715054122	7.322444299746424	73.99706449917494	72.03094437618311	8.894615702465124
-1.118706779661017	-1.5763186440677965	0.07608397958002418	0.026526585787311405	74.57566205639448	74.65222715054122	7.322444299746424	73.4811205009872	71.59705413598924	8.891393947402118
-1.118706779661017	-1.5254728813559322	0.07608397958002418	0.02982133755446928	74.57566205639448	74.65222715054122	7.322444299746424	72.9436678396659	71.15346507696307	8.8799906033943
-1.118706779661017	-1.4746271186440678	0.07608397958002418	0.03352531609865107	74.57566205639448	74.65222715054122	7.322444299746424	72.39762254366383	70.70985891832288	8.86176792067961
-1.118706779661017	-1.4237813559322035	0.07608397958002418	0.03768934969672507	74.57566205639448	74.65222715054122	7.322444299746424	71.8573460583754	70.27709235466307	8.83783882259898
-1.118706779661017	-1.372935593220339	0.07608397958002418	0.04237057978460597	74.57566205639448	74.65222715054122	7.322444299746424	71.33732826621535	69.86605902782289	8.810416284318238
-1.118706779661017	-1.3220898305084745	0.07608397958002418	0.04763324508726285	74.57566205639448	74.65222715054122	7.322444299746424	70.85207180089314	69.48774631147673	8.781685956496801
-1.118706779661017	-1.2712440677966101	0.07608397958002418	0.0535495631421025	74.57566205639448	74.65222715054122	7.322444299746424	70.41583214008283	69.15312720543632	8.752965540148418
-1.118706779661017	-1.2203983050847458	0.07608397958002418	0.060200721312535725	74.57566205639448	74.65222715054122	7.322444299746424	70.04118338208353	68.8718479668734	8.726334552655864
-1.118706779661017	-1.1695525423728814	0.07608397958002418	0.06767799089102523	74.57566205639448	74.65222715054122	7.322444299746424	69.73866893443305	68.65196620725591	8.704244202618828
-1.118706779661017	-1.118706779661017	0.07608397958002418	0.07608397958002418	74.57566205639448	74.65222715054122	7.322444299746424	69.51748943521687	68.50069118551491	8.687288100413355
-1.118706779661017	-1.0678610169491525	0.07608397958002418	0.08553403953812092	74.57566205639448	74.65222715054122	7.322444299746424	69.38403565144048	68.42294177924165	8.676508980130274
-1.118706779661017	-1.0170152542372881	0.07608397958002418	0.09615785031346677	74.57566205639448	74.65222715054122	7.322444299746424	69.34169404539075	68.4211528482706	8.673403468359224
-1.118706779661017	-0.9661694915254238	0.07608397958002418	0.10810119838647589	74.57566205639448	74.65222715054122	7.322444299746424	69.39187713146684	68.49629255706773	8.677695107941457
-1.118706779661017	-0.9153237288135593	0.07608397958002418	0.1215279777417781	74.57566205639448	74.65222715054122	7.322444299746424	69.53286162671534	68.64667878331497	8.689679878374246
-1.118706779661017	-0.8644779661016949	0.07608397958002418	0.13662243892250697	74.57566205639448	74.65222715054122	7.322444299746424	69.76102719367087	68.86919313563212	8.70795978258145
-1.118706779661017	-0.8136322033898306	0.07608397958002418	0.15359171742983244	74.57566205639448	74.65222715054122	7.322444299746424	70.06946317966083	69.15786178130487	8.73257764937646
-1.118706779661017	-0.7627864406779661	0.07608397958002418	0.17266867616399467	74.57566205639448	74.65222715054122	7.322444299746424	70.44935983500956	69.50521912673453	8.762739003259362
-1.118706779661017	-0.7119406779661017	0.07608397958002418	0.19411510091256737	74.57566205639448	74.65222715054122	7.322444299746424	70.8909003159985	69.90316870285098	8.795666878977672
-1.118706779661017	-0.6610949152542372	0.07608397958002418	0.21822529273641061	74.57566205639448	74.65222715054122	7.322444299746424	71.38164709237631	70.34133045431756	8.830584127955136
-1.118706779661017	-0.6102491525423729	0.07608397958002418	0.24533010655024695	74.57566205639448	74.65222715054122	7.322444299746424	71.90888847029721	70.80933661815845	8.864914213339336
-1.118706779661017	-0.5594033898305085	0.07608397958002418	0.2758014913177542	74.57566205639448	74.65222715054122	7.322444299746424	72.45844080470388	71.29556756304254	8.897672774449896
-1.118706779661017	-0.508557627118644	0.07608397958002418	0.3100575941645296	74.57566205639448	74.65222715054122	7.322444299746424	73.01697951261718	71.78939933195431	8.925865974641255
-1.118706779661017	-0.45771186440677963	0.07608397958002418	0.34856849845071003	74.57566205639448	74.65222715054122	7.322444299746424	73.57039221312414	72.27945788845062	8.948894537949508
-1.118706779661017	-0.40686610169491527	0.07608397958002418	0.39186267454461904	74.57566205639448	74.65222715054122	7.322444299746424	74.10649155043525	72.75622142236175	8.964188535109395
-1.118706779661017	-0.35602033898305085	0.07608397958002418	0.4405342318189317	74.57566205639448	74.65222715054122	7.322444299746424	74.61347209602016	73.2103615763219	8.971296589474779
-1.118706779661017	-0.30517457627118644	0.07608397958002418	0.49525107138571994	74.57566205639448	74.65222715054122	7.322444299746424	75.08185885738492	73.63458201574511	8.968804185464764
-1.118706779661017	-0.254328813559322	0.07608397958002418	0.5567640514472341	74.57566205639448	74.65222715054122	7.322444299746424	75.50362260944381	74.0226372181294	8.956722778580785
-1.118706779661017	-0.20348305084745763	0.07608397958002418	0.6259172910350144	74.57566205639448	74.65222715054122	7.322444299746424	75.8732141317196	74.37029364898169	8.934778730779444
-1.118706779661017	-0.1526372881355932	0.07608397958002418	0.7036597535315913	74.57566205639448	74.65222715054122	7.322444299746424	76.18745861099114	74.67518178481265	8.902715420870127
-1.118706779661017	-0.10179152542372881	0.07608397958002418	0.7910582689310004	74.57566205639448	74.65222715054122	7.322444299746424	76.44476743507326	74.93599808319864	8.86168625425175
-1.118706779661017	-0.050945762711864406	0.07608397958002418	0.8893121735375996	74.57566205639448	74.65222715054122	7.322444299746424	76.64596637396	75.15335632873337	8.81219250553907
-1.118706779661017	-0.0001	0.07608397958002418	0.9997697679981565	74.57566205639448	74.65222715054122	7.322444299746424	76.79331221884789	75.32885659241784	8.755451761449432
-1.0678610169491525	-3.0	0.08553403953812092	0.001	74.57566205639448	74.65222715054122	7.322444299746424	75.20606965585051	74.84835300175907	7.553668108596915
-1.0678610169491525	-2.9491542372881354	0.08553403953812092	0.001124205647631211	74.57566205639448	74.65222715054122	7.322444299746424	75.27323136974185	74.86735792723998	7.57992084329771
-1.0678610169491525	-2.8983084745762713	0.08553403953812092	0.001263838338165909	74.57566205639448	74.65222715054122	7.322444299746424	75.34596027064612	74.88735287352858	7.608976329700899
-1.0678610169491525	-2.8474627118644067	0.08553403953812092	0.0014208141974589592	74.57566205639448	74.65222715054122	7.322444299746424	75.42434177787163	74.9081777452925	7.6410082169255
-1.0678610169491525	-2.7966169491525426	0.08553403953812092	0.0015972873450179669	74.57566205639448	74.65222715054122	7.322444299746424	75.50842816874828	74.92967611691793	7.676015829661118
-1.0678610169491525	-2.745771186440678	0.08553403953812092	0.0017956794541590607	74.57566205639448	74.65222715054122	7.322444299746424	75.5980626172612	74.95153550781245	7.7140914502895805
-1.0678610169491525	-2.6949254237288134	0.08553403953812092	0.0020187129837009464	74.57566205639448	74.65222715054122	7.322444299746424	75.69255039422481	74.97297690143907	7.755987862156258
-1.0678610169491525	-2.6440796610169492	0.08553403953812092	0.002269448537223054	74.57566205639448	74.65222715054122	7.322444299746424	75.79167548263769	74.9937935600424	7.800978719274697
-1.0678610169491525	-2.5932338983050847	0.08553403953812092	0.0025513268625545478	74.57566205639448	74.65222715054122	7.322444299746424	75.89392006038486	75.01259460265094	7.850300867275681
-1.0678610169491525	-2.5423881355932205	0.08553403953812092	0.002868216067837038	74.57566205639448	74.65222715054122	7.322444299746424	75.9986450369938	75.02901220375678	7.902668674156525
-1.0678610169491525	-2.491542372881356	0.08553403953812092	0.0032244647020889827	74.57566205639448	74.65222715054122	7.322444299746424	76.1037804374202	75.04141947481735	7.958755825376029
-1.0678610169491525	-2.4406966101694914	0.08553403953812092	0.003624961428675924	74.57566205639448	74.65222715054122	7.322444299746424	76.20727763465659	75.04841085427914	8.018166731060814
-1.0678610169491525	-2.389850847457627	0.08553403953812092	0.0040752021105627725	74.57566205639448	74.65222715054122	7.322444299746424	76.30613754984626	75.04785491682817	8.081253417414974
-1.0678610169491525	-2.3390050847457626	0.08553403953812092	0.004581365227933299	74.57566205639448	74.65222715054122	7.322444299746424	76.39732644232566	75.03783198072209	8.14719097232289
-1.0678610169491525	-2.2881593220338985	0.08553403953812092	0.00515039666310386	74.57566205639448	74.65222715054122	7.322444299746424	76.47683771797927	75.01570857469689	8.215796176273226
-1.0678610169491525	-2.237313559322034	0.08553403953812092	0.005790105016202303	74.57566205639448	74.65222715054122	7.322444299746424	76.54051219457402	74.97895990291286	8.28589043473244
-1.0678610169491525	-2.1864677966101693	0.08553403953812092	0.006509268759592433	74.57566205639448	74.65222715054122	7.322444299746424	76.58279149672302	74.92390980762316	8.357874807512111
-1.0678610169491525	-2.135622033898305	0.08553403953812092	0.007317756701483213	74.57566205639448	74.65222715054122	7.322444299746424	76.59915314269549	74.84813462285594	8.429034564819986
-1.0678610169491525	-2.0847762711864406	0.08553403953812092	0.00822666341179857	74.57566205639448	74.65222715054122	7.322444299746424	76.58302501356297	74.74732376763515	8.500021640058712
-1.0678610169491525	-2.0339305084745765	0.08553403953812092	0.009248461468704988	74.57566205639448	74.65222715054122	7.322444299746424	76.52933393984762	74.6187522055762	8.568177063488129
-1.0678610169491525	-1.9830847457627119	0.08553403953812092	0.010397172615017792	74.57566205639448	74.65222715054122	7.322444299746424	76.43160386337279	74.45827919710034	8.633911265276492
-1.0678610169491525	-1.9322389830508475	0.08553403953812092	0.011688560173199561	74.57566205639448	74.65222715054122	7.322444299746424	76.2855348073139	74.26380855085216	8.69423598810718
-1.0678610169491525	-1.8813932203389832	0.08553403953812092	0.013140345359388184	74.57566205639448	74.65222715054122	7.322444299746424	76.0862975419678	74.03245049853321	8.748972624358345
-1.0678610169491525	-1.8305474576271186	0.08553403953812092	0.014772450464848772	74.57566205639448	74.65222715054122	7.322444299746424	75.83112446618567	73.76297638320062	8.796418288024489
-1.0678610169491525	-1.7797016949152542	0.08553403953812092	0.016607272241935287	74.57566205639448	74.65222715054122	7.322444299746424	75.51881665754065	73.45519638624201	8.83518710545656
-1.0678610169491525	-1.7288559322033898	0.08553403953812092	0.01866998924613268	74.57566205639448	74.65222715054122	7.322444299746424	75.14963154551356	73.10973879574254	8.865199285525025
-1.0678610169491525	-1.6780101694915255	0.08553403953812092	0.020988907351716324	74.57566205639448	74.65222715054122	7.322444299746424	74.72687757225214	72.72957020613175	8.885105739761022
-1.0678610169491525	-1.6271644067796611	0.08553403953812092	0.023595848182407723	74.57566205639448	74.65222715054122	7.322444299746424	74.25554238557552	72.31859334165271	8.895401869667957
-1.0678610169491525	-1.5763186440677965	0.08553403953812092	0.026526585787311405	74.57566205639448	74.65222715054122	7.322444299746424	73.74346648924431	71.88284161759213	8.896148314549475
-1.0678610169491525	-1.5254728813559322	0.08553403953812092	0.02982133755446928	74.57566205639448	74.65222715054122	7.322444299746424	73.20073862314034	71.42994620630152	8.88792039452745
-1.0678610169491525	-1.4746271186440678	0.08553403953812092	0.03352531609865107	74.57566205639448	74.65222715054122	7.322444299746424	72.63967226072113	70.9692318045951	8.871243695698992
-1.0678610169491525	-1.4237813559322035	0.08553403953812092	0.03768934969672507	74.57566205639448	74.65222715054122	7.322444299746424	72.07348792750538	70.5105519586089	8.848309841070567
-1.0678610169491525	-1.372935593220339	0.08553403953812092	0.04237057978460597	74.57566205639448	74.65222715054122	7.322444299746424	71.51695487783611	70.06510511497476	8.820524905704744
-1.0678610169491525	-1.3220898305084745	0.08553403953812092	0.04763324508726285	74.57566205639448	74.65222715054122	7.322444299746424	70.98513703825552	69.64435702315181	8.789705842472298
-1.0678610169491525	-1.2712440677966101	0.08553403953812092	0.0535495631421025	74.57566205639448	74.65222715054122	7.322444299746424	70.49262951236582	69.25944247940393	8.75822568157846
-1.0678610169491525	-1.2203983050847458	0.08553403953812092	0.060200721312535725	74.57566205639448	74.65222715054122	7.322444299746424	70.05371521828526	68.92146190505231	8.727364381402923
-1.0678610169491525	-1.1695525423728814	0.08553403953812092	0.06767799089102523	74.57566205639448	74.65222715054122	7.322444299746424	69.68053725184171	68.6397611704773	8.69975946320993
-1.0678610169491525	-1.118706779661017	0.08553403953812092	0.07608397958002418	74.57566205639448	74.65222715054122	7.322444299746424	69.38395246139581	68.42285860800598	8.676675363025707
-1.0678610169491525	-1.0678610169491525	0.08553403953812092	0.08553403953812092	74.57566205639448	74.65222715054122	7.322444299746424	69.17212701584221	68.27708106865563	8.660019239293518
-1.0678610169491525	-1.0170152542372881	0.08553403953812092	0.09615785031346677	74.57566205639448	74.65222715054122	7.322444299746424	69.05139947691805	68.20744131611028	8.650050349617235
-1.0678610169491525	-0.9661694915254238	0.08553403953812092	0.10810119838647589	74.57566205639448	74.65222715054122	7.322444299746424	69.0246417500672	68.2159939080676	8.648326981531023
-1.0678610169491525	-0.9153237288135593	0.08553403953812092	0.1215279777417781	74.57566205639448	74.65222715054122	7.322444299746424	69.09283524259439	68.30339521549485	8.654417874525404
-1.0678610169491525	-0.8644779661016949	0.08553403953812092	0.13662243892250697	74.57566205639448	74.65222715054122	7.322444299746424	69.25398107085606	68.467791956527	8.66815579536795
-1.0678610169491525	-0.8136322033898306	0.08553403953812092	0.15359171742983244	74.57566205639448	74.65222715054122	7.322444299746424	69.50337080167178	68.70506902019841	8.689301547389471
-1.0678610169491525	-0.7627864406779661	0.08553403953812092	0.17266867616399467	74.57566205639448	74.65222715054122	7.322444299746424	69.83408712022236	69.00932788340407	8.716917025466387
-1.0678610169491525	-0.7119406779661017	0.08553403953812092	0.19411510091256737	74.57566205639448	74.65222715054122	7.322444299746424	70.23712520957925	69.37298433396228	8.749626304198292
-1.0678610169491525	-0.6610949152542372	0.08553403953812092	0.21822529273641061	74.57566205639448	74.65222715054122	7.322444299746424	70.70189599020033	69.78724442512785	8.785255308922592
-1.0678610169491525	-0.6102491525423729	0.08553403953812092	0.24533010655024695	74.57566205639448	74.65222715054122	7.322444299746424	71.21541250101072	70.24125410589151	8.82323269858224
-1.0678610169491525	-0.5594033898305085	0.08553403953812092	0.2758014913177542	74.57566205639448	74.65222715054122	7.322444299746424	71.76491797168906	70.7246783280881	8.860232039641744
-1.0678610169491525	-0.508557627118644	0.08553403953812092	0.3100575941645296	74.57566205639448	74.65222715054122	7.322444299746424	72.33562592495518	71.2253738819109	8.895707048667441
-1.0678610169491525	-0.45771186440677963	0.08553403953812092	0.34856849845071003	74.57566205639448	74.65222715054122	7.322444299746424	72.91433955468372	71.73292421107978	8.925739944510967
-1.0678610169491525	-0.40686610169491527	0.08553403953812092	0.39186267454461904	74.57566205639448	74.65222715054122	7.322444299746424	73.48629556135485	72.23538100649976	8.950475562118452
-1.0678610169491525	-0.35602033898305085	0.08553403953812092	0.4405342318189317	74.57566205639448	74.65222715054122	7.322444299746424	74.0389959640422	72.7229815387124	8.967554542735796
-1.0678610169491525	-0.30517457627118644	0.08553403953812092	0.49525107138571994	74.57566205639448	74.65222715054122	7.322444299746424	74.56078672666243	73.18660816500496	8.975948523549345
-1.0678610169491525	-0.254328813559322	0.08553403953812092	0.5567640514472341	74.57566205639448	74.65222715054122	7.322444299746424	75.04193025185343	73.61874728083704	8.974653971646113
-1.0678610169491525	-0.20348305084745763	0.08553403953812092	0.6259172910350144	74.57566205639448	74.65222715054122	7.322444299746424	75.47462447059999	74.01340919389666	8.963260840371998
-1.0678610169491525	-0.1526372881355932	0.08553403953812092	0.7036597535315913	74.57566205639448	74.65222715054122	7.322444299746424	75.85349429316655	74.36654607344288	8.941313318823441
-1.0678610169491525	-0.10179152542372881	0.08553403953812092	0.7910582689310004	74.57566205639448	74.65222715054122	7.322444299746424	76.17471606494367	74.67513381940208	8.910130427924885
-1.0678610169491525	-0.050945762711864406	0.08553403953812092	0.8893121735375996	74.57566205639448	74.65222715054122	7.322444299746424	76.43806018737094	74.93920679032811	8.868509335303978
-1.0678610169491525	-0.0001	0.08553403953812092	0.9997697679981565	74.57566205639448	74.65222715054122	7.322444299746424	76.64365183842921	75.15864465696544	8.818768757492736
-1.0170152542372881	-3.0	0.09615785031346677	0.001	74.57566205639448	74.65222715054122	7.322444299746424	75.1723062946663	74.85016194501394	7.539649573644272
-1.0170152542372881	-2.9491542372881354	0.09615785031346677	0.001124205647631211	74.57566205639448	74.65222715054122	7.322444299746424	75.23636900404549	74.86966897835127	7.5649954531277634
-1.0170152542372881	-2.8983084745762713	0.09615785031346677	0.001263838338165909	74.57566205639448	74.65222715054122	7.322444299746424	75.30618928683317	74.89061246804276	7.592579729903363
-1.0170152542372881	-2.8474627118644067	0.09615785031346677	0.0014208141974589592	74.57566205639448	74.65222715054122	7.322444299746424	75.38185526666007	74.9128256404975	7.622699881518079
-1.0170152542372881	-2.7966169491525426	0.09615785031346677	0.0015972873450179669	74.57566205639448	74.65222715054122	7.322444299746424	75.46306369112897	74.93577864568117	7.6562320535725465
-1.0170152542372881	-2.745771186440678	0.09615785031346677	0.0017956794541590607	74.57566205639448	74.65222715054122	7.322444299746424	75.55022531069537	74.95969791169082	7.692349234468527
-1.0170152542372881	-2.6949254237288134	0.09615785031346677	0.0020187129837009464	74.57566205639448	74.65222715054122	7.322444299746424	75.64247230419019	74.9835903758619	7.732423478604405
-1.0170152542372881	-2.6440796610169492	0.09615785031346677	0.002269448537223054	74.57566205639448	74.65222715054122	7.322444299746424	75.7396435455991	75.00724849713691	7.77595230879277
-1.0170152542372881	-2.5932338983050847	0.09615785031346677	0.0025513268625545478	74.57566205639448	74.65222715054122	7.322444299746424	75.84119633291412	75.030184430367	7.822629522979969
-1.0170152542372881	-2.5423881355932205	0.09615785031346677	0.002868216067837038	74.57566205639448	74.65222715054122	7.322444299746424	75.94566039105435	75.05110898890644	7.873308341715125
-1.0170152542372881	-2.491542372881356	0.09615785031346677	0.0032244647020889827	74.57566205639448	74.65222715054122	7.322444299746424	76.0517295340485	75.06905014083814	7.927689947335011
-1.0170152542372881	-2.4406966101694914	0.09615785031346677	0.003624961428675924	74.57566205639448	74.65222715054122	7.322444299746424	76.15771776457233	75.08283659963698	7.985274656938556
-1.0170152542372881	-2.389850847457627	0.09615785031346677	0.0040752021105627725	74.57566205639448	74.65222715054122	7.322444299746424	76.26074710943475	75.090312503454	8.046853895062405
-1.0170152542372881	-2.3390050847457626	0.09615785031346677	0.004581365227933299	74.57566205639448	74.65222715054122	7.322444299746424	76.35817459479274	75.08978825210407	8.111540323928278
-1.0170152542372881	-2.2881593220338985	0.09615785031346677	0.00515039666310386	74.57566205639448	74.65222715054122	7.322444299746424	76.44660956201263	75.07907595100276	8.178652780141318
-1.0170152542372881	-2.237313559322034	0.09615785031346677	0.005790105016202303	74.57566205639448	74.65222715054122	7.322444299746424	76.5216130165628	75.05519820866299	8.248264355413635
-1.0170152542372881	-2.1864677966101693	0.09615785031346677	0.006509268759592433	74.57566205639448	74.65222715054122	7.322444299746424	76.57861041708358	75.01529771427101	8.319413544267451
-1.0170152542372881	-2.135622033898305	0.09615785031346677	0.007317756701483213	74.57566205639448	74.65222715054122	7.322444299746424	76.6124478028771	74.956173812282	8.391103010768909
-1.0170152542372881	-2.0847762711864406	0.09615785031346677	0.00822666341179857	74.57566205639448	74.65222715054122	7.322444299746424	76.61725715621613	74.87410903397101	8.462780612282438
-1.0170152542372881	-2.0339305084745765	0.09615785031346677	0.009248461468704988	74.57566205639448	74.65222715054122	7.322444299746424	76.58704615945925	74.76539714607112	8.53351987761172
-1.0170152542372881	-1.9830847457627119	0.09615785031346677	0.010397172615017792	74.57566205639448	74.65222715054122	7.322444299746424	76.5163688137838	74.62692982223764	8.601150043186172
-1.0170152542372881	-1.9322389830508475	0.09615785031346677	0.011688560173199561	74.57566205639448	74.65222715054122	7.322444299746424	76.39923877283111	74.45500332147955	8.665053100892434
-1.0170152542372881	-1.8813932203389832	0.09615785031346677	0.013140345359388184	74.57566205639448	74.65222715054122	7.322444299746424	76.23079306676647	74.24685900558615	8.723573324471943
-1.0170152542372881	-1.8305474576271186	0.09615785031346677	0.014772450464848772	74.57566205639448	74.65222715054122	7.322444299746424	76.00697974746946	74.00023570619972	8.77547868513353
-1.0170152542372881	-1.7797016949152542	0.09615785031346677	0.016607272241935287	74.57566205639448	74.65222715054122	7.322444299746424	75.725215765366	73.71389389930256	8.819506701618158
-1.0170152542372881	-1.7288559322033898	0.09615785031346677	0.01866998924613268	74.57566205639448	74.65222715054122	7.322444299746424	75.38481093843397	73.38791682914804	8.854368785910593
-1.0170152542372881	-1.6780101694915255	0.09615785031346677	0.020988907351716324	74.57566205639448	74.65222715054122	7.322444299746424	74.98679212953896	73.02343781790142	8.879833419003521
-1.0170152542372881	-1.6271644067796611	0.09615785031346677	0.023595848182407723	74.57566205639448	74.65222715054122	7.322444299746424	74.53495460038634	72.62363178933703	8.895179995444712
-1.0170152542372881	-1.5763186440677965	0.09615785031346677	0.026526585787311405	74.57566205639448	74.65222715054122	7.322444299746424	74.03531725938731	72.1931587200812	8.900574935337104
-1.0170152542372881	-1.5254728813559322	0.09615785031346677	0.02982133755446928	74.57566205639448	74.65222715054122	7.322444299746424	73.49659649439923	71.73867571707426	8.896095104309678
-1.0170152542372881	-1.4746271186440678	0.09615785031346677	0.03352531609865107	74.57566205639448	74.65222715054122	7.322444299746424	72.9294613428845	71.26818238521135	8.882847092605195
-1.0170152542372881	-1.4237813559322035	0.09615785031346677	0.03768934969672507	74.57566205639448	74.65222715054122	7.322444299746424	72.34674787912725	70.79136575695706	8.861828147366591
-1.0170152542372881	-1.372935593220339	0.09615785031346677	0.04237057978460597	74.57566205639448	74.65222715054122	7.322444299746424	71.76272222567238	70.31902580013838	8.83439365013249
-1.0170152542372881	-1.3220898305084745	0.09615785031346677	0.04763324508726285	74.57566205639448	74.65222715054122	7.322444299746424	71.19267404085758	69.86284450105556	8.801844261568263
-1.0170152542372881	-1.2712440677966101	0.09615785031346677	0.0535495631421025	74.57566205639448	74.65222715054122	7.322444299746424	70.65041174395147	69.43305348121145	8.769090059707606
-1.0170152542372881	-1.2203983050847458	0.09615785031346677	0.060200721312535725	74.57566205639448	74.65222715054122	7.322444299746424	70.15260284578102	69.04293113987042	8.734580407664632
-1.0170152542372881	-1.1695525423728814	0.09615785031346677	0.06767799089102523	74.57566205639448	74.65222715054122	7.322444299746424	69.71223546708158	68.70239117502838	8.702094910251546
-1.0170152542372881	-1.118706779661017	0.09615785031346677	0.07608397958002418	74.57566205639448	74.65222715054122	7.322444299746424	69.34164152944979	68.42110032443647	8.673507097481814
-1.0170152542372881	-1.0678610169491525	0.09615785031346677	0.08553403953812092	74.57566205639448	74.65222715054122	7.322444299746424	69.0514128375154	68.20745459852358	8.650023988624104
-1.0170152542372881	-1.0170152542372881	0.09615785031346677	0.09615785031346677	74.57566205639448	74.65222715054122	7.322444299746424	68.84938809124596	68.0675957177443	8.633441346472592
-1.0170152542372881	-0.9661694915254238	0.09615785031346677	0.10810119838647589	74.57566205639448	74.65222715054122	7.322444299746424	68.74113722635123	68.00590150108837	8.624698704452243
-1.0170152542372881	-0.9153237288135593	0.09615785031346677	0.1215279777417781	74.57566205639448	74.65222715054122	7.322444299746424	68.72989294184671	68.02490767962682	8.623708658838394
-1.0170152542372881	-0.8644779661016949	0.09615785031346677	0.13662243892250697	74.57566205639448	74.65222715054122	7.322444299746424	68.8152803852634	68.12401930863915	8.631817731572106
-1.0170152542372881	-0.8136322033898306	0.09615785031346677	0.15359171742983244	74.57566205639448	74.65222715054122	7.322444299746424	68.99550606628341	68.30167881200488	8.647501514586496
-1.0170152542372881	-0.7627864406779661	0.09615785031346677	0.17266867616399467	74.57566205639448	74.65222715054122	7.322444299746424	69.26488311015116	68.55287108318417	8.671555594072657
-1.0170152542372881	-0.7119406779661017	0.09615785031346677	0.19411510091256737	74.57566205639448	74.65222715054122	7.322444299746424	69.61688491053138	68.87215844122892	8.701354276611715
-1.0170152542372881	-0.6610949152542372	0.09615785031346677	0.21822529273641061	74.57566205639448	74.65222715054122	7.322444299746424	70.04121036269515	69.25072612455475	8.73723450844151
-1.0170152542372881	-0.6102491525423729	0.09615785031346677	0.24533010655024695	74.57566205639448	74.65222715054122	7.322444299746424	70.52753486157364	69.68010941321995	8.77564835371585
-1.0170152542372881	-0.5594033898305085	0.09615785031346677	0.2758014913177542	74.57566205639448	74.65222715054122	7.322444299746424	71.06257055162554	70.14922009344919	8.815813065464932
-1.0170152542372881	-0.508557627118644	0.09615785031346677	0.3100575941645296	74.57566205639448	74.65222715054122	7.322444299746424	71.6325906674465	70.64682214956828	8.855586840516512
-1.0170152542372881	-0.45771186440677963	0.09615785031346677	0.34856849845071003	74.57566205639448	74.65222715054122	7.322444299746424	72.22341376342666	71.16144889635869	8.892523304895915
-1.0170152542372881	-0.40686610169491527	0.09615785031346677	0.39186267454461904	74.57566205639448	74.65222715054122	7.322444299746424	72.82021238569108	71.68112519688893	8.925363068429906
-1.0170152542372881	-0.35602033898305085	0.09615785031346677	0.4405342318189317	74.57566205639448	74.65222715054122	7.322444299746424	73.4091535497635	72.1949025259539	8.951899386464595
-1.0170152542372881	-0.30517457627118644	0.09615785031346677	0.49525107138571994	74.57566205639448	74.65222715054122	7.322444299746424	73.97740208714622	72.69274435081408	8.97007739741244
-1.0170152542372881	-0.254328813559322	0.09615785031346677	0.5567640514472341	74.57566205639448	74.65222715054122	7.322444299746424	74.51258677006692	73.16486938669954	8.980072358809377
-1.0170152542372881	-0.20348305084745763	0.09615785031346677	0.6259172910350144	74.57566205639448	74.65222715054122	7.322444299746424	75.00546454331837	73.60429929032803	8.97980223577072
-1.0170152542372881	-0.1526372881355932	0.09615785031346677	0.7036597535315913	74.57566205639448	74.65222715054122	7.322444299746424	75.44838594225519	74.00522220811807	8.968594020449151
-1.0170152542372881	-0.10179152542372881	0.09615785031346677	0.7910582689310004	74.57566205639448	74.65222715054122	7.322444299746424	75.83557551468957	74.36319942310604	8.94696031442623
-1.0170152542372881	-0.050945762711864406	0.09615785031346677	0.8893121735375996	74.57566205639448	74.65222715054122	7.322444299746424	76.16361841221249	74.67560922503597	8.915669213836074
-1.0170152542372881	-0.0001	0.09615785031346677	0.9997697679981565	74.57566205639448	74.65222715054122	7.322444299746424	76.4319367071511	74.94211706543666	8.87455659252804
-0.9661694915254238	-3.0	0.10810119838647589	0.001	74.57566205639448	74.65222715054122	7.322444299746424	75.13812260036194	74.84940950588154	7.526630120868077
-0.9661694915254238	-2.9491542372881354	0.10810119838647589	0.001124205647631211	74.57566205639448	74.65222715054122	7.322444299746424	75.19941393158219	74.86957362495735	7.550185065069744
-0.9661694915254238	-2.8983084745762713	0.10810119838647589	0.001263838338165909	74.57566205639448	74.65222715054122	7.322444299746424	75.26623912776854	74.89120544896882	7.576164989306538
-0.9661694915254238	-2.8474627118644067	0.10810119838647589	0.0014208141974589592	74.57566205639448	74.65222715054122	7.322444299746424	75.33873120140484	74.91417750210663	7.604886580525945
-0.9661694915254238	-2.7966169491525426	0.10810119838647589	0.0015972873450179669	74.57566205639448	74.65222715054122	7.322444299746424	75.41707767905976	74.93843712152317	7.636389978598042
-0.9661694915254238	-2.745771186440678	0.10810119838647589	0.0017956794541590607	74.57566205639448	74.65222715054122	7.322444299746424	75.50116404937356	74.96366265872386	7.671093120380617
-0.9661694915254238	-2.6949254237288134	0.10810119838647589	0.0020187129837009464	74.57566205639448	74.65222715054122	7.322444299746424	75.59094684832083	74.9896509349442	7.708967709986775
-0.9661694915254238	-2.6440796610169492	0.10810119838647589	0.002269448537223054	74.57566205639448	74.65222715054122	7.322444299746424	75.68601704330838	75.01589842151611	7.750316510596619
-0.9661694915254238	-2.5932338983050847	0.10810119838647589	0.0025513268625545478	74.57566205639448	74.65222715054122	7.322444299746424	75.78581763485103	75.0418392696986	7.795240921612594
-0.9661694915254238	-2.5423881355932205	0.10810119838647589	0.002868216067837038	74.57566205639448	74.65222715054122	7.322444299746424	75.88956779940995	75.06679267610379	7.843673990196427
-0.9661694915254238	-2.491542372881356	0.10810119838647589	0.0032244647020889827	74.57566205639448	74.65222715054122	7.322444299746424	75.99588189284576	75.08960721861223	7.896008156386322
-0.9661694915254238	-2.4406966101694914	0.10810119838647589	0.003624961428675924	74.57566205639448	74.65222715054122	7.322444299746424	76.10328393149727	75.1092022829345	7.951940511867922
-0.9661694915254238	-2.389850847457627	0.10810119838647589	0.0040752021105627725	74.57566205639448	74.65222715054122	7.322444299746424	76.20957372265984	75.12396119554775	8.01159091489589
-0.9661694915254238	-2.3390050847457626	0.10810119838647589	0.004581365227933299	74.57566205639448	74.65222715054122	7.322444299746424	76.31234217956082	75.1322727965438	8.07435271263098
-0.9661694915254238	-2.2881593220338985	0.10810119838647589	0.00515039666310386	74.57566205639448	74.65222715054122	7.322444299746424	76.408102733219	75.13168428536287	8.14051239141001
-0.9661694915254238	-2.237313559322034	0.10810119838647589	0.005790105016202303	74.57566205639448	74.65222715054122	7.322444299746424	76.49331992253327	75.11994542890766	8.20911968364978
-0.9661694915254238	-2.1864677966101693	0.10810119838647589	0.006509268759592433	74.57566205639448	74.65222715054122	7.322444299746424	76.56370692639624	75.09431150900637	8.279367068889382
-0.9661694915254238	-2.135622033898305	0.10810119838647589	0.007317756701483213	74.57566205639448	74.65222715054122	7.322444299746424	76.61373569725005	75.05104498087393	8.351622350639618
-0.9661694915254238	-2.0847762711864406	0.10810119838647589	0.00822666341179857	74.57566205639448	74.65222715054122	7.322444299746424	76.63840045385159	74.98715323126973	8.424042415698125
-0.9661694915254238	-2.0339305084745765	0.10810119838647589	0.009248461468704988	74.57566205639448	74.65222715054122	7.322444299746424	76.63173656285443	74.89886144901793	8.495800635439998
-0.9661694915254238	-1.9830847457627119	0.10810119838647589	0.010397172615017792	74.57566205639448	74.65222715054122	7.322444299746424	76.58786565172785	74.78258863010369	8.565386502469837
-0.9661694915254238	-1.9322389830508475	0.10810119838647589	0.011688560173199561	74.57566205639448	74.65222715054122	7.322444299746424	76.50040407835303	74.63426523288854	8.632315713121812
-0.9661694915254238	-1.8813932203389832	0.10810119838647589	0.013140345359388184	74.57566205639448	74.65222715054122	7.322444299746424	76.36426944964425	74.45102675237264	8.694188532247095
-0.9661694915254238	-1.8305474576271186	0.10810119838647589	0.014772450464848772	74.57566205639448	74.65222715054122	7.322444299746424	76.17421310422446	74.22961900305988	8.750403098232479
-0.9661694915254238	-1.7797016949152542	0.10810119838647589	0.016607272241935287	74.57566205639448	74.65222715054122	7.322444299746424	75.92654444368867	73.96798784020643	8.799564788641897
-0.9661694915254238	-1.7288559322033898	0.10810119838647589	0.01866998924613268	74.57566205639448	74.65222715054122	7.322444299746424	75.61927109466002	73.66528781594917	8.840090198233566
-0.9661694915254238	-1.6780101694915255	0.10810119838647589	0.020988907351716324	74.57566205639448	74.65222715054122	7.322444299746424	75.2519896830658	73.32165815420304	8.871250636446488
-0.9661694915254238	-1.6271644067796611	0.10810119838647589	0.023595848182407723	74.57566205639448	74.65222715054122	7.322444299746424	74.82659910764436	72.93885147541485	8.892453591151378
-0.9661694915254238	-1.5763186440677965	0.10810119838647589	0.026526585787311405	74.57566205639448	74.65222715054122	7.322444299746424	74.34764954540779	72.52053795658247	8.903026475160301
-0.9661694915254238	-1.5254728813559322	0.10810119838647589	0.02982133755446928	74.57566205639448	74.65222715054122	7.322444299746424	73.82142430375889	72.07139190832177	8.904256668538832
-0.9661694915254238	-1.4746271186440678	0.10810119838647589	0.03352531609865107	74.57566205639448	74.65222715054122	7.322444299746424	73.25827235039543	71.59948060949837	8.894610765014937
-0.9661694915254238	-1.4237813559322035	0.10810119838647589	0.03768934969672507	74.57566205639448	74.65222715054122	7.322444299746424	72.66891839070216	71.11267809133066	8.87663384498649
-0.9661694915254238	-1.372935593220339	0.10810119838647589	0.04237057978460597	74.57566205639448	74.65222715054122	7.322444299746424	72.06683914746782	70.62118392276167	8.851393893212848
-0.9661694915254238	-1.3220898305084745	0.10810119838647589	0.04763324508726285	74.57566205639448	74.65222715054122	7.322444299746424	71.46701699059463	70.1364437712263	8.819897323227456
-0.9661694915254238	-1.2712440677966101	0.10810119838647589	0.0535495631421025	74.57566205639448	74.65222715054122	7.322444299746424	70.88449955808625	69.66988487755094	8.784700045592988
-0.9661694915254238	-1.2203983050847458	0.10810119838647589	0.060200721312535725	74.57566205639448	74.65222715054122	7.322444299746424	70.3346955884345	69.23337917616007	8.747941669419154
-0.9661694915254238	-1.1695525423728814	0.10810119838647589	0.06767799089102523	74.57566205639448	74.65222715054122	7.322444299746424	69.83247394326587	68.83848818478728	8.711781071017572
-0.9661694915254238	-1.118706779661017	0.10810119838647589	0.07608397958002418	74.57566205639448	74.65222715054122	7.322444299746424	69.3918471855881	68.49626259774443	8.677754520935638
-0.9661694915254238	-1.0678610169491525	0.10810119838647589	0.08553403953812092	74.57566205639448	74.65222715054122	7.322444299746424	69.0246841454368	68.21603628192744	8.648241381762956
-0.9661694915254238	-1.0170152542372881	0.10810119838647589	0.09615785031346677	74.57566205639448	74.65222715054122	7.322444299746424	68.74135767584838	68.0061219660069	8.624258485024171
-0.9661694915254238	-0.9661694915254238	0.10810119838647589	0.10810119838647589	74.57566205639448	74.65222715054122	7.322444299746424	68.54886986115825	67.87195666865466	8.608535061162613
-0.9661694915254238	-0.9153237288135593	0.10810119838647589	0.1215279777417781	74.57566205639448	74.65222715054122	7.322444299746424	68.4532864149602	67.81853536858293	8.600191979395372
-0.9661694915254238	-0.8644779661016949	0.10810119838647589	0.13662243892250697	74.57566205639448	74.65222715054122	7.322444299746424	68.45643651864306	67.84709720839389	8.601089381431372
-0.9661694915254238	-0.8136322033898306	0.10810119838647589	0.15359171742983244	74.57566205639448	74.65222715054122	7.322444299746424	68.55831695753434	67.95751046915709	8.610959250772304
-0.9661694915254238	-0.7627864406779661	0.10810119838647589	0.17266867616399467	74.57566205639448	74.65222715054122	7.322444299746424	68.7564432729153	68.14760450914997	8.62879955622066
-0.9661694915254238	-0.7119406779661017	0.10810119838647589	0.19411510091256737	74.57566205639448	74.65222715054122	7.322444299746424	69.045122723501	68.41242525244856	8.654574710170566
-0.9661694915254238	-0.6610949152542372	0.10810119838647589	0.21822529273641061	74.57566205639448	74.65222715054122	7.322444299746424	69.4165566888607	68.74532268265438	8.687385545099168
-0.9661694915254238	-0.6102491525423729	0.10810119838647589	0.24533010655024695	74.57566205639448	74.65222715054122	7.322444299746424	69.86106866467213	69.1381631253266	8.725529802097231
-0.9661694915254238	-0.5594033898305085	0.10810119838647589	0.2758014913177542	74.57566205639448	74.65222715054122	7.322444299746424	70.36748003468378	69.58168392504892	8.766400786445024
-0.9661694915254238	-0.508557627118644	0.10810119838647589	0.3100575941645296	74.57566205639448	74.65222715054122	7.322444299746424	70.92248040238185	70.06483283600343	8.808533729566506
-0.9661694915254238	-0.45771186440677963	0.10810119838647589	0.34856849845071003	74.57566205639448	74.65222715054122	7.322444299746424	71.51157083981143	70.57566323649269	8.850647746372797
-0.9661694915254238	-0.40686610169491527	0.10810119838647589	0.39186267454461904	74.57566205639448	74.65222715054122	7.322444299746424	72.12036682382737	71.10256972839223	8.890084601732552
-0.9661694915254238	-0.35602033898305085	0.10810119838647589	0.4405342318189317	74.57566205639448	74.65222715054122	7.322444299746424	72.73431891944401	71.63392005603076	8.924491723170895
-0.9661694915254238	-0.30517457627118644	0.10810119838647589	0.49525107138571994	74.57566205639448	74.65222715054122	7.322444299746424	73.3388218412318	72.15805641715475	8.952766031584053
-0.9661694915254238	-0.254328813559322	0.10810119838647589	0.5567640514472341	74.57566205639448	74.65222715054122	7.322444299746424	73.92084575103318	72.66480490173365	8.972920052448
-0.9661694915254238	-0.20348305084745763	0.10810119838647589	0.6259172910350144	74.57566205639448	74.65222715054122	7.322444299746424	74.46868941415791	73.14510264353491	8.983589350979303
-0.9661694915254238	-0.1526372881355932	0.10810119838647589	0.7036597535315913	74.57566205639448	74.65222715054122	7.322444299746424	74.97250307125196	73.59140077388818	8.983834500516616
-0.9661694915254238	-0.10179152542372881	0.10810119838647589	0.7910582689310004	74.57566205639448	74.65222715054122	7.322444299746424	75.42442174320736	73.99769450122577	8.973468894402506
-0.9661694915254238	-0.050945762711864406	0.10810119838647589	0.8893121735375996	74.57566205639448	74.65222715054122	7.322444299746424	75.81901035144898	74.35989292263501	8.952486421627679
-0.9661694915254238	-0.0001	0.10810119838647589	0.9997697679981565	74.57566205639448	74.65222715054122	7.322444299746424	76.15331725599071	74.67583061080552	8.920982033702023
-0.9153237288135593	-3.0	0.1215279777417781	0.001	74.57566205639448	74.65222715054122	7.322444299746424	75.10432420048706	74.84693327694202	7.513412466574336
-0.9153237288135593	-2.9491542372881354	0.1215279777417781	0.001124205647631211	74.57566205639448	74.65222715054122	7.322444299746424	75.16258269066567	74.8673179742262	7.535520018955967
-0.9153237288135593	-2.8983084745762713	0.1215279777417781	0.001263838338165909	74.57566205639448	74.65222715054122	7.322444299746424	75.22613171549226	74.8891795763524	7.560203019951146
-0.9153237288135593	-2.8474627118644067	0.1215279777417781	0.0014208141974589592	74.57566205639448	74.65222715054122	7.322444299746424	75.29542474379262	74.9127086484659	7.587227595833978
-0.9153237288135593	-2.7966169491525426	0.1215279777417781	0.0015972873450179669	74.57566205639448	74.65222715054122	7.322444299746424	75.37055825826673	74.9377527231088	7.616941749447618
-0.9153237288135593	-2.745771186440678	0.1215279777417781	0.0017956794541590607	74.57566205639448	74.65222715054122	7.322444299746424	75.451536125512	74.96409064610816	7.649697496026529
-0.9153237288135593	-2.6949254237288134	0.1215279777417781	0.0020187129837009464	74.57566205639448	74.65222715054122	7.322444299746424	75.53823888846885	74.99141529843577	7.685835041998856
-0.9153237288135593	-2.6440796610169492	0.1215279777417781	0.002269448537223054	74.57566205639448	74.65222715054122	7.322444299746424	75.63065577771916	75.01958096204352	7.725144501663006
-0.9153237288135593	-2.5932338983050847	0.1215279777417781	0.0025513268625545478	74.57566205639448	74.65222715054122	7.322444299746424	75.72831475566328	75.04805155524339	7.767906667852481
-0.9153237288135593	-2.5423881355932205	0.1215279777417781	0.002868216067837038	74.57566205639448	74.65222715054122	7.322444299746424	75.83057249985946	75.07621201072263	7.814206403657087
-0.9153237288135593	-2.491542372881356	0.1215279777417781	0.0032244647020889827	74.57566205639448	74.65222715054122	7.322444299746424	75.93638491237522	75.10316254406294	7.864260042150472
-0.9153237288135593	-2.4406966101694914	0.1215279777417781	0.003624961428675924	74.57566205639448	74.65222715054122	7.322444299746424	76.04439849160235	75.12783537045944	7.918109823453281
-0.9153237288135593	-2.389850847457627	0.1215279777417781	0.0040752021105627725	74.57566205639448	74.65222715054122	7.322444299746424	76.1527713752032	75.14884293359569	7.975840462120727
-0.9153237288135593	-2.3390050847457626	0.1215279777417781	0.004581365227933299	74.57566205639448	74.65222715054122	7.322444299746424	76.25935440814882	75.16468568149652	8.037072719953667
-0.9153237288135593	-2.2881593220338985	0.1215279777417781	0.00515039666310386	74.57566205639448	74.65222715054122	7.322444299746424	76.36155450270961	75.17363972919331	8.101115260838858
-0.9153237288135593	-2.237313559322034	0.1215279777417781	0.005790105016202303	74.57566205639448	74.65222715054122	7.322444299746424	76.45557109465939	75.17301346743592	8.168384489619493
-0.9153237288135593	-2.1864677966101693	0.1215279777417781	0.006509268759592433	74.57566205639448	74.65222715054122	7.322444299746424	76.53744413378918	75.16020803994674	8.238246858474763
-0.9153237288135593	-2.135622033898305	0.1215279777417781	0.007317756701483213	74.57566205639448	74.65222715054122	7.322444299746424	76.60261082622222	75.13227507530723	8.309898580265212
-0.9153237288135593	-2.0847762711864406	0.1215279777417781	0.00822666341179857	74.57566205639448	74.65222715054122	7.322444299746424	76.64591143529726	75.08590915319785	8.38242844614861
-0.9153237288135593	-2.0339305084745765	0.1215279777417781	0.009248461468704988	74.57566205639448	74.65222715054122	7.322444299746424	76.66156733538274	75.0173942305569	8.455042210194486
-0.9153237288135593	-1.9830847457627119	0.1215279777417781	0.010397172615017792	74.57566205639448	74.65222715054122	7.322444299746424	76.6437378969518	74.9231072008034	8.526248112751501
-0.9153237288135593	-1.9322389830508475	0.1215279777417781	0.011688560173199561	74.57566205639448	74.65222715054122	7.322444299746424	76.58560336110445	74.79852567598356	8.596124411438424
-0.9153237288135593	-1.8813932203389832	0.1215279777417781	0.013140345359388184	74.57566205639448	74.65222715054122	7.322444299746424	76.48213379371394	74.64089872285736	8.66135790413515
-0.9153237288135593	-1.8305474576271186	0.1215279777417781	0.014772450464848772	74.57566205639448	74.65222715054122	7.322444299746424	76.32698096300342	74.44602196683753	8.72217155101178
-0.9153237288135593	-1.7797016949152542	0.1215279777417781	0.016607272241935287	74.57566205639448	74.65222715054122	7.322444299746424	76.11631429442474	74.21194318858196	8.775466901786233
-0.9153237288135593	-1.7288559322033898	0.1215279777417781	0.01866998924613268	74.57566205639448	74.65222715054122	7.322444299746424	75.84582610807476	73.9358334468038	8.821696089911926
-0.9153237288135593	-1.6780101694915255	0.1215279777417781	0.020988907351716324	74.57566205639448	74.65222715054122	7.322444299746424	75.51430452389805	73.61743343035445	8.858599713027036
-0.9153237288135593	-1.6271644067796611	0.1215279777417781	0.023595848182407723	74.57566205639448	74.65222715054122	7.322444299746424	75.1214132737538	73.25672714420955	8.88645698578263
-0.9153237288135593	-1.5763186440677965	0.1215279777417781	0.026526585787311405	74.57566205639448	74.65222715054122	7.322444299746424	74.67044768662602	72.85662483873182	8.903233327533911
-0.9153237288135593	-1.5254728813559322	0.1215279777417781	0.02982133755446928	74.57566205639448	74.65222715054122	7.322444299746424	74.16617742031846	72.42077631762979	8.909316087081038
-0.9153237288135593	-1.4746271186440678	0.1215279777417781	0.03352531609865107	74.57566205639448	74.65222715054122	7.322444299746424	73.6156890770958	71.95443431168799	8.905948899562969
-0.9153237288135593	-1.4237813559322035	0.1215279777417781	0.03768934969672507	74.57566205639448	74.65222715054122	7.322444299746424	73.02975242233806	71.46589202222798	8.892282429823409
-0.9153237288135593	-1.372935593220339	0.1215279777417781	0.04237057978460597	74.57566205639448	74.65222715054122	7.322444299746424	72.42040100447569	70.96418036989877	8.86964824341365
-0.9153237288135593	-1.3220898305084745	0.1215279777417781	0.04763324508726285	74.57566205639448	74.65222715054122	7.322444299746424	71.80127778538852	70.4595644969123	8.839977370743693
-0.9153237288135593	-1.2712440677966101	0.1215279777417781	0.0535495631421025	74.57566205639448	74.65222715054122	7.322444299746424	71.18706286366287	69.96314212751619	8.805811861212014
-0.9153237288135593	-1.2203983050847458	0.1215279777417781	0.060200721312535725	74.57566205639448	74.65222715054122	7.322444299746424	70.59407928454374	69.4876228252572	8.767776279252358
-0.9153237288135593	-1.1695525423728814	0.1215279777417781	0.06767799089102523	74.57566205639448	74.65222715054122	7.322444299746424	70.03803005690048	69.04522552852526	8.727728458905835
-0.9153237288135593	-1.118706779661017	0.1215279777417781	0.07608397958002418	74.57566205639448	74.65222715054122	7.322444299746424	69.53299574129909	68.64681285967048	8.689411962757006
-0.9153237288135593	-1.0678610169491525	0.1215279777417781	0.08553403953812092	74.57566205639448	74.65222715054122	7.322444299746424	69.09277546983586	68.30333543107645	8.654538004572991
-0.9153237288135593	-1.0170152542372881	0.1215279777417781	0.09615785031346677	74.57566205639448	74.65222715054122	7.322444299746424	68.72994344708383	68.02495820632171	8.623607096839509
-0.9153237288135593	-0.9661694915254238	0.1215279777417781	0.10810119838647589	74.57566205639448	74.65222715054122	7.322444299746424	68.4532576262272	67.81850655576847	8.600251092602122
-0.9153237288135593	-0.9153237288135593	0.1215279777417781	0.1215279777417781	74.57566205639448	74.65222715054122	7.322444299746424	68.27067999764917	67.69049866213314	8.58455133290706
-0.9153237288135593	-0.8644779661016949	0.1215279777417781	0.13662243892250697	74.57566205639448	74.65222715054122	7.322444299746424	68.1868069355416	67.64456908131703	8.577789863200124
-0.9153237288135593	-0.8136322033898306	0.1215279777417781	0.15359171742983244	74.57566205639448	74.65222715054122	7.322444299746424	68.20424512662716	67.68282893824508	8.579470891088063
-0.9153237288135593	-0.7627864406779661	0.1215279777417781	0.17266867616399467	74.57566205639448	74.65222715054122	7.322444299746424	68.32176437884326	67.80399936149368	8.590981588132854
-0.9153237288135593	-0.7119406779661017	0.1215279777417781	0.19411510091256737	74.57566205639448	74.65222715054122	7.322444299746424	68.53681675203589	68.00591272502345	8.610660189359574
-0.9153237288135593	-0.6610949152542372	0.1215279777417781	0.21822529273641061	74.57566205639448	74.65222715054122	7.322444299746424	68.84309749066138	68.28305990003608	8.638939660665878
-0.9153237288135593	-0.6102491525423729	0.1215279777417781	0.24533010655024695	74.57566205639448	74.65222715054122	7.322444299746424	69.23302362122047	68.62905711605026	8.67375205312942
-0.9153237288135593	-0.5594033898305085	0.1215279777417781	0.2758014913177542	74.57566205639448	74.65222715054122	7.322444299746424	69.69632458788169	69.03522470890199	8.713868671778208
-0.9153237288135593	-0.508557627118644	0.1215279777417781	0.3100575941645296	74.57566205639448	74.65222715054122	7.322444299746424	70.22116029015366	69.49168760161227	8.757318249355775
-0.9153237288135593	-0.45771186440677963	0.1215279777417781	0.34856849845071003	74.57566205639448	74.65222715054122	7.322444299746424	70.7938996671094	69.98712386429023	8.802628073688133
-0.9153237288135593	-0.40686610169491527	0.1215279777417781	0.39186267454461904	74.57566205639448	74.65222715054122	7.322444299746424	71.40084223305661	70.51044031548133	8.846305383932432
-0.9153237288135593	-0.35602033898305085	0.1215279777417781	0.4405342318189317	74.57566205639448	74.65222715054122	7.322444299746424	72.02634476979843	71.04883037008348	8.887654150078314
-0.9153237288135593	-0.30517457627118644	0.1215279777417781	0.49525107138571994	74.57566205639448	74.65222715054122	7.322444299746424	72.65608949015346	71.59095205727783	8.92337857953802
-0.9153237288135593	-0.254328813559322	0.1215279777417781	0.5567640514472341	74.57566205639448	74.65222715054122	7.322444299746424	73.27456863197763	72.12430171386396	8.953791991295729
-0.9153237288135593	-0.20348305084745763	0.1215279777417781	0.6259172910350144	74.57566205639448	74.65222715054122	7.322444299746424	73.86950270583928	72.6395077485902	8.975118750442576
-0.9153237288135593	-0.1526372881355932	0.1215279777417781	0.7036597535315913	74.57566205639448	74.65222715054122	7.322444299746424	74.42872975202721	73.12709021467452	8.986748530112607
-0.9153237288135593	-0.10179152542372881	0.1215279777417781	0.7910582689310004	74.57566205639448	74.65222715054122	7.322444299746424	74.94207210299707	73.57920468244315	8.988343400024029
-0.9153237288135593	-0.050945762711864406	0.1215279777417781	0.8893121735375996	74.57566205639448	74.65222715054122	7.322444299746424	75.40243008833369	73.99063136119166	8.978244701998996
-0.9153237288135593	-0.0001	0.1215279777417781	0.9997697679981565	74.57566205639448	74.65222715054122	7.322444299746424	75.80413994261734	74.3570566004292	8.957062690906083
-0.8644779661016949	-3.0	0.13662243892250697	0.001	74.57566205639448	74.65222715054122	7.322444299746424	75.07075874447169	74.84262081530872	7.500751372344522
-0.8644779661016949	-2.9491542372881354	0.13662243892250697	0.001124205647631211	74.57566205639448	74.65222715054122	7.322444299746424	75.1259199310251	74.86298499165993	7.521417413599953
-0.8644779661016949	-2.8983084745762713	0.13662243892250697	0.001263838338165909	74.57566205639448	74.65222715054122	7.322444299746424	75.18625630941835	74.88495926910367	7.544486503657128
-0.8644779661016949	-2.8474627118644067	0.13662243892250697	0.0014208141974589592	74.57566205639448	74.65222715054122	7.322444299746424	75.25214877300083	74.90866255851773	7.569939395775277
-0.8644779661016949	-2.7966169491525426	0.13662243892250697	0.0015972873450179669	74.57566205639448	74.65222715054122	7.322444299746424	75.32394475358906	74.93418821995502	7.597727356165102
-0.8644779661016949	-2.745771186440678	0.13662243892250697	0.0017956794541590607	74.57566205639448	74.65222715054122	7.322444299746424	75.4014263430862	74.96108085576661	7.6287883512435
-0.8644779661016949	-2.6949254237288134	0.13662243892250697	0.0020187129837009464	74.57566205639448	74.65222715054122	7.322444299746424	75.48487138265652	74.98940875770629	7.66286110290625
-0.8644779661016949	-2.6440796610169492	0.13662243892250697	0.002269448537223054	74.57566205639448	74.65222715054122	7.322444299746424	75.57425994203076	75.01898372251625	7.700003710488679
-0.8644779661016949	-2.5932338983050847	0.13662243892250697	0.0025513268625545478	74.57566205639448	74.65222715054122	7.322444299746424	75.66920814963004	75.04931142016416	7.740634788315569
-0.8644779661016949	-2.5423881355932205	0.13662243892250697	0.002868216067837038	74.57566205639448	74.65222715054122	7.322444299746424	75.76924143656233	75.07988329839705	7.7848900356411095
-0.8644779661016949	-2.491542372881356	0.13662243892250697	0.0032244647020889827	74.57566205639448	74.65222715054122	7.322444299746424	75.87349543675357	75.10989948931662	7.833102219600711
-0.8644779661016949	-2.4406966101694914	0.13662243892250697	0.003624961428675924	74.57566205639448	74.65222715054122	7.322444299746424	75.98144394731955	75.139020961871	7.884219257745297
-0.8644779661016949	-2.389850847457627	0.13662243892250697	0.0040752021105627725	74.57566205639448	74.65222715054122	7.322444299746424	76.09101944617488	75.16551555578681	7.939426286202855
-0.8644779661016949	-2.3390050847457626	0.13662243892250697	0.004581365227933299	74.57566205639448	74.65222715054122	7.322444299746424	76.20032405382318	75.18799615118562	7.998579633473244
-0.8644779661016949	-2.2881593220338985	0.13662243892250697	0.00515039666310386	74.57566205639448	74.65222715054122	7.322444299746424	76.30712753427576	75.20494434390865	8.061077757905782
-0.8644779661016949	-2.237313559322034	0.13662243892250697	0.005790105016202303	74.57566205639448	74.65222715054122	7.322444299746424	76.40833395788283	75.21420061960514	8.12679517725187
-0.8644779661016949	-2.1864677966101693	0.13662243892250697	0.006509268759592433	74.57566205639448	74.65222715054122	7.322444299746424	76.50019297536191	75.21319304457805	8.195571471220571
-0.8644779661016949	-2.135622033898305	0.13662243892250697	0.007317756701483213	74.57566205639448	74.65222715054122	7.322444299746424	76.57874818716961	75.19939558709522	8.266255587013259
-0.8644779661016949	-2.0847762711864406	0.13662243892250697	0.00822666341179857	74.57566205639448	74.65222715054122	7.322444299746424	76.63885739102015	75.16934482508472	8.338688981080569
-0.8644779661016949	-2.0339305084745765	0.13662243892250697	0.009248461468704988	74.57566205639448	74.65222715054122	7.322444299746424	76.67507289379373	75.11950250649379	8.412036688739965
-0.8644779661016949	-1.9830847457627119	0.13662243892250697	0.010397172615017792	74.57566205639448	74.65222715054122	7.322444299746424	76.68175767660442	75.04633347410457	8.484768601014093
-0.8644779661016949	-1.9322389830508475	0.13662243892250697	0.011688560173199561	74.57566205639448	74.65222715054122	7.322444299746424	76.65291762067473	74.94607913706906	8.555335915465928
-0.8644779661016949	-1.8813932203389832	0.13662243892250697	0.013140345359388184	74.57566205639448	74.65222715054122	7.322444299746424	76.58140365809274	74.81387733449785	8.624240411198208
-0.8644779661016949	-1.8305474576271186	0.13662243892250697	0.014772450464848772	74.57566205639448	74.65222715054122	7.322444299746424	76.46208509174848	74.64683284756174	8.688306463205478
-0.8644779661016949	-1.7797016949152542	0.13662243892250697	0.016607272241935287	74.57566205639448	74.65222715054122	7.322444299746424	76.2889720777006	74.4410184695584	8.747187292081918
-0.8644779661016949	-1.7288559322033898	0.13662243892250697	0.01866998924613268	74.57566205639448	74.65222715054122	7.322444299746424	76.05784456898063	74.19397237477622	8.798950934211582
-0.8644779661016949	-1.6780101694915255	0.13662243892250697	0.020988907351716324	74.57566205639448	74.65222715054122	7.322444299746424	75.76564567331933	73.90395909490925	8.842192277635267
-0.8644779661016949	-1.6271644067796611	0.13662243892250697	0.023595848182407723	74.57566205639448	74.65222715054122	7.322444299746424	75.41087972516249	73.57024634724556	8.876116653241343
-0.8644779661016949	-1.5763186440677965	0.13662243892250697	0.026526585787311405	74.57566205639448	74.65222715054122	7.322444299746424	74.99455978382136	73.19395543136538	8.899433658539806
-0.8644779661016949	-1.5254728813559322	0.13662243892250697	0.02982133755446928	74.57566205639448	74.65222715054122	7.322444299746424	74.51942000841056	72.77721219554178	8.91254197993214
-0.8644779661016949	-1.4746271186440678	0.13662243892250697	0.03352531609865107	74.57566205639448	74.65222715054122	7.322444299746424	73.99135722939296	72.32457465733059	8.914997293376802
-0.8644779661016949	-1.4237813559322035	0.13662243892250697	0.03768934969672507	74.57566205639448	74.65222715054122	7.322444299746424	73.4187284779139	71.84236524450675	8.906964402624968
-0.8644779661016949	-1.372935593220339	0.13662243892250697	0.04237057978460597	74.57566205639448	74.65222715054122	7.322444299746424	72.81245760355746	71.33886256875502	8.888684880093404
-0.8644779661016949	-1.3220898305084745	0.13662243892250697	0.04763324508726285	74.57566205639448	74.65222715054122	7.322444299746424	72.18471160579628	70.82310507445955	8.862487633872378
-0.8644779661016949	-1.2712440677966101	0.13662243892250697	0.0535495631421025	74.57566205639448	74.65222715054122	7.322444299746424	71.55037110131822	70.30651926650678	8.828878883834822
-0.8644779661016949	-1.2203983050847458	0.13662243892250697	0.060200721312535725	74.57566205639448	74.65222715054122	7.322444299746424	70.92430670615508	69.80036785729297	8.790801937155615
-0.8644779661016949	-1.1695525423728814	0.13662243892250697	0.06767799089102523	74.57566205639448	74.65222715054122	7.322444299746424	70.32268907746275	69.31722995733357	8.74968015339688
-0.8644779661016949	-1.118706779661017	0.13662243892250697	0.07608397958002418	74.57566205639448	74.65222715054122	7.322444299746424	69.76093913716055	68.86910509868221	8.70813572670126
-0.8644779661016949	-1.0678610169491525	0.13662243892250697	0.08553403953812092	74.57566205639448	74.65222715054122	7.322444299746424	69.25400750535567	68.46781840352187	8.668103176072169
-0.8644779661016949	-1.0170152542372881	0.13662243892250697	0.09615785031346677	74.57566205639448	74.65222715054122	7.322444299746424	68.81530209996129	68.12404097215153	8.631774114097647
-0.8644779661016949	-0.9661694915254238	0.13662243892250697	0.10810119838647589	74.57566205639448	74.65222715054122	7.322444299746424	68.45645642878343	67.84711709648599	8.601049241275142
-0.8644779661016949	-0.9153237288135593	0.13662243892250697	0.1215279777417781	74.57566205639448	74.65222715054122	7.322444299746424	68.18700110748223	67.64476325888481	8.577401794363466
-0.8644779661016949	-0.8644779661016949	0.13662243892250697	0.13662243892250697	74.57566205639448	74.65222715054122	7.322444299746424	68.0140487292812	67.52275836646656	8.561925708363248
-0.8644779661016949	-0.8136322033898306	0.13662243892250697	0.15359171742983244	74.57566205639448	74.65222715054122	7.322444299746424	67.94176550383224	67.48440438434186	8.556028265351891
-0.8644779661016949	-0.7627864406779661	0.13662243892250697	0.17266867616399467	74.57566205639448	74.65222715054122	7.322444299746424	67.97233659346584	67.53147402364107	8.55931624706015
-0.8644779661016949	-0.7119406779661017	0.13662243892250697	0.19411510091256737	74.57566205639448	74.65222715054122	7.322444299746424	68.10455050648513	67.66277580128009	8.572411120462773
-0.8644779661016949	-0.6610949152542372	0.13662243892250697	0.21822529273641061	74.57566205639448	74.65222715054122	7.322444299746424	68.33518121754419	67.87552113784946	8.594307180416463
-0.8644779661016949	-0.6102491525423729	0.13662243892250697	0.24533010655024695	74.57566205639448	74.65222715054122	7.322444299746424	68.65803849497607	68.16436337597213	8.624508739607371
-0.8644779661016949	-0.5594033898305085	0.13662243892250697	0.2758014913177542	74.57566205639448	74.65222715054122	7.322444299746424	69.06502463157574	68.52244693270224	8.661324230581956
-0.8644779661016949	-0.508557627118644	0.13662243892250697	0.3100575941645296	74.57566205639448	74.65222715054122	7.322444299746424	69.54563596469869	68.94090009876062	8.703351739776293
-0.8644779661016949	-0.45771186440677963	0.13662243892250697	0.34856849845071003	74.57566205639448	74.65222715054122	7.322444299746424	70.08764264297832	69.40950017733009	8.748784327726339
-0.8644779661016949	-0.40686610169491527	0.13662243892250697	0.39186267454461904	74.57566205639448	74.65222715054122	7.322444299746424	70.67701281801398	69.91656971345098	8.796360471556628
-0.8644779661016949	-0.35602033898305085	0.13662243892250697	0.4405342318189317	74.57566205639448	74.65222715054122	7.322444299746424	71.29964469633582	70.45066260965383	8.842847258321873
-0.8644779661016949	-0.30517457627118644	0.13662243892250697	0.49525107138571994	74.57566205639448	74.65222715054122	7.322444299746424	71.94097849102687	71.00010741517583	8.884883734583031
-0.8644779661016949	-0.254328813559322	0.13662243892250697	0.5567640514472341	74.57566205639448	74.65222715054122	7.322444299746424	72.5841419435586	71.55106038965805	8.92385529751729
-0.8644779661016949	-0.20348305084745763	0.13662243892250697	0.6259172910350144	74.57566205639448	74.65222715054122	7.322444299746424	73.21635049288112	72.09379220466862	8.9542808617476
-0.8644779661016949	-0.1526372881355932	0.13662243892250697	0.7036597535315913	74.57566205639448	74.65222715054122	7.322444299746424	73.82279848161976	72.61645193639299	8.977189495246614
-0.8644779661016949	-0.10179152542372881	0.13662243892250697	0.7910582689310004	74.57566205639448	74.65222715054122	7.322444299746424	74.39233234006367	73.11060705346354	8.989806642892624
-0.8644779661016949	-0.050945762711864406	0.13662243892250697	0.8893121735375996	74.57566205639448	74.65222715054122	7.322444299746424	74.91494243933886	73.56861023149698	8.991419900029891
-0.8644779661016949	-0.0001	0.13662243892250697	0.9997697679981565	74.57566205639448	74.65222715054122	7.322444299746424	75.3825892366014	73.98431904843619	8.982312619831093
-0.8136322033898306	-3.0	0.15359171742983244	0.001	74.57566205639448	74.65222715054122	7.322444299746424	75.03796743488144	74.83706272210716	7.488022111181429
-0.8136322033898306	-2.9491542372881354	0.15359171742983244	0.001124205647631211	74.57566205639448	74.65222715054122	7.322444299746424	75.08982756108776	74.85702502436354	7.507596173591383
-0.8136322033898306	-2.8983084745762713	0.15359171742983244	0.001263838338165909	74.57566205639448	74.65222715054122	7.322444299746424	75.1469551980643	74.87893317713385	7.528924165945812
-0.8136322033898306	-2.8474627118644067	0.15359171742983244	0.0014208141974589592	74.57566205639448	74.65222715054122	7.322444299746424	75.209307528381	74.90248583011966	7.552886477963587
-0.8136322033898306	-2.7966169491525426	0.15359171742983244	0.0015972873450179669	74.57566205639448	74.65222715054122	7.322444299746424	75.27739530016868	74.92793814867217	7.579191500389355
-0.8136322033898306	-2.745771186440678	0.15359171742983244	0.0017956794541590607	74.57566205639448	74.65222715054122	7.322444299746424	75.35132073584907	74.95514711026775	7.608253778298073
-0.8136322033898306	-2.6949254237288134	0.15359171742983244	0.0020187129837009464	74.57566205639448	74.65222715054122	7.322444299746424	75.4312426994216	74.98404585350924	7.640213695840058
-0.8136322033898306	-2.6440796610169492	0.15359171742983244	0.002269448537223054	74.57566205639448	74.65222715054122	7.322444299746424	75.51708555428569	75.0143643200974	7.6754573214324715
-0.8136322033898306	-2.5932338983050847	0.15359171742983244	0.0025513268625545478	74.57566205639448	74.65222715054122	7.322444299746424	75.60890775733802	75.04601212452961	7.713796353413595
-0.8136322033898306	-2.5423881355932205	0.15359171742983244	0.002868216067837038	74.57566205639448	74.65222715054122	7.322444299746424	75.7061704798383	75.0783638228269	7.755843183952526
-0.8136322033898306	-2.491542372881356	0.15359171742983244	0.0032244647020889827	74.57566205639448	74.65222715054122	7.322444299746424	75.80850806093981	75.1110491224219	7.8013663170546845
-0.8136322033898306	-2.4406966101694914	0.15359171742983244	0.003624961428675924	74.57566205639448	74.65222715054122	7.322444299746424	75.91494393647281	75.1431910899044	7.850732921388423
-0.8136322033898306	-2.389850847457627	0.15359171742983244	0.0040752021105627725	74.57566205639448	74.65222715054122	7.322444299746424	76.02444623490955	75.17398598569508	7.903671144090948
-0.8136322033898306	-2.3390050847457626	0.15359171742983244	0.004581365227933299	74.57566205639448	74.65222715054122	7.322444299746424	76.13546606231594	75.20226807336131	7.960047314774916
-0.8136322033898306	-2.2881593220338985	0.15359171742983244	0.00515039666310386	74.57566205639448	74.65222715054122	7.322444299746424	76.24547114526365	75.22606910907976	8.020661144591118
-0.8136322033898306	-2.237313559322034	0.15359171742983244	0.005790105016202303	74.57566205639448	74.65222715054122	7.322444299746424	76.35236846076108	75.24406649334578	8.084259725984133
-0.8136322033898306	-2.1864677966101693	0.15359171742983244	0.006509268759592433	74.57566205639448	74.65222715054122	7.322444299746424	76.4524726434456	75.25357361618514	8.151477477437496
-0.8136322033898306	-2.135622033898305	0.15359171742983244	0.007317756701483213	74.57566205639448	74.65222715054122	7.322444299746424	76.54231460093173	75.2523639354398	8.221134298521706
-0.8136322033898306	-2.0847762711864406	0.15359171742983244	0.00822666341179857	74.57566205639448	74.65222715054122	7.322444299746424	76.61743691479542	75.2374726016418	8.292605380030814
-0.8136322033898306	-2.0339305084745765	0.15359171742983244	0.009248461468704988	74.57566205639448	74.65222715054122	7.322444299746424	76.67231524882229	75.20511123112858	8.36601057845443
-0.8136322033898306	-1.9830847457627119	0.15359171742983244	0.010397172615017792	74.57566205639448	74.65222715054122	7.322444299746424	76.70186812039013	75.15215412705612	8.439324176856555
-0.8136322033898306	-1.9322389830508475	0.15359171742983244	0.011688560173199561	74.57566205639448	74.65222715054122	7.322444299746424	76.69962063640641	75.07425903394552	8.512287711465884
-0.8136322033898306	-1.8813932203389832	0.15359171742983244	0.013140345359388184	74.57566205639448	74.65222715054122	7.322444299746424	76.65946788524671	74.96756551607417	8.583260697202457
-0.8136322033898306	-1.8305474576271186	0.15359171742983244	0.014772450464848772	74.57566205639448	74.65222715054122	7.322444299746424	76.57512265130929	74.8280547622263	8.65083664992255
-0.8136322033898306	-1.7797016949152542	0.15359171742983244	0.016607272241935287	74.57566205639448	74.65222715054122	7.322444299746424	76.44045188503969	74.65177861681924	8.713833853840768
-0.8136322033898306	-1.7288559322033898	0.15359171742983244	0.01866998924613268	74.57566205639448	74.65222715054122	7.322444299746424	76.25021984857086	74.4354782489416	8.770588634122683
-0.8136322033898306	-1.6780101694915255	0.15359171742983244	0.020988907351716324	74.57566205639448	74.65222715054122	7.322444299746424	76.00006090510088	74.1764249148396	8.819882225727834
-0.8136322033898306	-1.6271644067796611	0.15359171742983244	0.023595848182407723	74.57566205639448	74.65222715054122	7.322444299746424	75.68705365693798	73.87286401657154	8.860703074668924
-0.8136322033898306	-1.5763186440677965	0.15359171742983244	0.026526585787311405	74.57566205639448	74.65222715054122	7.322444299746424	75.31048745062552	73.52466621251537	8.891579915495642
-0.8136322033898306	-1.5254728813559322	0.15359171742983244	0.02982133755446928	74.57566205639448	74.65222715054122	7.322444299746424	74.8718347815694	73.13321199969634	8.911407658705429
-0.8136322033898306	-1.4746271186440678	0.15359171742983244	0.03352531609865107	74.57566205639448	74.65222715054122	7.322444299746424	74.37450291782844	72.70109455182592	8.92049135684328
-0.8136322033898306	-1.4237813559322035	0.15359171742983244	0.03768934969672507	74.57566205639448	74.65222715054122	7.322444299746424	73.82502829944	72.23331271294647	8.918453083318855
-0.8136322033898306	-1.372935593220339	0.15359171742983244	0.04237057978460597	74.57566205639448	74.65222715054122	7.322444299746424	73.23187432090614	71.73611744349449	8.906593300728426
-0.8136322033898306	-1.3220898305084745	0.15359171742983244	0.04763324508726285	74.57566205639448	74.65222715054122	7.322444299746424	72.60695597334528	71.2186339516923	8.884454098772734
-0.8136322033898306	-1.2712440677966101	0.15359171742983244	0.0535495631421025	74.57566205639448	74.65222715054122	7.322444299746424	71.9630470102816	70.69040506466287	8.854273081729339
-0.8136322033898306	-1.2203983050847458	0.15359171742983244	0.060200721312535725	74.57566205639448	74.65222715054122	7.322444299746424	71.31481909995055	70.16259215418421	8.817889064799395
-0.8136322033898306	-1.1695525423728814	0.15359171742983244	0.06767799089102523	74.57566205639448	74.65222715054122	7.322444299746424	70.67846079198914	69.64776659034823	8.776270047982063
-0.8136322033898306	-1.118706779661017	0.15359171742983244	0.07608397958002418	74.57566205639448	74.65222715054122	7.322444299746424	70.06926994809385	69.15766858627116	8.732964001075706
-0.8136322033898306	-1.0678610169491525	0.15359171742983244	0.08553403953812092	74.57566205639448	74.65222715054122	7.322444299746424	69.5033630649852	68.70506127140338	8.689316860909573
-0.8136322033898306	-1.0170152542372881	0.15359171742983244	0.09615785031346677	74.57566205639448	74.65222715054122	7.322444299746424	68.99517069957437	68.30134342986925	8.648173072631588
-0.8136322033898306	-0.9661694915254238	0.15359171742983244	0.10810119838647589	74.57566205639448	74.65222715054122	7.322444299746424	68.55847115114274	67.95766464456548	8.610649696434436
-0.8136322033898306	-0.9153237288135593	0.15359171742983244	0.1215279777417781	74.57566205639448	74.65222715054122	7.322444299746424	68.20423112268737	67.68281495268322	8.579498759894973
-0.8136322033898306	-0.8644779661016949	0.15359171742983244	0.13662243892250697	74.57566205639448	74.65222715054122	7.322444299746424	67.94214606890799	67.48478498179942	8.55526590060057
-0.8136322033898306	-0.8136322033898306	0.15359171742983244	0.15359171742983244	74.57566205639448	74.65222715054122	7.322444299746424	67.77797899798576	67.36810364218476	8.54109392709051
-0.8136322033898306	-0.7627864406779661	0.15359171742983244	0.17266867616399467	74.57566205639448	74.65222715054122	7.322444299746424	67.71680975421914	67.33707345005267	8.535881737534577
-0.8136322033898306	-0.7119406779661017	0.15359171742983244	0.19411510091256737	74.57566205639448	74.65222715054122	7.322444299746424	67.76008214259139	67.39279802630776	8.540046297431042
-0.8136322033898306	-0.6610949152542372	0.15359171742983244	0.21822529273641061	74.57566205639448	74.65222715054122	7.322444299746424	67.90583904686007	67.53339990581973	8.555031864758288
-0.8136322033898306	-0.6102491525423729	0.15359171742983244	0.24533010655024695	74.57566205639448	74.65222715054122	7.322444299746424	68.15104800945373	67.75633230032413	8.57880412436309
-0.8136322033898306	-0.5594033898305085	0.15359171742983244	0.2758014913177542	74.57566205639448	74.65222715054122	7.322444299746424	68.48927215806907	68.05604258511632	8.610753341030252
-0.8136322033898306	-0.508557627118644	0.15359171742983244	0.3100575941645296	74.57566205639448	74.65222715054122	7.322444299746424	68.91186156527375	68.4251591137746	8.649694046034075
-0.8136322033898306	-0.45771186440677963	0.15359171742983244	0.34856849845071003	74.57566205639448	74.65222715054122	7.322444299746424	69.40829958413624	68.85483216171887	8.693680692140635
-0.8136322033898306	-0.40686610169491527	0.15359171742983244	0.39186267454461904	74.57566205639448	74.65222715054122	7.322444299746424	69.9657309965465	69.3342502522204	8.741606020716713
-0.8136322033898306	-0.35602033898305085	0.15359171742983244	0.4405342318189317	74.57566205639448	74.65222715054122	7.322444299746424	70.57078361895846	69.8524349810838	8.79036658648902
-0.8136322033898306	-0.30517457627118644	0.15359171742983244	0.49525107138571994	74.57566205639448	74.65222715054122	7.322444299746424	71.20834530625591	70.39697331379395	8.83825687319239
-0.8136322033898306	-0.254328813559322	0.15359171742983244	0.5567640514472341	74.57566205639448	74.65222715054122	7.322444299746424	71.86298793180607	70.95537123723098	8.88321367846028
-0.8136322033898306	-0.20348305084745763	0.15359171742983244	0.6259172910350144	74.57566205639448	74.65222715054122	7.322444299746424	72.51958925275522	71.51558253282933	8.922738089932459
-0.8136322033898306	-0.1526372881355932	0.15359171742983244	0.7036597535315913	74.57566205639448	74.65222715054122	7.322444299746424	73.16331523557318	72.06587463414026	8.95514149428211
-0.8136322033898306	-0.10179152542372881	0.15359171742983244	0.7910582689310004	74.57566205639448	74.65222715054122	7.322444299746424	73.78072157212442	72.59579976007073	8.97851107690823
-0.8136322033898306	-0.050945762711864406	0.15359171742983244	0.8893121735375996	74.57566205639448	74.65222715054122	7.322444299746424	74.35959650412774	73.09590254454359	8.992064499791619
-0.8136322033898306	-0.0001	0.15359171742983244	0.9997697679981565	74.57566205639448	74.65222715054122	7.322444299746424	74.89027888787162	73.5589097821991	8.994363825963697
-0.7627864406779661	-3.0	0.17266867616399467	0.001	74.57566205639448	74.65222715054122	7.322444299746424	75.0057573202753	74.83012460330244	7.4760563096719705
-0.7627864406779661	-2.9491542372881354	0.17266867616399467	0.001124205647631211	74.57566205639448	74.65222715054122	7.322444299746424	75.05466749093603	74.84985920055979	7.49384503167201
-0.7627864406779661	-2.8983084745762713	0.17266867616399467	0.001263838338165909	74.57566205639448	74.65222715054122	7.322444299746424	75.10813010058934	74.8710610745158	7.5143003794972705
-0.7627864406779661	-2.8474627118644067	0.17266867616399467	0.0014208141974589592	74.57566205639448	74.65222715054122	7.322444299746424	75.167022320251	74.89435507707238	7.536498999983465
-0.7627864406779661	-2.7966169491525426	0.17266867616399467	0.0015972873450179669	74.57566205639448	74.65222715054122	7.322444299746424	75.23133072649823	74.91947388281864	7.561261320618792
-0.7627864406779661	-2.745771186440678	0.17266867616399467	0.0017956794541590607	74.57566205639448	74.65222715054122	7.322444299746424	75.30145408440245	74.9465672851043	7.588502223001395
-0.7627864406779661	-2.6949254237288134	0.17266867616399467	0.0020187129837009464	74.57566205639448	74.65222715054122	7.322444299746424	75.37759701949443	74.97560345029662	7.618404636368225
-0.7627864406779661	-2.6440796610169492	0.17266867616399467	0.002269448537223054	74.57566205639448	74.65222715054122	7.322444299746424	75.45979557218439	75.00640437410719	7.651311850234139
-0.7627864406779661	-2.5932338983050847	0.17266867616399467	0.0025513268625545478	74.57566205639448	74.65222715054122	7.322444299746424	75.54798026823573	75.03872116669287	7.687531992458238
-0.7627864406779661	-2.5423881355932205	0.17266867616399467	0.002868216067837038	74.57566205639448	74.65222715054122	7.322444299746424	75.64206165665817	75.07233435964073	7.727087346927068
-0.7627864406779661	-2.491542372881356	0.17266867616399467	0.0032244647020889827	74.57566205639448	74.65222715054122	7.322444299746424	75.74159281370571	75.10673368765887	7.7702909836889775
-0.7627864406779661	-2.4406966101694914	0.17266867616399467	0.003624961428675924	74.57566205639448	74.65222715054122	7.322444299746424	75.84599170765014	75.14136086838094	7.817195640322427
-0.7627864406779661	-2.389850847457627	0.17266867616399467	0.0040752021105627725	74.57566205639448	74.65222715054122	7.322444299746424	75.95452722462895	75.17561799717495	7.867492091426724
-0.7627864406779661	-2.3390050847457626	0.17266867616399467	0.004581365227933299	74.57566205639448	74.65222715054122	7.322444299746424	76.0655647183561	75.20813793555831	7.921887303711669
-0.7627864406779661	-2.2881593220338985	0.17266867616399467	0.00515039666310386	74.57566205639448	74.65222715054122	7.322444299746424	76.17756926163028	75.23781382008028	7.979950422824673
-0.7627864406779661	-2.237313559322034	0.17266867616399467	0.005790105016202303	74.57566205639448	74.65222715054122	7.322444299746424	76.28825829283335	75.26297736494938	8.04166440544835
-0.7627864406779661	-2.1864677966101693	0.17266867616399467	0.006509268759592433	74.57566205639448	74.65222715054122	7.322444299746424	76.39491704428933	75.28173916894872	8.106658233031046
-0.7627864406779661	-2.135622033898305	0.17266867616399467	0.007317756701483213	74.57566205639448	74.65222715054122	7.322444299746424	76.49423314203457	75.29184306299761	8.174421420609397
-0.7627864406779661	-2.0847762711864406	0.17266867616399467	0.00822666341179857	74.57566205639448	74.65222715054122	7.322444299746424	76.58161382395105	75.28999725116577	8.24558905842733
-0.7627864406779661	-2.0339305084745765	0.17266867616399467	0.009248461468704988	74.57566205639448	74.65222715054122	7.322444299746424	76.65311200682714	75.27380326245546	8.318065792758013
-0.7627864406779661	-1.9830847457627119	0.17266867616399467	0.010397172615017792	74.57566205639448	74.65222715054122	7.322444299746424	76.70314426127115	75.23946333931288	8.391644571605688
-0.7627864406779661	-1.9322389830508475	0.17266867616399467	0.011688560173199561	74.57566205639448	74.65222715054122	7.322444299746424	76.7256678901429	75.18292959663944	8.46580279295745
-0.7627864406779661	-1.8813932203389832	0.17266867616399467	0.013140345359388184	74.57566205639448	74.65222715054122	7.322444299746424	76.71488647392248	75.10056100145648	8.538564067927334
-0.7627864406779661	-1.8305474576271186	0.17266867616399467	0.014772450464848772	74.57566205639448	74.65222715054122	7.322444299746424	76.66387882471456	74.98768218382492	8.609651388454063
-0.7627864406779661	-1.7797016949152542	0.17266867616399467	0.016607272241935287	74.57566205639448	74.65222715054122	7.322444299746424	76.56724146951483	74.84113324992131	8.675758332110332
-0.7627864406779661	-1.7288559322033898	0.17266867616399467	0.01866998924613268	74.57566205639448	74.65222715054122	7.322444299746424	76.41802412456721	74.6560933011044	8.737365791235518
-0.7627864406779661	-1.6780101694915255	0.17266867616399467	0.020988907351716324	74.57566205639448	74.65222715054122	7.322444299746424	76.2114145889276	74.42963888921271	8.792192577954859
-0.7627864406779661	-1.6271644067796611	0.17266867616399467	0.023595848182407723	74.57566205639448	74.65222715054122	7.322444299746424	75.94307825810212	74.15895158276082	8.839402387768429
-0.7627864406779661	-1.5763186440677965	0.17266867616399467	0.026526585787311405	74.57566205639448	74.65222715054122	7.322444299746424	75.6107287658488	73.84276200714477	8.877385301767124
-0.7627864406779661	-1.5254728813559322	0.17266867616399467	0.02982133755446928	74.57566205639448	74.65222715054122	7.322444299746424	75.21401393987472	73.48112603331593	8.904834590263212
-0.7627864406779661	-1.4746271186440678	0.17266867616399467	0.03352531609865107	74.57566205639448	74.65222715054122	7.322444299746424	74.75463305425667	73.07546419884123	8.921249805875007
-0.7627864406779661	-1.4237813559322035	0.17266867616399467	0.03768934969672507	74.57566205639448	74.65222715054122	7.322444299746424	74.23669109488017	72.62887825586897	8.926735839841117
-0.7627864406779661	-1.372935593220339	0.17266867616399467	0.04237057978460597	74.57566205639448	74.65222715054122	7.322444299746424	73.66706918605303	72.14653287353453	8.92147936231217
-0.7627864406779661	-1.3220898305084745	0.17266867616399467	0.04763324508726285	74.57566205639448	74.65222715054122	7.322444299746424	73.05563439791324	71.63592673054619	8.905216515699426
-0.7627864406779661	-1.2712440677966101	0.17266867616399467	0.0535495631421025	74.57566205639448	74.65222715054122	7.322444299746424	72.41365240090198	71.1054128143006	8.879947214168997
-0.7627864406779661	-1.2203983050847458	0.17266867616399467	0.060200721312535725	74.57566205639448	74.65222715054122	7.322444299746424	71.75521056377279	70.56576488033387	8.846281675356007
-0.7627864406779661	-1.1695525423728814	0.17266867616399467	0.06767799089102523	74.57566205639448	74.65222715054122	7.322444299746424	71.09531563634306	70.02844066610014	8.806178313273783
-0.7627864406779661	-1.118706779661017	0.17266867616399467	0.07608397958002418	74.57566205639448	74.65222715054122	7.322444299746424	70.4492701997308	69.50512946740163	8.762919811854756
-0.7627864406779661	-1.0678610169491525	0.17266867616399467	0.08553403953812092	74.57566205639448	74.65222715054122	7.322444299746424	69.83426340915577	69.00950421498598	8.716561887310268
-0.7627864406779661	-1.0170152542372881	0.17266867616399467	0.09615785031346677	74.57566205639448	74.65222715054122	7.322444299746424	69.2652480509866	68.55323601422118	8.67082597913579
-0.7627864406779661	-0.9661694915254238	0.17266867616399467	0.10810119838647589	74.57566205639448	74.65222715054122	7.322444299746424	68.75639796481053	68.1475592232288	8.628890491780638
-0.7627864406779661	-0.9153237288135593	0.17266867616399467	0.1215279777417781	74.57566205639448	74.65222715054122	7.322444299746424	68.32177541802032	67.80401037861044	8.590957860912058
-0.7627864406779661	-0.8644779661016949	0.17266867616399467	0.13662243892250697	74.57566205639448	74.65222715054122	7.322444299746424	67.97233045110258	67.53146788547384	8.55932840339068
-0.7627864406779661	-0.8136322033898306	0.17266867616399467	0.15359171742983244	74.57566205639448	74.65222715054122	7.322444299746424	67.71679545339968	67.33705913764963	8.535912113001274
-0.7627864406779661	-0.7627864406779661	0.17266867616399467	0.17266867616399467	74.57566205639448	74.65222715054122	7.322444299746424	67.56162915066359	67.22609840044356	8.52184388036772
-0.7627864406779661	-0.7119406779661017	0.17266867616399467	0.19411510091256737	74.57566205639448	74.65222715054122	7.322444299746424	67.51085703449152	67.2019104885841	8.517509233613522
-0.7627864406779661	-0.6610949152542372	0.17266867616399467	0.21822529273641061	74.57566205639448	74.65222715054122	7.322444299746424	67.56555814584729	67.26529769533879	8.523429346723745
-0.7627864406779661	-0.6102491525423729	0.17266867616399467	0.24533010655024695	74.57566205639448	74.65222715054122	7.322444299746424	67.72449562394846	67.41515367594721	8.53901387882032
-0.7627864406779661	-0.5594033898305085	0.17266867616399467	0.2758014913177542	74.57566205639448	74.65222715054122	7.322444299746424	67.98306026469596	67.64739605662177	8.564804777812565
-0.7627864406779661	-0.508557627118644	0.17266867616399467	0.3100575941645296	74.57566205639448	74.65222715054122	7.322444299746424	68.3355618536445	67.95725295069002	8.598149117140276
-0.7627864406779661	-0.45771186440677963	0.17266867616399467	0.34856849845071003	74.57566205639448	74.65222715054122	7.322444299746424	68.77254474050761	68.33657747114886	8.638942462751226
-0.7627864406779661	-0.40686610169491527	0.17266867616399467	0.39186267454461904	74.57566205639448	74.65222715054122	7.322444299746424	69.28320562766666	68.77626315230714	8.68530195304571
-0.7627864406779661	-0.35602033898305085	0.17266867616399467	0.4405342318189317	74.57566205639448	74.65222715054122	7.322444299746424	69.85530992500468	69.26615053941488	8.73438783675961
-0.7627864406779661	-0.30517457627118644	0.17266867616399467	0.49525107138571994	74.57566205639448	74.65222715054122	7.322444299746424	70.47414020513138	69.79395076715224	8.785318851149732
-0.7627864406779661	-0.254328813559322	0.17266867616399467	0.5567640514472341	74.57566205639448	74.65222715054122	7.322444299746424	71.1254403629776	70.3481449951012	8.834241893690285
-0.7627864406779661	-0.20348305084745763	0.17266867616399467	0.6259172910350144	74.57566205639448	74.65222715054122	7.322444299746424	71.79262385632717	70.91512218078701	8.881012940285268
-0.7627864406779661	-0.1526372881355932	0.17266867616399467	0.7036597535315913	74.57566205639448	74.65222715054122	7.322444299746424	72.46097656230872	71.48328658762011	8.921977424897575
-0.7627864406779661	-0.10179152542372881	0.17266867616399467	0.7910582689310004	74.57566205639448	74.65222715054122	7.322444299746424	73.11545507243832	72.04073773467651	8.955595144439664
-0.7627864406779661	-0.050945762711864406	0.17266867616399467	0.8893121735375996	74.57566205639448	74.65222715054122	7.322444299746424	73.74270381239369	72.57715437403941	8.979581010266518
-0.7627864406779661	-0.0001	0.17266867616399467	0.9997697679981565	74.57566205639448	74.65222715054122	7.322444299746424	74.32978162287209	73.08238296610914	8.99450816339667
-0.7119406779661017	-3.0	0.19411510091256737	0.001	74.57566205639448	74.65222715054122	7.322444299746424	74.97454031610452	74.82228628048675	7.4644486956138305
-0.7119406779661017	-2.9491542372881354	0.19411510091256737	0.001124205647631211	74.57566205639448	74.65222715054122	7.322444299746424	75.02003892414902	74.841155966113	7.481446240524204
-0.7119406779661017	-2.8983084745762713	0.19411510091256737	0.001263838338165909	74.57566205639448	74.65222715054122	7.322444299746424	75.07025974837158	74.86189148823352	7.500212122839968
-0.7119406779661017	-2.8474627118644067	0.19411510091256737	0.0014208141974589592	74.57566205639448	74.65222715054122	7.322444299746424	75.12584743218048	74.88489309192471	7.520311023033935
-0.7119406779661017	-2.7966169491525426	0.19411510091256737	0.0015972873450179669	74.57566205639448	74.65222715054122	7.322444299746424	75.18611804412487	74.90922754956381	7.543944925616092
-0.7119406779661017	-2.745771186440678	0.19411510091256737	0.0017956794541590607	74.57566205639448	74.65222715054122	7.322444299746424	75.25251582562856	74.93609015607699	7.569009641434177
-0.7119406779661017	-2.6949254237288134	0.19411510091256737	0.0020187129837009464	74.57566205639448	74.65222715054122	7.322444299746424	75.32435465323292	74.9645522637112	7.597574894154612
-0.7119406779661017	-2.6440796610169492	0.19411510091256737	0.002269448537223054	74.57566205639448	74.65222715054122	7.322444299746424	75.40261721020723	74.99536887888114	7.628239837918368
-0.7119406779661017	-2.5932338983050847	0.19411510091256737	0.0025513268625545478	74.57566205639448	74.65222715054122	7.322444299746424	75.48695879200044	75.02799271053915	7.662064777995014
-0.7119406779661017	-2.5423881355932205	0.19411510091256737	0.002868216067837038	74.57566205639448	74.65222715054122	7.322444299746424	75.57747479841177	75.06235438959774	7.698965479577243
-0.7119406779661017	-2.491542372881356	0.19411510091256737	0.0032244647020889827	74.57566205639448	74.65222715054122	7.322444299746424	75.67360383180826	75.09778066118598	7.739821389857125
-0.7119406779661017	-2.4406966101694914	0.19411510091256737	0.003624961428675924	74.57566205639448	74.65222715054122	7.322444299746424	75.77532093236738	75.13420581939033	7.783988844962053
-0.7119406779661017	-2.389850847457627	0.19411510091256737	0.0040752021105627725	74.57566205639448	74.65222715054122	7.322444299746424	75.88168978868607	75.170744259707	7.832084192727917
-0.7119406779661017	-2.3390050847457626	0.19411510091256737	0.004581365227933299	74.57566205639448	74.65222715054122	7.322444299746424	75.99193156461185	75.20678247435008	7.883714150450815
-0.7119406779661017	-2.2881593220338985	0.19411510091256737	0.00515039666310386	74.57566205639448	74.65222715054122	7.322444299746424	76.10435517781244	75.24093422996657	7.939478399223597
-0.7119406779661017	-2.237313559322034	0.19411510091256737	0.005790105016202303	74.57566205639448	74.65222715054122	7.322444299746424	76.21733787745394	75.27204700876108	7.998861826901385
-0.7119406779661017	-2.1864677966101693	0.19411510091256737	0.006509268759592433	74.57566205639448	74.65222715054122	7.322444299746424	76.32850224864082	75.29840490683684	8.061733331444957
-0.7119406779661017	-2.135622033898305	0.19411510091256737	0.007317756701483213	74.57566205639448	74.65222715054122	7.322444299746424	76.43480130692585	75.31783682582613	8.12804386984251
-0.7119406779661017	-2.0847762711864406	0.19411510091256737	0.00822666341179857	74.57566205639448	74.65222715054122	7.322444299746424	76.53283681115994	75.32805380501833	8.19707423268646
-0.7119406779661017	-2.0339305084745765	0.19411510091256737	0.009248461468704988	74.57566205639448	74.65222715054122	7.322444299746424	76.61825404454459	75.32605500313967	8.268578310172739
-0.7119406779661017	-1.9830847457627119	0.19411510091256737	0.010397172615017792	74.57566205639448	74.65222715054122	7.322444299746424	76.68621411558648	75.30860007009575	8.341826008742194
-0.7119406779661017	-1.9322389830508475	0.19411510091256737	0.011688560173199561	74.57566205639448	74.65222715054122	7.322444299746424	76.73113458709629	75.27193547856162	8.416196659219892
-0.7119406779661017	-1.8813932203389832	0.19411510091256737	0.013140345359388184	74.57566205639448	74.65222715054122	7.322444299746424	76.74720305462701	75.21227552259327	8.4903261117496
-0.7119406779661017	-1.8305474576271186	0.19411510091256737	0.014772450464848772	74.57566205639448	74.65222715054122	7.322444299746424	76.72821884173192	75.12559110379388	8.562728726269512
-0.7119406779661017	-1.7797016949152542	0.19411510091256737	0.016607272241935287	74.57566205639448	74.65222715054122	7.322444299746424	76.6671571431281	75.00709840694319	8.633110602660953
-0.7119406779661017	-1.7288559322033898	0.19411510091256737	0.01866998924613268	74.57566205639448	74.65222715054122	7.322444299746424	76.55828162453969	74.85327480224372	8.698735169154274
-0.7119406779661017	-1.6780101694915255	0.19411510091256737	0.020988907351716324	74.57566205639448	74.65222715054122	7.322444299746424	76.39472629829076	74.65932493982032	8.759981907979748
-0.7119406779661017	-1.6271644067796611	0.19411510091256737	0.023595848182407723	74.57566205639448	74.65222715054122	7.322444299746424	76.17304621860869	74.42360394627727	8.812089154935135
-0.7119406779661017	-1.5763186440677965	0.19411510091256737	0.026526585787311405	74.57566205639448	74.65222715054122	7.322444299746424	75.88759302274595	74.14186160664461	8.857309022729114
-0.7119406779661017	-1.5254728813559322	0.19411510091256737	0.02982133755446928	74.57566205639448	74.65222715054122	7.322444299746424	75.53722580673326	73.81383001660382	8.892401445609382
-0.7119406779661017	-1.4746271186440678	0.19411510091256737	0.03352531609865107	74.57566205639448	74.65222715054122	7.322444299746424	75.12147993852061	73.43928970480941	8.917145085860113
-0.7119406779661017	-1.4237813559322035	0.19411510091256737	0.03768934969672507	74.57566205639448	74.65222715054122	7.322444299746424	74.64285981460486	73.02029321451948	8.930444047049654
-0.7119406779661017	-1.372935593220339	0.19411510091256737	0.04237057978460597	74.57566205639448	74.65222715054122	7.322444299746424	74.10594512568636	72.56024458263865	8.932572800044852
-0.7119406779661017	-1.3220898305084745	0.19411510091256737	0.04763324508726285	74.57566205639448	74.65222715054122	7.322444299746424	73.51825105749758	72.06478281256328	8.923614204177504
-0.7119406779661017	-1.2712440677966101	0.19411510091256737	0.0535495631421025	74.57566205639448	74.65222715054122	7.322444299746424	72.88994807702821	71.54157373761282	8.903840013618254
-0.7119406779661017	-1.2203983050847458	0.19411510091256737	0.060200721312535725	74.57566205639448	74.65222715054122	7.322444299746424	72.23289618605982	70.9994610700187	8.875098680248048
-0.7119406779661017	-1.1695525423728814	0.19411510091256737	0.06767799089102523	74.57566205639448	74.65222715054122	7.322444299746424	71.56112360322977	70.44909399334468	8.839004184865733
-0.7119406779661017	-1.118706779661017	0.19411510091256737	0.07608397958002418	74.57566205639448	74.65222715054122	7.322444299746424	70.89103351976864	69.9033018443283	8.79540110697145
-0.7119406779661017	-1.0678610169491525	0.19411510091256737	0.08553403953812092	74.57566205639448	74.65222715054122	7.322444299746424	70.23717618184138	69.37303538990359	8.749524086319877
-0.7119406779661017	-1.0170152542372881	0.19411510091256737	0.09615785031346677	74.57566205639448	74.65222715054122	7.322444299746424	69.61674061085571	68.87201411238925	8.701641838627104
-0.7119406779661017	-0.9661694915254238	0.19411510091256737	0.10810119838647589	74.57566205639448	74.65222715054122	7.322444299746424	69.04503012039187	68.41233267207448	8.654759056432095
-0.7119406779661017	-0.9153237288135593	0.19411510091256737	0.1215279777417781	74.57566205639448	74.65222715054122	7.322444299746424	68.53665282007321	68.00574878254055	8.610988216373975
-0.7119406779661017	-0.8644779661016949	0.19411510091256737	0.13662243892250697	74.57566205639448	74.65222715054122	7.322444299746424	68.10466819156827	67.66289353569982	8.572176042626701
-0.7119406779661017	-0.8136322033898306	0.19411510091256737	0.15359171742983244	74.57566205639448	74.65222715054122	7.322444299746424	67.75978944203445	67.39250541264163	8.540631049735683
-0.7119406779661017	-0.7627864406779661	0.19411510091256737	0.17266867616399467	74.57566205639448	74.65222715054122	7.322444299746424	67.51101067668392	67.20206416082135	8.517202744345376
-0.7119406779661017	-0.7119406779661017	0.19411510091256737	0.19411510091256737	74.57566205639448	74.65222715054122	7.322444299746424	67.36389415908197	67.09606787932756	8.504247805450062
-0.7119406779661017	-0.6610949152542372	0.19411510091256737	0.21822529273641061	74.57566205639448	74.65222715054122	7.322444299746424	67.32306192455178	67.07850557500059	8.500385694063493
-0.7119406779661017	-0.6102491525423729	0.19411510091256737	0.24533010655024695	74.57566205639448	74.65222715054122	7.322444299746424	67.38876891084583	67.14941061896718	8.507222466230115
-0.7119406779661017	-0.5594033898305085	0.19411510091256737	0.2758014913177542	74.57566205639448	74.65222715054122	7.322444299746424	67.55958990969783	67.30753195539035	8.524004480122382
-0.7119406779661017	-0.508557627118644	0.19411510091256737	0.3100575941645296	74.57566205639448	74.65222715054122	7.322444299746424	67.83072943845316	67.54863568627772	8.551130812840016
-0.7119406779661017	-0.45771186440677963	0.19411510091256737	0.34856849845071003	74.57566205639448	74.65222715054122	7.322444299746424	68.19594921840638	67.8674304206558	8.586551655955581
-0.7119406779661017	-0.40686610169491527	0.19411510091256737	0.39186267454461904	74.57566205639448	74.65222715054122	7.322444299746424	68.64618887832584	68.25619033302314	8.628898870698551
-0.7119406779661017	-0.35602033898305085	0.19411510091256737	0.4405342318189317	74.57566205639448	74.65222715054122	7.322444299746424	69.17004190705518	68.70523122075068	8.677041794827076
-0.7119406779661017	-0.30517457627118644	0.19411510091256737	0.49525107138571994	74.57566205639448	74.65222715054122	7.322444299746424	69.75538353250295	69.20453030877206	8.727484223636953
-0.7119406779661017	-0.254328813559322	0.19411510091256737	0.5567640514472341	74.57566205639448	74.65222715054122	7.322444299746424	70.38681761164266	69.74115081216954	8.780281994525145
-0.7119406779661017	-0.20348305084745763	0.19411510091256737	0.6259172910350144	74.57566205639448	74.65222715054122	7.322444299746424	71.04999222691072	70.30351192973085	8.831385226986885
-0.7119406779661017	-0.1526372881355932	0.19411510091256737	0.7036597535315913	74.57566205639448	74.65222715054122	7.322444299746424	71.72894737158077	70.87866596489161	8.87904478062467
-0.7119406779661017	-0.10179152542372881	0.19411510091256737	0.7910582689310004	74.57566205639448	74.65222715054122	7.322444299746424	72.4080162391845	71.45410242246193	8.921207581931883
-0.7119406779661017	-0.050945762711864406	0.19411510091256737	0.8893121735375996	74.57566205639448	74.65222715054122	7.322444299746424	73.0722567270264	72.01805941883418	8.95589153917614
-0.7119406779661017	-0.0001	0.19411510091256737	0.9997697679981565	74.57566205639448	74.65222715054122	7.322444299746424	73.7078755895573	72.55981188842858	8.981518655484114
-0.6610949152542372	-3.0	0.21822529273641061	0.001	74.57566205639448	74.65222715054122	7.322444299746424	74.94441392035719	74.81372126968854	7.453372462272691
-0.6610949152542372	-2.9491542372881354	0.21822529273641061	0.001124205647631211	74.57566205639448	74.65222715054122	7.322444299746424	74.98694003502305	74.83199238692507	7.468833768256052
-0.6610949152542372	-2.8983084745762713	0.21822529273641061	0.001263838338165909	74.57566205639448	74.65222715054122	7.322444299746424	75.0338561676778	74.85201698541512	7.486139471536214
-0.6610949152542372	-2.8474627118644067	0.21822529273641061	0.0014208141974589592	74.57566205639448	74.65222715054122	7.322444299746424	75.08550467068267	74.87390253645339	7.5054649178236446
-0.6610949152542372	-2.7966169491525426	0.21822529273641061	0.0015972873450179669	74.57566205639448	74.65222715054122	7.322444299746424	75.14232705059686	74.89784827606289	7.526787093646428
-0.6610949152542372	-2.745771186440678	0.21822529273641061	0.0017956794541590607	74.57566205639448	74.65222715054122	7.322444299746424	75.20458378564301	74.92386879134547	7.550417705876375
-0.6610949152542372	-2.6949254237288134	0.21822529273641061	0.0020187129837009464	74.57566205639448	74.65222715054122	7.322444299746424	75.27257476866446	74.95201967819192	7.5765344947016455
-0.6610949152542372	-2.6440796610169492	0.21822529273641061	0.002269448537223054	74.57566205639448	74.65222715054122	7.322444299746424	75.34655007567545	74.98231510114772	7.605320615543884
-0.6610949152542372	-2.5932338983050847	0.21822529273641061	0.0025513268625545478	74.57566205639448	74.65222715054122	7.322444299746424	75.42654734731664	75.01457350341968	7.6372342903174
-0.6610949152542372	-2.5423881355932205	0.21822529273641061	0.002868216067837038	74.57566205639448	74.65222715054122	7.322444299746424	75.51286603339247	75.04890287543877	7.6720034684749425
-0.6610949152542372	-2.491542372881356	0.21822529273641061	0.0032244647020889827	74.57566205639448	74.65222715054122	7.322444299746424	75.60529418976147	75.08494065567396	7.710096369456513
-0.6610949152542372	-2.4406966101694914	0.21822529273641061	0.003624961428675924	74.57566205639448	74.65222715054122	7.322444299746424	75.70347062943338	75.12223143038608	7.751910698025466
-0.6610949152542372	-2.389850847457627	0.21822529273641061	0.0040752021105627725	74.57566205639448	74.65222715054122	7.322444299746424	75.80710424745382	75.1604647308984	7.797222550093427
-0.6610949152542372	-2.3390050847457626	0.21822529273641061	0.004581365227933299	74.57566205639448	74.65222715054122	7.322444299746424	75.9153505118717	75.19887249082147	7.846324001766502
-0.6610949152542372	-2.2881593220338985	0.21822529273641061	0.00515039666310386	74.57566205639448	74.65222715054122	7.322444299746424	76.02719682533127	75.23663781969981	7.899117142251891
-0.6610949152542372	-2.237313559322034	0.21822529273641061	0.005790105016202303	74.57566205639448	74.65222715054122	7.322444299746424	76.14108927228283	75.27254668261804	7.95571583149285
-0.6610949152542372	-2.1864677966101693	0.21822529273641061	0.006509268759592433	74.57566205639448	74.65222715054122	7.322444299746424	76.25485769786428	75.30493882939874	8.016450783278447
-0.6610949152542372	-2.135622033898305	0.21822529273641061	0.007317756701483213	74.57566205639448	74.65222715054122	7.322444299746424	76.36642147919292	75.33243871512958	8.080309572805954
-0.6610949152542372	-2.0847762711864406	0.21822529273641061	0.00822666341179857	74.57566205639448	74.65222715054122	7.322444299746424	76.47243357438698	75.35262210026461	8.147516169242012
-0.6610949152542372	-2.0339305084745765	0.21822529273641061	0.009248461468704988	74.57566205639448	74.65222715054122	7.322444299746424	76.56905405739188	75.3628066378314	8.217879503068438
-0.6610949152542372	-1.9830847457627119	0.21822529273641061	0.010397172615017792	74.57566205639448	74.65222715054122	7.322444299746424	76.65221277606	75.3603238522963	8.290207853918046
-0.6610949152542372	-1.9322389830508475	0.21822529273641061	0.011688560173199561	74.57566205639448	74.65222715054122	7.322444299746424	76.7164671023385	75.34137385478635	8.364585303584414
-0.6610949152542372	-1.8813932203389832	0.21822529273641061	0.013140345359388184	74.57566205639448	74.65222715054122	7.322444299746424	76.75672161661616	75.30272729083877	8.43904179159561
-0.6610949152542372	-1.8305474576271186	0.21822529273641061	0.014772450464848772	74.57566205639448	74.65222715054122	7.322444299746424	76.76662250274896	75.24008310577179	8.512955084297902
-0.6610949152542372	-1.7797016949152542	0.21822529273641061	0.016607272241935287	74.57566205639448	74.65222715054122	7.322444299746424	76.73963323558203	75.14908661033837	8.585230114506995
-0.6610949152542372	-1.7288559322033898	0.21822529273641061	0.01866998924613268	74.57566205639448	74.65222715054122	7.322444299746424	76.66883562636163	75.02505093403667	8.65517384741044
-0.6610949152542372	-1.6780101694915255	0.21822529273641061	0.020988907351716324	74.57566205639448	74.65222715054122	7.322444299746424	76.54848070804371	74.86440700406284	8.720014581845096
-0.6610949152542372	-1.6271644067796611	0.21822529273641061	0.023595848182407723	74.57566205639448	74.65222715054122	7.322444299746424	76.372324868065	74.66292191440546	8.778982363650288
-0.6610949152542372	-1.5763186440677965	0.21822529273641061	0.026526585787311405	74.57566205639448	74.65222715054122	7.322444299746424	76.13549948130992	74.41743910119449	8.830435468241088
-0.6610949152542372	-1.5254728813559322	0.21822529273641061	0.02982133755446928	74.57566205639448	74.65222715054122	7.322444299746424	75.83457998949866	74.1258180627825	8.872642732666892
-0.6610949152542372	-1.4746271186440678	0.21822529273641061	0.03352531609865107	74.57566205639448	74.65222715054122	7.322444299746424	75.4670162496512	73.78624528163962	8.905831058239123
-0.6610949152542372	-1.4237813559322035	0.21822529273641061	0.03768934969672507	74.57566205639448	74.65222715054122	7.322444299746424	75.03387201538683	73.39987727964571	8.927550177284193
-0.6610949152542372	-1.372935593220339	0.21822529273641061	0.04237057978460597	74.57566205639448	74.65222715054122	7.322444299746424	74.53734992493109	72.96830533659222	8.938264918416474
-0.6610949152542372	-1.3220898305084745	0.21822529273641061	0.04763324508726285	74.57566205639448	74.65222715054122	7.322444299746424	73.98307962008337	72.49582767073498	8.937198275555739
-0.6610949152542372	-1.2712440677966101	0.21822529273641061	0.0535495631421025	74.57566205639448	74.65222715054122	7.322444299746424	73.37888067778627	71.9882455663244	8.924900767914325
-0.6610949152542372	-1.2203983050847458	0.21822529273641061	0.060200721312535725	74.57566205639448	74.65222715054122	7.322444299746424	72.73533736487819	71.45352026904108	8.901849820278692
-0.6610949152542372	-1.1695525423728814	0.21822529273641061	0.06767799089102523	74.57566205639448	74.65222715054122	7.322444299746424	72.06484331443049	70.90094221326525	8.86976107483542
-0.6610949152542372	-1.118706779661017	0.21822529273641061	0.07608397958002418	74.57566205639448	74.65222715054122	7.322444299746424	71.38172809712275	70.34141145505072	8.830421371298321
-0.6610949152542372	-1.0678610169491525	0.21822529273641061	0.08553403953812092	74.57566205639448	74.65222715054122	7.322444299746424	70.70183892486408	69.78718739252139	8.785369203412476
-0.6610949152542372	-1.0170152542372881	0.21822529273641061	0.09615785031346677	74.57566205639448	74.65222715054122	7.322444299746424	70.04128337728748	69.25079914152595	8.737088775111605
-0.6610949152542372	-0.9661694915254238	0.21822529273641061	0.10810119838647589	74.57566205639448	74.65222715054122	7.322444299746424	69.41663732954656	68.74540335689515	8.687224100225922
-0.6610949152542372	-0.9153237288135593	0.21822529273641061	0.1215279777417781	74.57566205639448	74.65222715054122	7.322444299746424	68.8430191132392	68.28298158280933	8.639097869846612
-0.6610949152542372	-0.8644779661016949	0.21822529273641061	0.13662243892250697	74.57566205639448	74.65222715054122	7.322444299746424	68.33524530759345	67.87558520777041	8.594177101783005
-0.6610949152542372	-0.8136322033898306	0.21822529273641061	0.15359171742983244	74.57566205639448	74.65222715054122	7.322444299746424	67.9058702684806	67.53343113037	8.554969719543513
-0.6610949152542372	-0.7627864406779661	0.21822529273641061	0.17266867616399467	74.57566205639448	74.65222715054122	7.322444299746424	67.56563178670075	67.26537132181139	8.523281868548093
-0.6610949152542372	-0.7119406779661017	0.21822529273641061	0.19411510091256737	74.57566205639448	74.65222715054122	7.322444299746424	67.32319325313696	67.07863694994361	8.500122490286033
-0.6610949152542372	-0.6610949152542372	0.21822529273641061	0.21822529273641061	74.57566205639448	74.65222715054122	7.322444299746424	67.18422725206283	66.97790783479759	8.48710467234489
-0.6610949152542372	-0.6102491525423729	0.21822529273641061	0.24533010655024695	74.57566205639448	74.65222715054122	7.322444299746424	67.15227705734482	66.9661538759225	8.484477385352212
-0.6610949152542372	-0.5594033898305085	0.21822529273641061	0.2758014913177542	74.57566205639448	74.65222715054122	7.322444299746424	67.22802083279237	67.0438793562615	8.492492698444442
-0.6610949152542372	-0.508557627118644	0.21822529273641061	0.3100575941645296	74.57566205639448	74.65222715054122	7.322444299746424	67.4094704836707	67.20930779309313	8.511035126740197
-0.6610949152542372	-0.45771186440677963	0.21822529273641061	0.34856849845071003	74.57566205639448	74.65222715054122	7.322444299746424	67.69223941916319	67.4586435418165	8.539224008126554
-0.6610949152542372	-0.40686610169491527	0.21822529273641061	0.39186267454461904	74.57566205639448	74.65222715054122	7.322444299746424	68.0693813237769	67.78591127519606	8.5759898987743
-0.6610949152542372	-0.35602033898305085	0.21822529273641061	0.4405342318189317	74.57566205639448	74.65222715054122	7.322444299746424	68.53170400604544	68.18327477941988	8.619805397108673
-0.6610949152542372	-0.30517457627118644	0.21822529273641061	0.49525107138571994	74.57566205639448	74.65222715054122	7.322444299746424	69.06765793046256	68.64092834867705	8.669419370043745
-0.6610949152542372	-0.254328813559322	0.21822529273641061	0.5567640514472341	74.57566205639448	74.65222715054122	7.322444299746424	69.66453048919378	69.14828539236451	8.722121899954779
-0.6610949152542372	-0.20348305084745763	0.21822529273641061	0.6259172910350144	74.57566205639448	74.65222715054122	7.322444299746424	70.30775213158806	69.6932620339472	8.775942795743667
-0.6610949152542372	-0.1526372881355932	0.21822529273641061	0.7036597535315913	74.57566205639448	74.65222715054122	7.322444299746424	70.98201347315073	70.26335011480275	8.828401419945894
-0.6610949152542372	-0.10179152542372881	0.21822529273641061	0.7910582689310004	74.57566205639448	74.65222715054122	7.322444299746424	71.67139358702202	70.84567385358407	8.877354010301001
-0.6610949152542372	-0.050945762711864406	0.21822529273641061	0.8893121735375996	74.57566205639448	74.65222715054122	7.322444299746424	72.36017187730097	71.42770312124595	8.920588685390744
-0.6610949152542372	-0.0001	0.21822529273641061	0.9997697679981565	74.57566205639448	74.65222715054122	7.322444299746424	73.03340343597148	71.99770661135294	8.955913994578431
-0.6102491525423729	-3.0	0.24533010655024695	0.001	74.57566205639448	74.65222715054122	7.322444299746424	74.91570484437186	74.8048394268326	7.442486544225829
-0.6102491525423729	-2.9491542372881354	0.24533010655024695	0.001124205647631211	74.57566205639448	74.65222715054122	7.322444299746424	74.95504813686033	74.82213290806307	7.45702335806559
-0.6102491525423729	-2.8983084745762713	0.24533010655024695	0.001263838338165909	74.57566205639448	74.65222715054122	7.322444299746424	74.99868887669462	74.84129731156091	7.472978786159876
-0.6102491525423729	-2.8474627118644067	0.24533010655024695	0.0014208141974589592	74.57566205639448	74.65222715054122	7.322444299746424	75.04664459174882	74.86212605125617	7.491174724092735
-0.6102491525423729	-2.7966169491525426	0.24533010655024695	0.0015972873450179669	74.57566205639448	74.65222715054122	7.322444299746424	75.09993574721017	74.88540618761905	7.510438225521711
-0.6102491525423729	-2.745771186440678	0.24533010655024695	0.0017956794541590607	74.57566205639448	74.65222715054122	7.322444299746424	75.15815976486323	74.9104951156467	7.532438553116282
-0.6102491525423729	-2.6949254237288134	0.24533010655024695	0.0020187129837009464	74.57566205639448	74.65222715054122	7.322444299746424	75.221915888183	74.93774950849226	7.556809947042392
-0.6102491525423729	-2.6440796610169492	0.24533010655024695	0.002269448537223054	74.57566205639448	74.65222715054122	7.322444299746424	75.29152837167887	74.9672540355981	7.583675049611224
-0.6102491525423729	-2.5932338983050847	0.24533010655024695	0.0025513268625545478	74.57566205639448	74.65222715054122	7.322444299746424	75.36707249137989	74.99885432322557	7.613545834524918
-0.6102491525423729	-2.5423881355932205	0.24533010655024695	0.002868216067837038	74.57566205639448	74.65222715054122	7.322444299746424	75.44917839413968	75.03296966686987	7.645669806967498
-0.6102491525423729	-2.491542372881356	0.24533010655024695	0.0032244647020889827	74.57566205639448	74.65222715054122	7.322444299746424	75.53742821708934	75.06900171214272	7.681166679010736
-0.6102491525423729	-2.4406966101694914	0.24533010655024695	0.003624961428675924	74.57566205639448	74.65222715054122	7.322444299746424	75.6314818660647	75.10647298520225	7.720699430534075
-0.6102491525423729	-2.389850847457627	0.24533010655024695	0.0040752021105627725	74.57566205639448	74.65222715054122	7.322444299746424	75.73166734293845	75.14563413857071	7.763204152705686
-0.6102491525423729	-2.3390050847457626	0.24533010655024695	0.004581365227933299	74.57566205639448	74.65222715054122	7.322444299746424	75.8370797418345	75.18558122700371	7.8095803183499
-0.6102491525423729	-2.2881593220338985	0.24533010655024695	0.00515039666310386	74.57566205639448	74.65222715054122	7.322444299746424	75.94705813121773	75.22575416905808	7.8596181178939855
-0.6102491525423729	-2.237313559322034	0.24533010655024695	0.005790105016202303	74.57566205639448	74.65222715054122	7.322444299746424	76.06032692850052	75.26510161644221	7.913578306089844
-0.6102491525423729	-2.1864677966101693	0.24533010655024695	0.006509268759592433	74.57566205639448	74.65222715054122	7.322444299746424	76.17530184968015	75.30241183011954	7.971434457104864
-0.6102491525423729	-2.135622033898305	0.24533010655024695	0.007317756701483213	74.57566205639448	74.65222715054122	7.322444299746424	76.28999459074464	75.33624341479462	8.032918543442253
-0.6102491525423729	-2.0847762711864406	0.24533010655024695	0.00822666341179857	74.57566205639448	74.65222715054122	7.322444299746424	76.40161064058557	75.36454733216678	8.098172275839163
-0.6102491525423729	-2.0339305084745765	0.24533010655024695	0.009248461468704988	74.57566205639448	74.65222715054122	7.322444299746424	76.50716007878276	75.3852992629112	8.166400308106043
-0.6102491525423729	-1.9830847457627119	0.24533010655024695	0.010397172615017792	74.57566205639448	74.65222715054122	7.322444299746424	76.60264931627073	75.39570727460709	8.237384167851962
-0.6102491525423729	-1.9322389830508475	0.24533010655024695	0.011688560173199561	74.57566205639448	74.65222715054122	7.322444299746424	76.68349756791164	75.3926351368599	8.31059697515261
-0.6102491525423729	-1.8813932203389832	0.24533010655024695	0.013140345359388184	74.57566205639448	74.65222715054122	7.322444299746424	76.74457928885182	75.37263892141195	8.38513898867472
-0.6102491525423729	-1.8305474576271186	0.24533010655024695	0.014772450464848772	74.57566205639448	74.65222715054122	7.322444299746424	76.78004334639866	75.33176548667734	8.460201892971654
-0.6102491525423729	-1.7797016949152542	0.24533010655024695	0.016607272241935287	74.57566205639448	74.65222715054122	7.322444299746424	76.78360247709489	75.26580093918137	8.534724533009147
-0.6102491525423729	-1.7288559322033898	0.24533010655024695	0.01866998924613268	74.57566205639448	74.65222715054122	7.322444299746424	76.74899961771303	75.17067556299489	8.606808855909
-0.6102491525423729	-1.6780101694915255	0.24533010655024695	0.020988907351716324	74.57566205639448	74.65222715054122	7.322444299746424	76.66927740087685	75.0416498230114	8.675688476570603
-0.6102491525423729	-1.6271644067796611	0.24533010655024695	0.023595848182407723	74.57566205639448	74.65222715054122	7.322444299746424	76.53810146510706	74.87453341741201	8.739729384890422
-0.6102491525423729	-1.5763186440677965	0.24533010655024695	0.026526585787311405	74.57566205639448	74.65222715054122	7.322444299746424	76.34958248847177	74.66538682059686	8.797572878149579
-0.6102491525423729	-1.5254728813559322	0.24533010655024695	0.02982133755446928	74.57566205639448	74.65222715054122	7.322444299746424	76.0991778375166	74.41129403981633	8.847206259717428
-0.6102491525423729	-1.4746271186440678	0.24533010655024695	0.03352531609865107	74.57566205639448	74.65222715054122	7.322444299746424	75.78331093069306	74.10985348525062	8.887661189039155
-0.6102491525423729	-1.4237813559322035	0.24533010655024695	0.03768934969672507	74.57566205639448	74.65222715054122	7.322444299746424	75.40025584795242	73.75994720449313	8.918151922919659
-0.6102491525423729	-1.372935593220339	0.24533010655024695	0.04237057978460597	74.57566205639448	74.65222715054122	7.322444299746424	74.95082159881937	73.36233587565809	8.93751738001336
-0.6102491525423729	-1.3220898305084745	0.24533010655024695	0.04763324508726285	74.57566205639448	74.65222715054122	7.322444299746424	74.43801766445496	72.91927194114389	8.945512514223145
-0.6102491525423729	-1.2712440677966101	0.24533010655024695	0.0535495631421025	74.57566205639448	74.65222715054122	7.322444299746424	73.86831566716945	72.4357548337086	8.940649177696306
-0.6102491525423729	-1.2203983050847458	0.24533010655024695	0.060200721312535725	74.57566205639448	74.65222715054122	7.322444299746424	73.24896486721866	71.9168898360101	8.92560431406814
-0.6102491525423729	-1.1695525423728814	0.24533010655024695	0.06767799089102523	74.57566205639448	74.65222715054122	7.322444299746424	72.59151709087098	71.37150353138571	8.899858198955641
-0.6102491525423729	-1.118706779661017	0.24533010655024695	0.07608397958002418	74.57566205639448	74.65222715054122	7.322444299746424	71.90880601776723	70.80925416828504	8.865079566537934
-0.6102491525423729	-1.0678610169491525	0.24533010655024695	0.08553403953812092	74.57566205639448	74.65222715054122	7.322444299746424	71.21565334199693	70.24149498043154	8.822750683989337
-0.6102491525423729	-1.0170152542372881	0.24533010655024695	0.09615785031346677	74.57566205639448	74.65222715054122	7.322444299746424	70.52787169133438	69.68044628986699	8.774973591503134
-0.6102491525423729	-0.9661694915254238	0.24533010655024695	0.10810119838647589	74.57566205639448	74.65222715054122	7.322444299746424	69.8613496039501	69.138444032237	8.72496836604011
-0.6102491525423729	-0.9153237288135593	0.24533010655024695	0.1215279777417781	74.57566205639448	74.65222715054122	7.322444299746424	69.23294810482516	68.62898158656698	8.67390295655121
-0.6102491525423729	-0.8644779661016949	0.24533010655024695	0.13662243892250697	74.57566205639448	74.65222715054122	7.322444299746424	68.65828102194455	68.16460589583474	8.624023825519307
-0.6102491525423729	-0.8136322033898306	0.24533010655024695	0.15359171742983244	74.57566205639448	74.65222715054122	7.322444299746424	68.15085861017579	67.75614293270776	8.579182567478616
-0.6102491525423729	-0.7627864406779661	0.24533010655024695	0.17266867616399467	74.57566205639448	74.65222715054122	7.322444299746424	67.72439922242295	67.41505728507902	8.539206306325134
-0.6102491525423729	-0.7119406779661017	0.24533010655024695	0.19411510091256737	74.57566205639448	74.65222715054122	7.322444299746424	67.38880861079609	67.14945032066173	8.507142987280112
-0.6102491525423729	-0.6610949152542372	0.24533010655024695	0.21822529273641061	74.57566205639448	74.65222715054122	7.322444299746424	67.15227582122839	66.96615263548185	8.484479690386552
-0.6102491525423729	-0.6102491525423729	0.24533010655024695	0.24533010655024695	74.57566205639448	74.65222715054122	7.322444299746424	67.02071177156641	66.87014604637749	8.471871653196981
-0.6102491525423729	-0.5594033898305085	0.24533010655024695	0.2758014913177542	74.57566205639448	74.65222715054122	7.322444299746424	66.99722432616747	66.86401733706566	8.469960137105467
-0.6102491525423729	-0.508557627118644	0.24533010655024695	0.3100575941645296	74.57566205639448	74.65222715054122	7.322444299746424	67.08213013256064	66.9479505827001	8.479259352018873
-0.6102491525423729	-0.45771186440677963	0.24533010655024695	0.34856849845071003	74.57566205639448	74.65222715054122	7.322444299746424	67.27368835257286	67.12044875208706	8.498726873109977
-0.6102491525423729	-0.40686610169491527	0.24533010655024695	0.39186267454461904	74.57566205639448	74.65222715054122	7.322444299746424	67.56707505485996	67.37730340439813	8.527943378851534
-0.6102491525423729	-0.35602033898305085	0.24533010655024695	0.4405342318189317	74.57566205639448	74.65222715054122	7.322444299746424	67.95481467492377	67.71203019611833	8.566503355216032
-0.6102491525423729	-0.30517457627118644	0.24533010655024695	0.49525107138571994	74.57566205639448	74.65222715054122	7.322444299746424	68.42809541980962	68.11719159620428	8.611747997790543
-0.6102491525423729	-0.254328813559322	0.24533010655024695	0.5567640514472341	74.57566205639448	74.65222715054122	7.322444299746424	68.97513289820246	68.58276527208001	8.662532563578527
-0.6102491525423729	-0.20348305084745763	0.24533010655024695	0.6259172910350144	74.57566205639448	74.65222715054122	7.322444299746424	69.58272684541775	69.09769726719696	8.716777990497464
-0.6102491525423729	-0.1526372881355932	0.24533010655024695	0.7036597535315913	74.57566205639448	74.65222715054122	7.322444299746424	70.2364722105686	69.65009172514735	8.771852172331014
-0.6102491525423729	-0.10179152542372881	0.24533010655024695	0.7910582689310004	74.57566205639448	74.65222715054122	7.322444299746424	70.92078721270818	70.22719493734101	8.825507039778062
-0.6102491525423729	-0.050945762711864406	0.24533010655024695	0.8893121735375996	74.57566205639448	74.65222715054122	7.322444299746424	71.61962786089167	70.81603708702117	8.875567898006073
-0.6102491525423729	-0.0001	0.24533010655024695	0.9997697679981565	74.57566205639448	74.65222715054122	7.322444299746424	72.31714885355572	71.40399397006279	8.91983474491848
-0.5594033898305085	-3.0	0.2758014913177542	0.001	74.57566205639448	74.65222715054122	7.322444299746424	74.88802210420545	74.79533849766912	7.4328269693883415
-0.5594033898305085	-2.9491542372881354	0.2758014913177542	0.001124205647631211	74.57566205639448	74.65222715054122	7.322444299746424	74.92451311311052	74.81182120638086	7.446015131917268
-0.5594033898305085	-2.8983084745762713	0.2758014913177542	0.001263838338165909	74.57566205639448	74.65222715054122	7.322444299746424	74.96494328589624	74.83001598413657	7.460718010183662
-0.5594033898305085	-2.8474627118644067	0.2758014913177542	0.0014208141974589592	74.57566205639448	74.65222715054122	7.322444299746424	75.00981718656227	74.85021514256402	7.476768329445298
-0.5594033898305085	-2.7966169491525426	0.2758014913177542	0.0015972873450179669	74.57566205639448	74.65222715054122	7.322444299746424	75.05894720530952	74.87200780295443	7.495405229156576
-0.5594033898305085	-2.745771186440678	0.2758014913177542	0.0017956794541590607	74.57566205639448	74.65222715054122	7.322444299746424	75.11329879962257	74.89612743610726	7.515574458865838
-0.5594033898305085	-2.6949254237288134	0.2758014913177542	0.0020187129837009464	74.57566205639448	74.65222715054122	7.322444299746424	75.17280207273708	74.92226637162088	7.538284331574586
-0.5594033898305085	-2.6440796610169492	0.2758014913177542	0.002269448537223054	74.57566205639448	74.65222715054122	7.322444299746424	75.23826239619113	74.95099081813393	7.562753992757319
-0.5594033898305085	-2.5932338983050847	0.2758014913177542	0.0025513268625545478	74.57566205639448	74.65222715054122	7.322444299746424	75.30944639454712	74.98183229679003	7.590213103889449
-0.5594033898305085	-2.5423881355932205	0.2758014913177542	0.002868216067837038	74.57566205639448	74.65222715054122	7.322444299746424	75.38673705812107	75.01495034418329	7.620542571339723
-0.5594033898305085	-2.491542372881356	0.2758014913177542	0.0032244647020889827	74.57566205639448	74.65222715054122	7.322444299746424	75.47026870837082	75.05027646273142	7.653951269670312
-0.5594033898305085	-2.4406966101694914	0.2758014913177542	0.003624961428675924	74.57566205639448	74.65222715054122	7.322444299746424	75.56021967971836	75.08781866612578	7.690325445939525
-0.5594033898305085	-2.389850847457627	0.2758014913177542	0.0040752021105627725	74.57566205639448	74.65222715054122	7.322444299746424	75.65607962445256	75.12694217693411	7.73061088870778
-0.5594033898305085	-2.3390050847457626	0.2758014913177542	0.004581365227933299	74.57566205639448	74.65222715054122	7.322444299746424	75.75791169995864	75.16764865383438	7.774192969681082
-0.5594033898305085	-2.2881593220338985	0.2758014913177542	0.00515039666310386	74.57566205639448	74.65222715054122	7.322444299746424	75.86512067089421	75.20936303657386	7.821251907276977
-0.5594033898305085	-2.237313559322034	0.2758014913177542	0.005790105016202303	74.57566205639448	74.65222715054122	7.322444299746424	75.97656920140344	75.25107166572214	7.872399876438499
-0.5594033898305085	-2.1864677966101693	0.2758014913177542	0.006509268759592433	74.57566205639448	74.65222715054122	7.322444299746424	76.09117684838462	75.29194489845706	7.927350911752401
-0.5594033898305085	-2.135622033898305	0.2758014913177542	0.007317756701483213	74.57566205639448	74.65222715054122	7.322444299746424	76.2072875874306	75.33073001847607	7.986032318264414
-0.5594033898305085	-2.0847762711864406	0.2758014913177542	0.00822666341179857	74.57566205639448	74.65222715054122	7.322444299746424	76.32247865967207	75.36558505167756	8.04881958712867
-0.5594033898305085	-2.0339305084745765	0.2758014913177542	0.009248461468704988	74.57566205639448	74.65222715054122	7.322444299746424	76.43448518531294	75.39502777076086	8.114540382648508
-0.5594033898305085	-1.9830847457627119	0.2758014913177542	0.010397172615017792	74.57566205639448	74.65222715054122	7.322444299746424	76.53938600221475	75.41614194678442	8.183975141590285
-0.5594033898305085	-1.9322389830508475	0.2758014913177542	0.011688560173199561	74.57566205639448	74.65222715054122	7.322444299746424	76.63363275503444	75.42662066709958	8.25570392342073
-0.5594033898305085	-1.8813932203389832	0.2758014913177542	0.013140345359388184	74.57566205639448	74.65222715054122	7.322444299746424	76.71232484713622	75.42304609353967	8.329513916997147
-0.5594033898305085	-1.8305474576271186	0.2758014913177542	0.014772450464848772	74.57566205639448	74.65222715054122	7.322444299746424	76.77013461331971	75.40180655152145	8.404580023026
-0.5594033898305085	-1.7797016949152542	0.2758014913177542	0.016607272241935287	74.57566205639448	74.65222715054122	7.322444299746424	76.80100085634693	75.35876570974479	8.480204803134919
-0.5594033898305085	-1.7288559322033898	0.2758014913177542	0.01866998924613268	74.57566205639448	74.65222715054122	7.322444299746424	76.79897343728247	75.29006297718365	8.554376178054664
-0.5594033898305085	-1.6780101694915255	0.2758014913177542	0.020988907351716324	74.57566205639448	74.65222715054122	7.322444299746424	76.75717193797252	75.19100708304379	8.626228743263978
-0.5594033898305085	-1.6271644067796611	0.2758014913177542	0.023595848182407723	74.57566205639448	74.65222715054122	7.322444299746424	76.66886784293152	75.05707086290467	8.694417660899772
-0.5594033898305085	-1.5763186440677965	0.2758014913177542	0.026526585787311405	74.57566205639448	74.65222715054122	7.322444299746424	76.5274698028113	74.88376975704617	8.757817868830188
-0.5594033898305085	-1.5254728813559322	0.2758014913177542	0.02982133755446928	74.57566205639448	74.65222715054122	7.322444299746424	76.32767841754296	74.6676943680767	8.814019403973502
-0.5594033898305085	-1.4746271186440678	0.2758014913177542	0.03352531609865107	74.57566205639448	74.65222715054122	7.322444299746424	76.06425110530688	74.40514622740957	8.86269912007193
-0.5594033898305085	-1.4237813559322035	0.2758014913177542	0.03768934969672507	74.57566205639448	74.65222715054122	7.322444299746424	75.73467447200079	74.09468329120365	8.90121147555687
-0.5594033898305085	-1.372935593220339	0.2758014913177542	0.04237057978460597	74.57566205639448	74.65222715054122	7.322444299746424	75.33732479295068	73.73517018747611	8.929171149784803
-0.5594033898305085	-1.3220898305084745	0.2758014913177542	0.04763324508726285	74.57566205639448	74.65222715054122	7.322444299746424	74.87314630674868	73.32737250572389	8.94588800914488
-0.5594033898305085	-1.2712440677966101	0.2758014913177542	0.0535495631421025	74.57566205639448	74.65222715054122	7.322444299746424	74.34563926548958	72.87390080887253	8.950977439522921
-0.5594033898305085	-1.2203983050847458	0.2758014913177542	0.060200721312535725	74.57566205639448	74.65222715054122	7.322444299746424	73.7613186828823	72.37967178941311	8.943764128133866
-0.5594033898305085	-1.1695525423728814	0.2758014913177542	0.06767799089102523	74.57566205639448	74.65222715054122	7.322444299746424	73.12843368623798	71.85067957524173	8.92582353370975
-0.5594033898305085	-1.118706779661017	0.2758014913177542	0.07608397958002418	74.57566205639448	74.65222715054122	7.322444299746424	72.45848283020271	71.29560960315423	8.897587909537775
-0.5594033898305085	-1.0678610169491525	0.2758014913177542	0.08553403953812092	74.57566205639448	74.65222715054122	7.322444299746424	71.7649430295181	70.72470339846367	8.860181644991608
-0.5594033898305085	-1.0170152542372881	0.2758014913177542	0.09615785031346677	74.57566205639448	74.65222715054122	7.322444299746424	71.06272548858549	70.14937505792076	8.815503858102174
-0.5594033898305085	-0.9661694915254238	0.2758014913177542	0.10810119838647589	74.57566205639448	74.65222715054122	7.322444299746424	70.36762499951588	69.5818288570328	8.766110320967785
-0.5594033898305085	-0.9153237288135593	0.2758014913177542	0.1215279777417781	74.57566205639448	74.65222715054122	7.322444299746424	69.69629015661972	69.03519027913268	8.713937325002227
-0.5594033898305085	-0.8644779661016949	0.2758014913177542	0.13662243892250697	74.57566205639448	74.65222715054122	7.322444299746424	69.06505258423448	68.5224748629436	8.661268291035098
-0.5594033898305085	-0.8136322033898306	0.2758014913177542	0.15359171742983244	74.57566205639448	74.65222715054122	7.322444299746424	68.48952025583402	68.05629071289106	8.610258432338386
-0.5594033898305085	-0.7627864406779661	0.2758014913177542	0.17266867616399467	74.57566205639448	74.65222715054122	7.322444299746424	67.98326916929771	67.64760500154749	8.564387807286106
-0.5594033898305085	-0.7119406779661017	0.2758014913177542	0.19411510091256737	74.57566205639448	74.65222715054122	7.322444299746424	67.55938887476698	67.3073309109513	8.524406521316976
-0.5594033898305085	-0.6610949152542372	0.2758014913177542	0.21822529273641061	74.57566205639448	74.65222715054122	7.322444299746424	67.22770152564439	67.04356006929977	8.493130937732547
-0.5594033898305085	-0.6102491525423729	0.2758014913177542	0.24533010655024695	74.57566205639448	74.65222715054122	7.322444299746424	66.99718964628049	66.86398261750223	8.470028690440884
-0.5594033898305085	-0.5594033898305085	0.2758014913177542	0.2758014913177542	74.57566205639448	74.65222715054122	7.322444299746424	66.87215629719928	66.77202913025322	8.458528315506282
-0.5594033898305085	-0.508557627118644	0.2758014913177542	0.3100575941645296	74.57566205639448	74.65222715054122	7.322444299746424	66.85677806435439	66.77140087216465	8.456700862110777
-0.5594033898305085	-0.45771186440677963	0.2758014913177542	0.34856849845071003	74.57566205639448	74.65222715054122	7.322444299746424	66.95034768727933	66.86129406510021	8.466694912074233
-0.5594033898305085	-0.40686610169491527	0.2758014913177542	0.39186267454461904	74.57566205639448	74.65222715054122	7.322444299746424	67.15087190842722	67.03998625346847	8.487581628148792
-0.5594033898305085	-0.35602033898305085	0.2758014913177542	0.4405342318189317	74.57566205639448	74.65222715054122	7.322444299746424	67.45398932795099	67.3037526327467	8.51765050224091
-0.5594033898305085	-0.30517457627118644	0.2758014913177542	0.49525107138571994	74.57566205639448	74.65222715054122	7.322444299746424	67.85150933949677	67.64541077448266	8.55757744935622
-0.5594033898305085	-0.254328813559322	0.2758014913177542	0.5567640514472341	74.57566205639448	74.65222715054122	7.322444299746424	68.33460827345033	68.05752625886696	8.604393133978306
-0.5594033898305085	-0.20348305084745763	0.2758014913177542	0.6259172910350144	74.57566205639448	74.65222715054122	7.322444299746424	68.89160115934598	68.53019203476082	8.656436365452322
-0.5594033898305085	-0.1526372881355932	0.2758014913177542	0.7036597535315913	74.57566205639448	74.65222715054122	7.322444299746424	69.50906948834965	69.05215349793944	8.711750290566453
-0.5594033898305085	-0.10179152542372881	0.2758014913177542	0.7910582689310004	74.57566205639448	74.65222715054122	7.322444299746424	70.17234389460366	69.6112711814559	8.76794114983197
-0.5594033898305085	-0.050945762711864406	0.2758014913177542	0.8893121735375996	74.57566205639448	74.65222715054122	7.322444299746424	70.86566534728202	70.19463752284875	8.822838205722555
-0.5594033898305085	-0.0001	0.2758014913177542	0.9997697679981565	74.57566205639448	74.65222715054122	7.322444299746424	71.57293979967864	70.7892588955411	8.874118823006182
-0.508557627118644	-3.0	0.3100575941645296	0.001	74.57566205639448	74.65222715054122	7.322444299746424	74.86196144537054	74.78590675357786	7.42338650236414
-0.508557627118644	-2.9491542372881354	0.3100575941645296	0.001124205647631211	74.57566205639448	74.65222715054122	7.322444299746424	74.89557833892478	74.80139918134913	7.435549217965044
-0.508557627118644	-2.8983084745762713	0.3100575941645296	0.001263838338165909	74.57566205639448	74.65222715054122	7.322444299746424	74.93291899330939	74.81857679862209	7.44903615150706
-0.508557627118644	-2.8474627118644067	0.3100575941645296	0.0014208141974589592	74.57566205639448	74.65222715054122	7.322444299746424	74.9742680628345	74.83752421572248	7.464093361798036
-0.508557627118644	-2.7966169491525426	0.3100575941645296	0.0015972873450179669	74.57566205639448	74.65222715054122	7.322444299746424	75.01997838634233	74.85838243661946	7.480866367717093
-0.508557627118644	-2.745771186440678	0.3100575941645296	0.0017956794541590607	74.57566205639448	74.65222715054122	7.322444299746424	75.07039506758457	74.88127417576229	7.49953950372795
-0.508557627118644	-2.6949254237288134	0.3100575941645296	0.0020187129837009464	74.57566205639448	74.65222715054122	7.322444299746424	75.12586883987504	74.90631978107636	7.52029434780333
-0.508557627118644	-2.6440796610169492	0.3100575941645296	0.002269448537223054	74.57566205639448	74.65222715054122	7.322444299746424	75.18688619319538	74.93377007973233	7.543027636594482
-0.508557627118644	-2.5932338983050847	0.3100575941645296	0.0025513268625545478	74.57566205639448	74.65222715054122	7.322444299746424	75.2534213483512	74.9633634149971	7.56862110567943
-0.508557627118644	-2.5423881355932205	0.3100575941645296	0.002868216067837038	74.57566205639448	74.65222715054122	7.322444299746424	75.3260242209289	74.9954189957094	7.596727318173052
-0.508557627118644	-2.491542372881356	0.3100575941645296	0.0032244647020889827	74.57566205639448	74.65222715054122	7.322444299746424	75.40488678119803	75.02991128713879	7.627592407091816
-0.508557627118644	-2.4406966101694914	0.3100575941645296	0.003624961428675924	74.57566205639448	74.65222715054122	7.322444299746424	75.49005819475789	75.06669432003852	7.661569512809652
-0.508557627118644	-2.389850847457627	0.3100575941645296	0.0040752021105627725	74.57566205639448	74.65222715054122	7.322444299746424	75.58163381874414	75.10570269157195	7.69866845258923
-0.508557627118644	-2.3390050847457626	0.3100575941645296	0.004581365227933299	74.57566205639448	74.65222715054122	7.322444299746424	75.67919461815377	75.14640533759909	7.739598274682384
-0.508557627118644	-2.2881593220338985	0.3100575941645296	0.00515039666310386	74.57566205639448	74.65222715054122	7.322444299746424	75.78266248066909	75.18867742984594	7.783950130623295
-0.508557627118644	-2.237313559322034	0.3100575941645296	0.005790105016202303	74.57566205639448	74.65222715054122	7.322444299746424	75.8913485060563	75.23186823828271	7.831994228060925
-0.508557627118644	-2.1864677966101693	0.3100575941645296	0.006509268759592433	74.57566205639448	74.65222715054122	7.322444299746424	76.00416585584196	75.27503599585408	7.884121805097401
-0.508557627118644	-2.135622033898305	0.3100575941645296	0.007317756701483213	74.57566205639448	74.65222715054122	7.322444299746424	76.11996065631534	75.31730243854341	7.940042670945388
-0.508557627118644	-2.0847762711864406	0.3100575941645296	0.00822666341179857	74.57566205639448	74.65222715054122	7.322444299746424	76.23712200669216	75.35748806646153	7.999415105215344
-0.508557627118644	-2.0339305084745765	0.3100575941645296	0.009248461468704988	74.57566205639448	74.65222715054122	7.322444299746424	76.35286678691315	75.39342215530888	8.063125559450596
-0.508557627118644	-1.9830847457627119	0.3100575941645296	0.010397172615017792	74.57566205639448	74.65222715054122	7.322444299746424	76.46479294797118	75.42351921327368	8.130037283337149
-0.508557627118644	-1.9322389830508475	0.3100575941645296	0.011688560173199561	74.57566205639448	74.65222715054122	7.322444299746424	76.56922170591474	75.44514123791699	8.200178610316582
-0.508557627118644	-1.8813932203389832	0.3100575941645296	0.013140345359388184	74.57566205639448	74.65222715054122	7.322444299746424	76.66224705290995	75.45565935561802	8.272557122809072
-0.508557627118644	-1.8305474576271186	0.3100575941645296	0.014772450464848772	74.57566205639448	74.65222715054122	7.322444299746424	76.73869942660613	75.45142104555396	8.347197881848436
-0.508557627118644	-1.7797016949152542	0.3100575941645296	0.016607272241935287	74.57566205639448	74.65222715054122	7.322444299746424	76.79332191423399	75.42891528323813	8.422834478989492
-0.508557627118644	-1.7288559322033898	0.3100575941645296	0.01866998924613268	74.57566205639448	74.65222715054122	7.322444299746424	76.82017405941062	75.38414921314376	8.498245173581816
-0.508557627118644	-1.6780101694915255	0.3100575941645296	0.020988907351716324	74.57566205639448	74.65222715054122	7.322444299746424	76.81249655725165	75.31246557766482	8.572789953176922
-0.508557627118644	-1.6271644067796611	0.3100575941645296	0.023595848182407723	74.57566205639448	74.65222715054122	7.322444299746424	76.76405448985538	75.20981697637366	8.644133164013208
-0.508557627118644	-1.5763186440677965	0.3100575941645296	0.026526585787311405	74.57566205639448	74.65222715054122	7.322444299746424	76.66758220164509	75.07112097387004	8.71190345538306
-0.508557627118644	-1.5254728813559322	0.3100575941645296	0.02982133755446928	74.57566205639448	74.65222715054122	7.322444299746424	76.516856362166	74.89222338611941	8.774252090111213
-0.508557627118644	-1.4746271186440678	0.3100575941645296	0.03352531609865107	74.57566205639448	74.65222715054122	7.322444299746424	76.30624029411936	74.66931894330453	8.829588390697646
-0.508557627118644	-1.4237813559322035	0.3100575941645296	0.03768934969672507	74.57566205639448	74.65222715054122	7.322444299746424	76.03142841754787	74.39956770411436	8.875997951236062
-0.508557627118644	-1.372935593220339	0.3100575941645296	0.04237057978460597	74.57566205639448	74.65222715054122	7.322444299746424	75.68903759744315	74.08056077228498	8.913011707380294
-0.508557627118644	-1.3220898305084745	0.3100575941645296	0.04763324508726285	74.57566205639448	74.65222715054122	7.322444299746424	75.27826358266752	73.71187080323755	8.939180692248668
-0.508557627118644	-1.2712440677966101	0.3100575941645296	0.0535495631421025	74.57566205639448	74.65222715054122	7.322444299746424	74.8007573791599	73.29485076834014	8.9530951453734
-0.508557627118644	-1.2203983050847458	0.3100575941645296	0.060200721312535725	74.57566205639448	74.65222715054122	7.322444299746424	74.2595473889417	72.83151925119186	8.956098013331669
-0.508557627118644	-1.1695525423728814	0.3100575941645296	0.06767799089102523	74.57566205639448	74.65222715054122	7.322444299746424	73.66193592791531	72.32746741815888	8.94676257653574
-0.508557627118644	-1.118706779661017	0.3100575941645296	0.07608397958002418	74.57566205639448	74.65222715054122	7.322444299746424	73.01716867917409	71.78958844172045	8.92548925942966
-0.508557627118644	-1.0678610169491525	0.3100575941645296	0.08553403953812092	74.57566205639448	74.65222715054122	7.322444299746424	72.33617916607433	71.2259270919353	8.894600573450806
-0.508557627118644	-1.0170152542372881	0.3100575941645296	0.09615785031346677	74.57566205639448	74.65222715054122	7.322444299746424	71.6324395940919	70.64667106677979	8.855889461966516
-0.508557627118644	-0.9661694915254238	0.3100575941645296	0.10810119838647589	74.57566205639448	74.65222715054122	7.322444299746424	70.92217601282769	70.06452840733577	8.8091423902765
-0.508557627118644	-0.9153237288135593	0.3100575941645296	0.1215279777417781	74.57566205639448	74.65222715054122	7.322444299746424	70.22102078444365	69.49154799165304	8.757598577493873
-0.508557627118644	-0.8644779661016949	0.3100575941645296	0.13662243892250697	74.57566205639448	74.65222715054122	7.322444299746424	69.54551756612096	68.94078163050756	8.703588776749546
-0.508557627118644	-0.8136322033898306	0.3100575941645296	0.15359171742983244	74.57566205639448	74.65222715054122	7.322444299746424	68.91194610291663	68.42524363901629	8.649524810886005
-0.508557627118644	-0.7627864406779661	0.3100575941645296	0.17266867616399467	74.57566205639448	74.65222715054122	7.322444299746424	68.33530620122762	67.95699731013649	8.598661583239638
-0.508557627118644	-0.7119406779661017	0.3100575941645296	0.19411510091256737	74.57566205639448	74.65222715054122	7.322444299746424	67.83054969591063	67.54845590628128	8.551489980440104
-0.508557627118644	-0.6610949152542372	0.3100575941645296	0.21822529273641061	74.57566205639448	74.65222715054122	7.322444299746424	67.4094301863968	67.20926753739205	8.511115437030433
-0.508557627118644	-0.6102491525423729	0.3100575941645296	0.24533010655024695	74.57566205639448	74.65222715054122	7.322444299746424	67.08220817828227	66.94802862158677	8.479104466480209
-0.508557627118644	-0.5594033898305085	0.3100575941645296	0.2758014913177542	74.57566205639448	74.65222715054122	7.322444299746424	66.85667934431231	66.7713021935456	8.456898852773742
-0.508557627118644	-0.508557627118644	0.3100575941645296	0.3100575941645296	74.57566205639448	74.65222715054122	7.322444299746424	66.73817589241452	66.68359762061758	8.445464072495076
-0.508557627118644	-0.45771186440677963	0.3100575941645296	0.34856849845071003	74.57566205639448	74.65222715054122	7.322444299746424	66.72974058346568	66.68752262299435	8.444751843021521
-0.508557627118644	-0.40686610169491527	0.3100575941645296	0.39186267454461904	74.57566205639448	74.65222715054122	7.322444299746424	66.83109957918418	66.78273786001121	8.455672773559424
-0.508557627118644	-0.35602033898305085	0.3100575941645296	0.4405342318189317	74.57566205639448	74.65222715054122	7.322444299746424	67.04005471043337	66.96733944090518	8.477356859772236
-0.508557627118644	-0.30517457627118644	0.3100575941645296	0.49525107138571994	74.57566205639448	74.65222715054122	7.322444299746424	67.35146490430412	67.23684042034311	8.50932564074513
-0.508557627118644	-0.254328813559322	0.3100575941645296	0.5567640514472341	74.57566205639448	74.65222715054122	7.322444299746424	67.75826165118248	67.58519453797916	8.549701092687824
-0.508557627118644	-0.20348305084745763	0.3100575941645296	0.6259172910350144	74.57566205639448	74.65222715054122	7.322444299746424	68.25041841386276	68.0037773914833	8.597625367533654
-0.508557627118644	-0.1526372881355932	0.3100575941645296	0.7036597535315913	74.57566205639448	74.65222715054122	7.322444299746424	68.81640564986607	68.48285071887975	8.65083913220222
-0.508557627118644	-0.10179152542372881	0.3100575941645296	0.7910582689310004	74.57566205639448	74.65222715054122	7.322444299746424	69.44262058128879	69.01099095124383	8.70748130902682
-0.508557627118644	-0.050945762711864406	0.3100575941645296	0.8893121735375996	74.57566205639448	74.65222715054122	7.322444299746424	70.11445849663995	69.57614137189547	8.764764649558195
-0.508557627118644	-0.0001	0.3100575941645296	0.9997697679981565	74.57566205639448	74.65222715054122	7.322444299746424	70.81595608301168	70.16521110070832	8.820682461627396
-0.45771186440677963	-3.0	0.34856849845071003	0.001	74.57566205639448	74.65222715054122	7.322444299746424	74.83734179029072	74.7764581112855	7.414650811509424
-0.45771186440677963	-2.9491542372881354	0.34856849845071003	0.001124205647631211	74.57566205639448	74.65222715054122	7.322444299746424	74.86828807098948	74.7910129897852	7.425693442464995
-0.45771186440677963	-2.8983084745762713	0.34856849845071003	0.001263838338165909	74.57566205639448	74.65222715054122	7.322444299746424	74.90266182560823	74.80713387940617	7.438036736545832
-0.45771186440677963	-2.8474627118644067	0.34856849845071003	0.0014208141974589592	74.57566205639448	74.65222715054122	7.322444299746424	74.94067176000124	74.82484213373884	7.45204701514494
-0.45771186440677963	-2.7966169491525426	0.34856849845071003	0.0015972873450179669	74.57566205639448	74.65222715054122	7.322444299746424	74.98298942425251	74.84460952421763	7.467210012052938
-0.45771186440677963	-2.745771186440678	0.34856849845071003	0.0017956794541590607	74.57566205639448	74.65222715054122	7.322444299746424	75.02959924377151	74.86620908371563	7.484416139301735
-0.45771186440677963	-2.6949254237288134	0.34856849845071003	0.0020187129837009464	74.57566205639448	74.65222715054122	7.322444299746424	75.08107287022001	74.88999093830711	7.503404631605599
-0.45771186440677963	-2.6440796610169492	0.34856849845071003	0.002269448537223054	74.57566205639448	74.65222715054122	7.322444299746424	75.13765689743875	74.91597277916861	7.524572500938792
-0.45771186440677963	-2.5932338983050847	0.34856849845071003	0.0025513268625545478	74.57566205639448	74.65222715054122	7.322444299746424	75.19974503221519	74.94431496138179	7.548002963760382
-0.45771186440677963	-2.5423881355932205	0.34856849845071003	0.002868216067837038	74.57566205639448	74.65222715054122	7.322444299746424	75.26764875229541	74.97509604676753	7.573900920410376
-0.45771186440677963	-2.491542372881356	0.34856849845071003	0.0032244647020889827	74.57566205639448	74.65222715054122	7.322444299746424	75.34159572482415	75.00831752593568	7.60255452060222
-0.45771186440677963	-2.4406966101694914	0.34856849845071003	0.003624961428675924	74.57566205639448	74.65222715054122	7.322444299746424	75.42184077660768	75.04402204049461	7.634068499467716
-0.45771186440677963	-2.389850847457627	0.34856849845071003	0.0040752021105627725	74.57566205639448	74.65222715054122	7.322444299746424	75.50851158661004	75.08214948754438	7.668611227304323
-0.45771186440677963	-2.3390050847457626	0.34856849845071003	0.004581365227933299	74.57566205639448	74.65222715054122	7.322444299746424	75.60146470154478	75.12240486192411	7.706632241137925
-0.45771186440677963	-2.2881593220338985	0.34856849845071003	0.00515039666310386	74.57566205639448	74.65222715054122	7.322444299746424	75.70056630421618	75.16455374720832	7.748215921437227
-0.45771186440677963	-2.237313559322034	0.34856849845071003	0.005790105016202303	74.57566205639448	74.65222715054122	7.322444299746424	75.80563420545585	75.20838113673432	7.793090378719441
-0.45771186440677963	-2.1864677966101693	0.34856849845071003	0.006509268759592433	74.57566205639448	74.65222715054122	7.322444299746424	75.91548647858208	75.25276012983832	7.842420806916017
-0.45771186440677963	-2.135622033898305	0.34856849845071003	0.007317756701483213	74.57566205639448	74.65222715054122	7.322444299746424	76.02970432014972	75.29743673686814	7.895145590188351
-0.45771186440677963	-2.0847762711864406	0.34856849845071003	0.00822666341179857	74.57566205639448	74.65222715054122	7.322444299746424	76.14658043083624	75.34100227433247	7.951942908300006
-0.45771186440677963	-2.0339305084745765	0.34856849845071003	0.009248461468704988	74.57566205639448	74.65222715054122	7.322444299746424	76.26442532648284	75.3822247129407	8.012460286773976
-0.45771186440677963	-1.9830847457627119	0.34856849845071003	0.010397172615017792	74.57566205639448	74.65222715054122	7.322444299746424	76.38053669459234	75.41904283110907	8.077226864973456
-0.45771186440677963	-1.9322389830508475	0.34856849845071003	0.011688560173199561	74.57566205639448	74.65222715054122	7.322444299746424	76.49274453388136	75.45013448486827	8.1444180883332
-0.45771186440677963	-1.8813932203389832	0.34856849845071003	0.013140345359388184	74.57566205639448	74.65222715054122	7.322444299746424	76.59653839150656	75.47206204864933	8.215479064192547
-0.45771186440677963	-1.8305474576271186	0.34856849845071003	0.014772450464848772	74.57566205639448	74.65222715054122	7.322444299746424	76.6883787328687	75.48259571165954	8.288419081352519
-0.45771186440677963	-1.7797016949152542	0.34856849845071003	0.016607272241935287	74.57566205639448	74.65222715054122	7.322444299746424	76.76293409984173	75.47795118574045	8.363310898656596
-0.45771186440677963	-1.7288559322033898	0.34856849845071003	0.01866998924613268	74.57566205639448	74.65222715054122	7.322444299746424	76.81455998744217	75.45425612512226	8.43939017558823
-0.45771186440677963	-1.6780101694915255	0.34856849845071003	0.020988907351716324	74.57566205639448	74.65222715054122	7.322444299746424	76.83721826502128	75.4074388917527	8.515376833640781
-0.45771186440677963	-1.6271644067796611	0.34856849845071003	0.023595848182407723	74.57566205639448	74.65222715054122	7.322444299746424	76.82477866867447	75.33348065261627	8.589155201216931
-0.45771186440677963	-1.5763186440677965	0.34856849845071003	0.026526585787311405	74.57566205639448	74.65222715054122	7.322444299746424	76.76978777354425	75.22711170389303	8.660668413924505
-0.45771186440677963	-1.5254728813559322	0.34856849845071003	0.02982133755446928	74.57566205639448	74.65222715054122	7.322444299746424	76.66574005564013	75.08399015449277	8.72794786657285
-0.45771186440677963	-1.4746271186440678	0.34856849845071003	0.03352531609865107	74.57566205639448	74.65222715054122	7.322444299746424	76.50632095865271	74.89983306723268	8.789355948758338
-0.45771186440677963	-1.4237813559322035	0.34856849845071003	0.03768934969672507	74.57566205639448	74.65222715054122	7.322444299746424	76.28592915843188	74.6708148909493	8.843376455251125
-0.45771186440677963	-1.372935593220339	0.34856849845071003	0.04237057978460597	74.57566205639448	74.65222715054122	7.322444299746424	76.00015486917425	74.39391643435128	8.888588822980704
-0.45771186440677963	-1.3220898305084745	0.34856849845071003	0.04763324508726285	74.57566205639448	74.65222715054122	7.322444299746424	75.64602513178126	74.06704866395563	8.924116639628705
-0.45771186440677963	-1.2712440677966101	0.34856849845071003	0.0535495631421025	74.57566205639448	74.65222715054122	7.322444299746424	75.2235725640642	73.69051841261349	8.947379231450274
-0.45771186440677963	-1.2203983050847458	0.34856849845071003	0.060200721312535725	74.57566205639448	74.65222715054122	7.322444299746424	74.73306741782699	73.26418884332512	8.960379393001636
-0.45771186440677963	-1.1695525423728814	0.34856849845071003	0.06767799089102523	74.57566205639448	74.65222715054122	7.322444299746424	74.17994130616674	72.79237322854284	8.960371653458717
-0.45771186440677963	-1.118706779661017	0.34856849845071003	0.07608397958002418	74.57566205639448	74.65222715054122	7.322444299746424	73.57058385396456	72.27964954744999	8.948510314605175
-0.45771186440677963	-1.0678610169491525	0.34856849845071003	0.08553403953812092	74.57566205639448	74.65222715054122	7.322444299746424	72.91436260907443	71.73294727579008	8.925694476055014
-0.45771186440677963	-1.0170152542372881	0.34856849845071003	0.09615785031346677	74.57566205639448	74.65222715054122	7.322444299746424	72.22347042610886	71.16150557464962	8.892409286146583
-0.45771186440677963	-0.9661694915254238	0.34856849845071003	0.10810119838647589	74.57566205639448	74.65222715054122	7.322444299746424	71.51150582370735	70.57559823412304	8.850777279733432
-0.45771186440677963	-0.9153237288135593	0.34856849845071003	0.1215279777417781	74.57566205639448	74.65222715054122	7.322444299746424	70.79419945990051	69.98742368117533	8.802028934104033
-0.45771186440677963	-0.8644779661016949	0.34856849845071003	0.13662243892250697	74.57566205639448	74.65222715054122	7.322444299746424	70.08743567732051	69.40929316548645	8.749197906808371
-0.45771186440677963	-0.8136322033898306	0.34856849845071003	0.15359171742983244	74.57566205639448	74.65222715054122	7.322444299746424	69.40815887943039	68.85469154382736	8.693961806993896
-0.45771186440677963	-0.7627864406779661	0.34856849845071003	0.17266867616399467	74.57566205639448	74.65222715054122	7.322444299746424	68.77269290716742	68.33672564687319	8.638646375223455
-0.45771186440677963	-0.7119406779661017	0.34856849845071003	0.19411510091256737	74.57566205639448	74.65222715054122	7.322444299746424	68.19606380705491	67.86754503799118	8.58632217203355
-0.45771186440677963	-0.6610949152542372	0.34856849845071003	0.21822529273641061	74.57566205639448	74.65222715054122	7.322444299746424	67.6922474026725	67.458651517386	8.539209284605185
-0.45771186440677963	-0.6102491525423729	0.34856849845071003	0.24533010655024695	74.57566205639448	74.65222715054122	7.322444299746424	67.27376963392976	67.1205299959218	8.498564777850046
-0.45771186440677963	-0.5594033898305085	0.34856849845071003	0.2758014913177542	74.57566205639448	74.65222715054122	7.322444299746424	66.95033736304214	66.86128371869951	8.466715368040417
-0.45771186440677963	-0.508557627118644	0.34856849845071003	0.3100575941645296	74.57566205639448	74.65222715054122	7.322444299746424	66.72965103915965	66.68743307622736	8.444930873944415
-0.45771186440677963	-0.45771186440677963	0.34856849845071003	0.34856849845071003	74.57566205639448	74.65222715054122	7.322444299746424	66.61703234684724	66.60352138352272	8.433834485629546
-0.45771186440677963	-0.40686610169491527	0.34856849845071003	0.39186267454461904	74.57566205639448	74.65222715054122	7.322444299746424	66.6150592186648	66.61172666856145	8.433952681453219
-0.45771186440677963	-0.35602033898305085	0.34856849845071003	0.4405342318189317	74.57566205639448	74.65222715054122	7.322444299746424	66.72358495826036	66.71186367437637	8.445605749639926
-0.45771186440677963	-0.30517457627118644	0.34856849845071003	0.49525107138571994	74.57566205639448	74.65222715054122	7.322444299746424	66.94020762675721	66.90184447402616	8.468025216748584
-0.45771186440677963	-0.254328813559322	0.34856849845071003	0.5567640514472341	74.57566205639448	74.65222715054122	7.322444299746424	67.25959894333208	67.17700999091652	8.50081291686628
-0.45771186440677963	-0.20348305084745763	0.34856849845071003	0.6259172910350144	74.57566205639448	74.65222715054122	7.322444299746424	67.674261460194	67.53089679594235	8.54267501084625
-0.45771186440677963	-0.1526372881355932	0.34856849845071003	0.7036597535315913	74.57566205639448	74.65222715054122	7.322444299746424	68.17476487385967	67.95548744196772	8.59129463061177
-0.45771186440677963	-0.10179152542372881	0.34856849845071003	0.7910582689310004	74.57566205639448	74.65222715054122	7.322444299746424	68.748942655021	68.44041815649092	8.645437807724722
-0.45771186440677963	-0.050945762711864406	0.34856849845071003	0.8893121735375996	74.57566205639448	74.65222715054122	7.322444299746424	69.38336641232829	68.97445317893478	8.702646784356677
-0.45771186440677963	-0.0001	0.34856849845071003	0.9997697679981565	74.57566205639448	74.65222715054122	7.322444299746424	70.06270258219499	69.54482261906887	8.761360989233765
-0.40686610169491527	-3.0	0.39186267454461904	0.001	74.57566205639448	74.65222715054122	7.322444299746424	74.81435831182758	74.76728356085313	7.406291094102776
-0.40686610169491527	-2.9491542372881354	0.39186267454461904	0.001124205647631211	74.57566205639448	74.65222715054122	7.322444299746424	74.84267684370373	74.78080038194385	7.41646406745222
-0.40686610169491527	-2.8983084745762713	0.39186267454461904	0.001263838338165909	74.57566205639448	74.65222715054122	7.322444299746424	74.87420841119398	74.79583438284372	7.42776286361246
-0.40686610169491527	-2.8474627118644067	0.39186267454461904	0.0014208141974589592	74.57566205639448	74.65222715054122	7.322444299746424	74.9092809296218	74.81253907149866	7.440282259838696
-0.40686610169491527	-2.7966169491525426	0.39186267454461904	0.0015972873450179669	74.57566205639448	74.65222715054122	7.322444299746424	74.94806623093585	74.83089879090417	7.454471475424477
-0.40686610169491527	-2.745771186440678	0.39186267454461904	0.0017956794541590607	74.57566205639448	74.65222715054122	7.322444299746424	74.99108907801218	74.85123873757698	7.470119530684419
-0.40686610169491527	-2.6949254237288134	0.39186267454461904	0.0020187129837009464	74.57566205639448	74.65222715054122	7.322444299746424	75.0385727901015	74.87357133600003	7.487648768316223
-0.40686610169491527	-2.6440796610169492	0.39186267454461904	0.002269448537223054	74.57566205639448	74.65222715054122	7.322444299746424	75.09094810015986	74.89810678683965	7.5070870184095915
-0.40686610169491527	-2.5932338983050847	0.39186267454461904	0.0025513268625545478	74.57566205639448	74.65222715054122	7.322444299746424	75.14857993080366	74.92498246778682	7.528599831053424
-0.40686610169491527	-2.5423881355932205	0.39186267454461904	0.002868216067837038	74.57566205639448	74.65222715054122	7.322444299746424	75.21171659835366	74.9542155625088	7.55256262293098
-0.40686610169491527	-2.491542372881356	0.39186267454461904	0.0032244647020889827	74.57566205639448	74.65222715054122	7.322444299746424	75.28083846419342	74.98605651542965	7.578839105284743
-0.40686610169491527	-2.4406966101694914	0.39186267454461904	0.003624961428675924	74.57566205639448	74.65222715054122	7.322444299746424	75.35606859348171	75.02040613616488	7.607919902435845
-0.40686610169491527	-2.389850847457627	0.39186267454461904	0.0040752021105627725	74.57566205639448	74.65222715054122	7.322444299746424	75.43753008115961	75.05718076505403	7.640155309370562
-0.40686610169491527	-2.3390050847457626	0.39186267454461904	0.004581365227933299	74.57566205639448	74.65222715054122	7.322444299746424	75.52553560239468	75.09651208300002	7.6753179854302145
-0.40686610169491527	-2.2881593220338985	0.39186267454461904	0.00515039666310386	74.57566205639448	74.65222715054122	7.322444299746424	75.6199149658605	75.13808697948483	7.713876727417759
-0.40686610169491527	-2.237313559322034	0.39186267454461904	0.005790105016202303	74.57566205639448	74.65222715054122	7.322444299746424	75.72038223364697	75.181529469631	7.75616524715333
-0.40686610169491527	-2.1864677966101693	0.39186267454461904	0.006509268759592433	74.57566205639448	74.65222715054122	7.322444299746424	75.82666103672929	75.22654347504235	7.802035886612754
-0.40686610169491527	-2.135622033898305	0.39186267454461904	0.007317756701483213	74.57566205639448	74.65222715054122	7.322444299746424	75.93805749753102	75.27250577550411	7.851589766544846
-0.40686610169491527	-2.0847762711864406	0.39186267454461904	0.00822666341179857	74.57566205639448	74.65222715054122	7.322444299746424	76.05329696943022	75.31832472133223	7.9053720221350785
-0.40686610169491527	-2.0339305084745765	0.39186267454461904	0.009248461468704988	74.57566205639448	74.65222715054122	7.322444299746424	76.17122964684664	75.36317033080127	7.962811032901979
-0.40686610169491527	-1.9830847457627119	0.39186267454461904	0.010397172615017792	74.57566205639448	74.65222715054122	7.322444299746424	76.28963248307423	75.40530086378509	8.024467713711749
-0.40686610169491527	-1.9322389830508475	0.39186267454461904	0.011688560173199561	74.57566205639448	74.65222715054122	7.322444299746424	76.40649979404047	75.44337823966325	8.0892949554452
-0.40686610169491527	-1.8813932203389832	0.39186267454461904	0.013140345359388184	74.57566205639448	74.65222715054122	7.322444299746424	76.51851170277098	75.47495846772505	8.157561598844755
-0.40686610169491527	-1.8305474576271186	0.39186267454461904	0.014772450464848772	74.57566205639448	74.65222715054122	7.322444299746424	76.62183718934436	75.49731283125821	8.229126880128518
-0.40686610169491527	-1.7797016949152542	0.39186267454461904	0.016607272241935287	74.57566205639448	74.65222715054122	7.322444299746424	76.71232986619339	75.50763345652253	8.302968609944823
-0.40686610169491527	-1.7288559322033898	0.39186267454461904	0.01866998924613268	74.57566205639448	74.65222715054122	7.322444299746424	76.7847431482404	75.50224787148314	8.378738361673907
-0.40686610169491527	-1.6780101694915255	0.39186267454461904	0.020988907351716324	74.57566205639448	74.65222715054122	7.322444299746424	76.83386980196936	75.47774361044647	8.454550482385978
-0.40686610169491527	-1.6271644067796611	0.39186267454461904	0.023595848182407723	74.57566205639448	74.65222715054122	7.322444299746424	76.85298851452268	75.42938209372072	8.530258800373876
-0.40686610169491527	-1.5763186440677965	0.39186267454461904	0.026526585787311405	74.57566205639448	74.65222715054122	7.322444299746424	76.83540609121378	75.35258781216743	8.60468569566527
-0.40686610169491527	-1.5254728813559322	0.39186267454461904	0.02982133755446928	74.57566205639448	74.65222715054122	7.322444299746424	76.77464068757735	75.24305733308495	8.675691371675377
-0.40686610169491527	-1.4746271186440678	0.39186267454461904	0.03352531609865107	74.57566205639448	74.65222715054122	7.322444299746424	76.66353244341195	75.0957742018405	8.742561372447646
-0.40686610169491527	-1.4237813559322035	0.39186267454461904	0.03768934969672507	74.57566205639448	74.65222715054122	7.322444299746424	76.49619197070591	74.90684430592209	8.802842492209653
-0.40686610169491527	-1.372935593220339	0.39186267454461904	0.04237057978460597	74.57566205639448	74.65222715054122	7.322444299746424	76.26664957741689	74.67201996980897	8.855907723227553
-0.40686610169491527	-1.3220898305084745	0.39186267454461904	0.04763324508726285	74.57566205639448	74.65222715054122	7.322444299746424	75.97070296634378	74.38841976198657	8.900192389667543
-0.40686610169491527	-1.2712440677966101	0.39186267454461904	0.0535495631421025	74.57566205639448	74.65222715054122	7.322444299746424	75.60621772644042	74.0547092219647	8.933539021535957
-0.40686610169491527	-1.2203983050847458	0.39186267454461904	0.060200721312535725	74.57566205639448	74.65222715054122	7.322444299746424	75.17224059443238	73.67011491486228	8.955846239155171
-0.40686610169491527	-1.1695525423728814	0.39186267454461904	0.06767799089102523	74.57566205639448	74.65222715054122	7.322444299746424	74.67084733043868	73.23620641925392	8.966103825573015
-0.40686610169491527	-1.118706779661017	0.39186267454461904	0.07608397958002418	74.57566205639448	74.65222715054122	7.322444299746424	74.10651229211554	72.75624211361396	8.964148604806978
-0.40686610169491527	-1.0678610169491525	0.39186267454461904	0.08553403953812092	74.57566205639448	74.65222715054122	7.322444299746424	73.4862723361922	72.23535774637777	8.950522187990952
-0.40686610169491527	-1.0170152542372881	0.39186267454461904	0.09615785031346677	74.57566205639448	74.65222715054122	7.322444299746424	72.82024116706641	71.68115397856549	8.925305102613526
-0.40686610169491527	-0.9661694915254238	0.39186267454461904	0.10810119838647589	74.57566205639448	74.65222715054122	7.322444299746424	72.12039523985548	71.10259812830148	8.890028058999242
-0.40686610169491527	-0.9153237288135593	0.39186267454461904	0.1215279777417781	74.57566205639448	74.65222715054122	7.322444299746424	71.40077648683088	70.51037453552853	8.846436656122604
-0.40686610169491527	-0.8644779661016949	0.39186267454461904	0.13662243892250697	74.57566205639448	74.65222715054122	7.322444299746424	70.67715850038117	69.91671533578393	8.796069578258564
-0.40686610169491527	-0.8136322033898306	0.39186267454461904	0.15359171742983244	74.57566205639448	74.65222715054122	7.322444299746424	69.96595724432747	69.334476486862	8.74115372306673
-0.40686610169491527	-0.7627864406779661	0.39186267454461904	0.17266867616399467	74.57566205639448	74.65222715054122	7.322444299746424	69.28335017508256	68.77640775108172	8.68501218987995
-0.40686610169491527	-0.7119406779661017	0.39186267454461904	0.19411510091256737	74.57566205639448	74.65222715054122	7.322444299746424	68.64616495547712	68.25616644070746	8.6289464495372
-0.40686610169491527	-0.6610949152542372	0.39186267454461904	0.21822529273641061	74.57566205639448	74.65222715054122	7.322444299746424	68.06935883686558	67.78588877517058	8.576035549722794
-0.40686610169491527	-0.6102491525423729	0.39186267454461904	0.24533010655024695	74.57566205639448	74.65222715054122	7.322444299746424	67.56700758289482	67.3772359433326	8.528080504794652
-0.40686610169491527	-0.5594033898305085	0.39186267454461904	0.2758014913177542	74.57566205639448	74.65222715054122	7.322444299746424	67.15105936644295	67.0401736728573	8.487206756146119
-0.40686610169491527	-0.508557627118644	0.39186267454461904	0.3100575941645296	74.57566205639448	74.65222715054122	7.322444299746424	66.83115328681588	66.782791586662	8.455564902695253
-0.40686610169491527	-0.45771186440677963	0.39186267454461904	0.34856849845071003	74.57566205639448	74.65222715054122	7.322444299746424	66.61506317389163	66.6117306920868	8.433943540743929
-0.40686610169491527	-0.40686610169491527	0.39186267454461904	0.39186267454461904	74.57566205639448	74.65222715054122	7.322444299746424	66.5078198910839	66.53128251314173	8.423216442471455
-0.40686610169491527	-0.35602033898305085	0.39186267454461904	0.4405342318189317	74.57566205639448	74.65222715054122	7.322444299746424	66.51172095403663	66.54337556198517	8.42415124274103
-0.40686610169491527	-0.30517457627118644	0.39186267454461904	0.49525107138571994	74.57566205639448	74.65222715054122	7.322444299746424	66.6268811871474	66.64810919469436	8.436254335708846
-0.40686610169491527	-0.254328813559322	0.39186267454461904	0.5567640514472341	74.57566205639448	74.65222715054122	7.322444299746424	66.85044499147546	66.842959075582	8.459378708256825
-0.40686610169491527	-0.20348305084745763	0.39186267454461904	0.6259172910350144	74.57566205639448	74.65222715054122	7.322444299746424	67.17676355046147	67.12295801709027	8.493512669453796
-0.40686610169491527	-0.1526372881355932	0.39186267454461904	0.7036597535315913	74.57566205639448	74.65222715054122	7.322444299746424	67.59913612902055	67.48244929621265	8.53552232646239
-0.40686610169491527	-0.10179152542372881	0.39186267454461904	0.7910582689310004	74.57566205639448	74.65222715054122	7.322444299746424	68.10658147453545	67.91187362523081	8.585962244523817
-0.40686610169491527	-0.050945762711864406	0.39186267454461904	0.8893121735375996	74.57566205639448	74.65222715054122	7.322444299746424	68.68806997927591	68.40201390166884	8.64109509431539
-0.40686610169491527	-0.0001	0.39186267454461904	0.9997697679981565	74.57566205639448	74.65222715054122	7.322444299746424	69.32952594546836	68.94099849331813	8.699544811742031
-0.35602033898305085	-3.0	0.4405342318189317	0.001	74.57566205639448	74.65222715054122	7.322444299746424	74.79291686855484	74.75838428766835	7.398503135447905
-0.35602033898305085	-2.9491542372881354	0.4405342318189317	0.001124205647631211	74.57566205639448	74.65222715054122	7.322444299746424	74.81869982279112	74.77081975284855	7.407975219333682
-0.35602033898305085	-2.8983084745762713	0.4405342318189317	0.001263838338165909	74.57566205639448	74.65222715054122	7.322444299746424	74.84758027290067	74.78481107584864	7.418219025091724
-0.35602033898305085	-2.8474627118644067	0.4405342318189317	0.0014208141974589592	74.57566205639448	74.65222715054122	7.322444299746424	74.87961195752489	74.80025026661698	7.429838222397375
-0.35602033898305085	-2.7966169491525426	0.4405342318189317	0.0015972873450179669	74.57566205639448	74.65222715054122	7.322444299746424	74.91531957771507	74.81748721206877	7.442541650184195
-0.35602033898305085	-2.745771186440678	0.4405342318189317	0.0017956794541590607	74.57566205639448	74.65222715054122	7.322444299746424	74.95481062819758	74.83644210266074	7.4569191362312806
-0.35602033898305085	-2.6949254237288134	0.4405342318189317	0.0020187129837009464	74.57566205639448	74.65222715054122	7.322444299746424	74.99852962962579	74.85736005789533	7.472927807669492
-0.35602033898305085	-2.6440796610169492	0.4405342318189317	0.002269448537223054	74.57566205639448	74.65222715054122	7.322444299746424	75.0468902553393	74.8804443548128	7.490616346869954
-0.35602033898305085	-2.5932338983050847	0.4405342318189317	0.0025513268625545478	74.57566205639448	74.65222715054122	7.322444299746424	75.10015532892328	74.90573825166825	7.510357921082835
-0.35602033898305085	-2.5423881355932205	0.4405342318189317	0.002868216067837038	74.57566205639448	74.65222715054122	7.322444299746424	75.1585666207617	74.93325734739544	7.532564586882029
-0.35602033898305085	-2.491542372881356	0.4405342318189317	0.0032244647020889827	74.57566205639448	74.65222715054122	7.322444299746424	75.22279452759531	74.9634429910246	7.556771527905199
-0.35602033898305085	-2.4406966101694914	0.4405342318189317	0.003624961428675924	74.57566205639448	74.65222715054122	7.322444299746424	75.29307383601775	74.99630291610528	7.583329880120772
-0.35602033898305085	-2.389850847457627	0.4405342318189317	0.0040752021105627725	74.57566205639448	74.65222715054122	7.322444299746424	75.3695003106999	75.03171434614205	7.612775919557781
-0.35602033898305085	-2.3390050847457626	0.4405342318189317	0.004581365227933299	74.57566205639448	74.65222715054122	7.322444299746424	75.45211775733293	75.06951942888642	7.645603725333959
-0.35602033898305085	-2.2881593220338985	0.4405342318189317	0.00515039666310386	74.57566205639448	74.65222715054122	7.322444299746424	75.54127540994061	75.10989269628939	7.681488785205295
-0.35602033898305085	-2.237313559322034	0.4405342318189317	0.005790105016202303	74.57566205639448	74.65222715054122	7.322444299746424	75.63681520866342	75.15254131173013	7.720839209568941
-0.35602033898305085	-2.1864677966101693	0.4405342318189317	0.006509268759592433	74.57566205639448	74.65222715054122	7.322444299746424	75.73873211395413	75.19738005191132	7.763380516699128
-0.35602033898305085	-2.135622033898305	0.4405342318189317	0.007317756701483213	74.57566205639448	74.65222715054122	7.322444299746424	75.84612854744597	75.24350356611106	7.810144232509673
-0.35602033898305085	-2.0847762711864406	0.4405342318189317	0.00822666341179857	74.57566205639448	74.65222715054122	7.322444299746424	75.95870158187208	75.29069404564083	7.860368944860057
-0.35602033898305085	-2.0339305084745765	0.4405342318189317	0.009248461468704988	74.57566205639448	74.65222715054122	7.322444299746424	76.07502782856332	75.3377280090621	7.914796421655373
-0.35602033898305085	-1.9830847457627119	0.4405342318189317	0.010397172615017792	74.57566205639448	74.65222715054122	7.322444299746424	76.19381729653415	75.38365465928368	7.973014664650767
-0.35602033898305085	-1.9322389830508475	0.4405342318189317	0.011688560173199561	74.57566205639448	74.65222715054122	7.322444299746424	76.31301071810984	75.42691791962707	8.03511011290069
-0.35602033898305085	-1.8813932203389832	0.4405342318189317	0.013140345359388184	74.57566205639448	74.65222715054122	7.322444299746424	76.4301777021612	75.4657789892861	8.100719027938315
-0.35602033898305085	-1.8305474576271186	0.4405342318189317	0.014772450464848772	74.57566205639448	74.65222715054122	7.322444299746424	76.54198867391847	75.49780991507494	8.169937827525635
-0.35602033898305085	-1.7797016949152542	0.4405342318189317	0.016607272241935287	74.57566205639448	74.65222715054122	7.322444299746424	76.64497536424015	75.52067097695294	8.241689908631974
-0.35602033898305085	-1.7288559322033898	0.4405342318189317	0.01866998924613268	74.57566205639448	74.65222715054122	7.322444299746424	76.734167264779	75.53075617899957	8.316380128081429
-0.35602033898305085	-1.6780101694915255	0.4405342318189317	0.020988907351716324	74.57566205639448	74.65222715054122	7.322444299746424	76.8052748102763	75.52537378861	8.391515029717526
-0.35602033898305085	-1.6271644067796611	0.4405342318189317	0.023595848182407723	74.57566205639448	74.65222715054122	7.322444299746424	76.8513927484239	75.49943306770962	8.468380114408598
-0.35602033898305085	-1.5763186440677965	0.4405342318189317	0.026526585787311405	74.57566205639448	74.65222715054122	7.322444299746424	76.86682774498966	75.44923664945765	8.544569767502834
-0.35602033898305085	-1.5254728813559322	0.4405342318189317	0.02982133755446928	74.57566205639448	74.65222715054122	7.322444299746424	76.84501360605387	75.37034060265482	8.618480059156258
-0.35602033898305085	-1.4746271186440678	0.4405342318189317	0.03352531609865107	74.57566205639448	74.65222715054122	7.322444299746424	76.77865311704585	75.25761925381136	8.689487709149011
-0.35602033898305085	-1.4237813559322035	0.4405342318189317	0.03768934969672507	74.57566205639448	74.65222715054122	7.322444299746424	76.66125644686844	75.10670586182785	8.755493407229755
-0.35602033898305085	-1.372935593220339	0.4405342318189317	0.04237057978460597	74.57566205639448	74.65222715054122	7.322444299746424	76.48632849607857	74.91306556522969	8.815301901269907
-0.35602033898305085	-1.3220898305084745	0.4405342318189317	0.04763324508726285	74.57566205639448	74.65222715054122	7.322444299746424	76.248259349644	74.67275998564787	8.86771529486135
-0.35602033898305085	-1.2712440677966101	0.4405342318189317	0.0535495631421025	74.57566205639448	74.65222715054122	7.322444299746424	75.94353574482236	74.38353144863663	8.910053076059045
-0.35602033898305085	-1.2203983050847458	0.4405342318189317	0.060200721312535725	74.57566205639448	74.65222715054122	7.322444299746424	75.5693042864113	74.04324901056	8.941965381458413
-0.35602033898305085	-1.1695525423728814	0.4405342318189317	0.06767799089102523	74.57566205639448	74.65222715054122	7.322444299746424	75.12515952418524	73.6516008502494	8.962728141893582
-0.35602033898305085	-1.118706779661017	0.4405342318189317	0.07608397958002418	74.57566205639448	74.65222715054122	7.322444299746424	74.61345364588267	73.21034310270348	8.971333825070118
-0.35602033898305085	-1.0678610169491525	0.4405342318189317	0.08553403953812092	74.57566205639448	74.65222715054122	7.322444299746424	74.0390536063793	72.72303914063576	8.967439023434821
-0.35602033898305085	-1.0170152542372881	0.4405342318189317	0.09615785031346677	74.57566205639448	74.65222715054122	7.322444299746424	73.4091942242008	72.19494321065409	8.951817509839174
-0.35602033898305085	-0.9661694915254238	0.4405342318189317	0.10810119838647589	74.57566205639448	74.65222715054122	7.322444299746424	72.73387980895036	71.63348097490604	8.925369813108968
-0.35602033898305085	-0.9153237288135593	0.4405342318189317	0.1215279777417781	74.57566205639448	74.65222715054122	7.322444299746424	72.02633042749017	71.04881606169948	8.887682746313915
-0.35602033898305085	-0.8644779661016949	0.4405342318189317	0.13662243892250697	74.57566205639448	74.65222715054122	7.322444299746424	71.29989643871991	70.45091436037102	8.842343741064887
-0.35602033898305085	-0.8136322033898306	0.4405342318189317	0.15359171742983244	74.57566205639448	74.65222715054122	7.322444299746424	70.57077701913047	69.8524284206177	8.790379118193218
-0.35602033898305085	-0.7627864406779661	0.4405342318189317	0.17266867616399467	74.57566205639448	74.65222715054122	7.322444299746424	69.85540751094277	69.26624810303024	8.734192347108452
-0.35602033898305085	-0.7119406779661017	0.4405342318189317	0.19411510091256737	74.57566205639448	74.65222715054122	7.322444299746424	69.1700751554114	68.70526437344611	8.676975523750126
-0.35602033898305085	-0.6610949152542372	0.4405342318189317	0.21822529273641061	74.57566205639448	74.65222715054122	7.322444299746424	68.53155990280933	68.18313066595981	8.62009359727625
-0.35602033898305085	-0.6102491525423729	0.4405342318189317	0.24533010655024695	74.57566205639448	74.65222715054122	7.322444299746424	67.9548840136983	67.71209959242526	8.566364895567833
-0.35602033898305085	-0.5594033898305085	0.4405342318189317	0.2758014913177542	74.57566205639448	74.65222715054122	7.322444299746424	67.45397093116152	67.3037342673565	8.517686430311803
-0.35602033898305085	-0.508557627118644	0.4405342318189317	0.3100575941645296	74.57566205639448	74.65222715054122	7.322444299746424	67.03996480082401	66.96724953869926	8.4775365457645
-0.35602033898305085	-0.45771186440677963	0.4405342318189317	0.34856849845071003	74.57566205639448	74.65222715054122	7.322444299746424	66.72364234231976	66.7119210527837	8.445491590531175
-0.35602033898305085	-0.40686610169491527	0.4405342318189317	0.39186267454461904	74.57566205639448	74.65222715054122	7.322444299746424	66.51174507397265	66.54339967205566	8.424103399515042
-0.35602033898305085	-0.35602033898305085	0.4405342318189317	0.4405342318189317	74.57566205639448	74.65222715054122	7.322444299746424	66.40929562435878	66.46600322939636	8.413964893480978
-0.35602033898305085	-0.30517457627118644	0.4405342318189317	0.49525107138571994	74.57566205639448	74.65222715054122	7.322444299746424	66.41887423502124	66.48196990212266	8.414993977452607
-0.35602033898305085	-0.254328813559322	0.4405342318189317	0.5567640514472341	74.57566205639448	74.65222715054122	7.322444299746424	66.53977283302622	66.59059631296005	8.428074718661625
-0.35602033898305085	-0.20348305084745763	0.4405342318189317	0.6259172910350144	74.57566205639448	74.65222715054122	7.322444299746424	66.76960180266809	66.78983863948197	8.451883541883603
-0.35602033898305085	-0.1526372881355932	0.4405342318189317	0.7036597535315913	74.57566205639448	74.65222715054122	7.322444299746424	67.10249805253281	67.07452614299447	8.486602779888617
-0.35602033898305085	-0.10179152542372881	0.4405342318189317	0.7910582689310004	74.57566205639448	74.65222715054122	7.322444299746424	67.531152242619	67.43840169674935	8.53010328284967
-0.35602033898305085	-0.050945762711864406	0.4405342318189317	0.8893121735375996	74.57566205639448	74.65222715054122	7.322444299746424	68.04561329684852	67.87294406367445	8.580667436072797
-0.35602033898305085	-0.0001	0.4405342318189317	0.9997697679981565	74.57566205639448	74.65222715054122	7.322444299746424	68.63356470576736	68.3676573446778	8.636935557135923
-0.30517457627118644	-3.0	0.49525107138571994	0.001	74.57566205639448	74.65222715054122	7.322444299746424	74.7727847235105	74.74962117295674	7.391710530967105
-0.30517457627118644	-2.9491542372881354	0.49525107138571994	0.001124205647631211	74.57566205639448	74.65222715054122	7.322444299746424	74.79647645922061	74.7612922215824	7.399953867280492
-0.30517457627118644	-2.8983084745762713	0.49525107138571994	0.001263838338165909	74.57566205639448	74.65222715054122	7.322444299746424	74.8228068313017	74.7742034416362	7.409326646099207
-0.30517457627118644	-2.8474627118644067	0.49525107138571994	0.0014208141974589592	74.57566205639448	74.65222715054122	7.322444299746424	74.85209167193277	74.78852108208747	7.419864496780963
-0.30517457627118644	-2.7966169491525426	0.49525107138571994	0.0015972873450179669	74.57566205639448	74.65222715054122	7.322444299746424	74.88480198082367	74.80455399256051	7.431343308956866
-0.30517457627118644	-2.745771186440678	0.49525107138571994	0.0017956794541590607	74.57566205639448	74.65222715054122	7.322444299746424	74.9209411827576	74.82213075620271	7.444525174106689
-0.30517457627118644	-2.6949254237288134	0.49525107138571994	0.0020187129837009464	74.57566205639448	74.65222715054122	7.322444299746424	74.96106985805159	74.84162470618473	7.459101253366373
-0.30517457627118644	-2.6440796610169492	0.49525107138571994	0.002269448537223054	74.57566205639448	74.65222715054122	7.322444299746424	75.00533492595534	74.86298356126836	7.475631716784142
-0.30517457627118644	-2.5932338983050847	0.49525107138571994	0.0025513268625545478	74.57566205639448	74.65222715054122	7.322444299746424	75.05457236874163	74.886833511604	7.49332956737978
-0.30517457627118644	-2.5423881355932205	0.49525107138571994	0.002868216067837038	74.57566205639448	74.65222715054122	7.322444299746424	75.10853816455625	74.91271181127291	7.513585618157522
-0.30517457627118644	-2.491542372881356	0.49525107138571994	0.0032244647020889827	74.57566205639448	74.65222715054122	7.322444299746424	75.16799406737788	74.94115545115699	7.535776410297154
-0.30517457627118644	-2.4406966101694914	0.49525107138571994	0.003624961428675924	74.57566205639448	74.65222715054122	7.322444299746424	75.23310501464361	74.97210222153471	7.560448758663642
-0.30517457627118644	-2.389850847457627	0.49525107138571994	0.0040752021105627725	74.57566205639448	74.65222715054122	7.322444299746424	75.30428171190069	75.00573847084637	7.587598658690187
-0.30517457627118644	-2.3390050847457626	0.49525107138571994	0.004581365227933299	74.57566205639448	74.65222715054122	7.322444299746424	75.38160913212705	75.04193425363904	7.61777691792719
-0.30517457627118644	-2.2881593220338985	0.49525107138571994	0.00515039666310386	74.57566205639448	74.65222715054122	7.322444299746424	75.46543644378391	75.08084165366029	7.650849584974746
-0.30517457627118644	-2.237313559322034	0.49525107138571994	0.005790105016202303	74.57566205639448	74.65222715054122	7.322444299746424	75.55578174297086	75.12231010126338	7.687134150376928
-0.30517457627118644	-2.1864677966101693	0.49525107138571994	0.006509268759592433	74.57566205639448	74.65222715054122	7.322444299746424	75.65256640909175	75.16613354701364	7.726845368799267
-0.30517457627118644	-2.135622033898305	0.49525107138571994	0.007317756701483213	74.57566205639448	74.65222715054122	7.322444299746424	75.75548761823036	75.21193811769159	7.770261348224323
-0.30517457627118644	-2.0847762711864406	0.49525107138571994	0.00822666341179857	74.57566205639448	74.65222715054122	7.322444299746424	75.86412511869777	75.2593071056575	7.817397894970542
-0.30517457627118644	-2.0339305084745765	0.49525107138571994	0.009248461468704988	74.57566205639448	74.65222715054122	7.322444299746424	75.97767632531303	75.30753609603741	7.8684197232832584
-0.30517457627118644	-1.9830847457627119	0.49525107138571994	0.010397172615017792	74.57566205639448	74.65222715054122	7.322444299746424	76.09484233769557	75.35554173365846	7.923725436859348
-0.30517457627118644	-1.9322389830508475	0.49525107138571994	0.011688560173199561	74.57566205639448	74.65222715054122	7.322444299746424	76.21456826197264	75.40262588221941	7.9823211266947265
-0.30517457627118644	-1.8813932203389832	0.49525107138571994	0.013140345359388184	74.57566205639448	74.65222715054122	7.322444299746424	76.33444368245716	75.4469013957338	8.044860486054233
-0.30517457627118644	-1.8305474576271186	0.49525107138571994	0.014772450464848772	74.57566205639448	74.65222715054122	7.322444299746424	76.4516945776185	75.48630758354611	8.111512261439175
-0.30517457627118644	-1.7797016949152542	0.49525107138571994	0.016607272241935287	74.57566205639448	74.65222715054122	7.322444299746424	76.56362174506182	75.51907014545199	8.18093533742685
-0.30517457627118644	-1.7288559322033898	0.49525107138571994	0.01866998924613268	74.57566205639448	74.65222715054122	7.322444299746424	76.66584391555602	75.54196010121076	8.253691872691682
-0.30517457627118644	-1.6780101694915255	0.49525107138571994	0.020988907351716324	74.57566205639448	74.65222715054122	7.322444299746424	76.75421229331224	75.55221616464814	8.328334480275007
-0.30517457627118644	-1.6271644067796611	0.49525107138571994	0.023595848182407723	74.57566205639448	74.65222715054122	7.322444299746424	76.82317431485434	75.54590471373767	8.404689937030788
-0.30517457627118644	-1.5763186440677965	0.49525107138571994	0.026526585787311405	74.57566205639448	74.65222715054122	7.322444299746424	76.8671080717695	75.51923540174514	8.481272762810395
-0.30517457627118644	-1.5254728813559322	0.49525107138571994	0.02982133755446928	74.57566205639448	74.65222715054122	7.322444299746424	76.87943145718855	75.46763324172021	8.55727253595112
-0.30517457627118644	-1.4746271186440678	0.49525107138571994	0.03352531609865107	74.57566205639448	74.65222715054122	7.322444299746424	76.85338288279245	75.38646155587118	8.631325233264443
-0.30517457627118644	-1.4237813559322035	0.49525107138571994	0.03768934969672507	74.57566205639448	74.65222715054122	7.322444299746424	76.78207371442328	75.27099556999862	8.701892304050133
-0.30517457627118644	-1.372935593220339	0.49525107138571994	0.04237057978460597	74.57566205639448	74.65222715054122	7.322444299746424	76.65876194129264	75.11659653100784	8.767344499355017
-0.30517457627118644	-1.3220898305084745	0.49525107138571994	0.04763324508726285	74.57566205639448	74.65222715054122	7.322444299746424	76.47720666499038	74.91895023647517	8.826030725148975
-0.30517457627118644	-1.2712440677966101	0.49525107138571994	0.0535495631421025	74.57566205639448	74.65222715054122	7.322444299746424	76.23122266297091	74.67349556212736	8.878050849809332
-0.30517457627118644	-1.2203983050847458	0.49525107138571994	0.060200721312535725	74.57566205639448	74.65222715054122	7.322444299746424	75.91821568976508	74.3788335715334	8.919132401092547
-0.30517457627118644	-1.1695525423728814	0.49525107138571994	0.06767799089102523	74.57566205639448	74.65222715054122	7.322444299746424	75.53494594976559	74.03237549599588	8.950046073855441
-0.30517457627118644	-1.118706779661017	0.49525107138571994	0.07608397958002418	74.57566205639448	74.65222715054122	7.322444299746424	75.08178269846674	73.63450588759089	8.968956971903834
-0.30517457627118644	-1.0678610169491525	0.49525107138571994	0.08553403953812092	74.57566205639448	74.65222715054122	7.322444299746424	74.5608845992618	73.18670607139991	8.97575276002432
-0.30517457627118644	-1.0170152542372881	0.49525107138571994	0.09615785031346677	74.57566205639448	74.65222715054122	7.322444299746424	73.97721113966723	72.69255338810386	8.970458925041958
-0.30517457627118644	-0.9661694915254238	0.49525107138571994	0.10810119838647589	74.57566205639448	74.65222715054122	7.322444299746424	73.33872571858925	72.15796034412085	8.952958604340468
-0.30517457627118644	-0.9153237288135593	0.49525107138571994	0.1215279777417781	74.57566205639448	74.65222715054122	7.322444299746424	72.65599987947665	71.59086241905173	8.92355827421855
-0.30517457627118644	-0.8644779661016949	0.49525107138571994	0.13662243892250697	74.57566205639448	74.65222715054122	7.322444299746424	71.94070904391222	70.99983794719545	8.88542298837632
-0.30517457627118644	-0.8136322033898306	0.49525107138571994	0.15359171742983244	74.57566205639448	74.65222715054122	7.322444299746424	71.20865429681785	70.39728226886653	8.837638697184522
-0.30517457627118644	-0.7627864406779661	0.49525107138571994	0.17266867616399467	74.57566205639448	74.65222715054122	7.322444299746424	70.47443426832928	69.79424484287135	8.784730816133761
-0.30517457627118644	-0.7119406779661017	0.49525107138571994	0.19411510091256737	74.57566205639448	74.65222715054122	7.322444299746424	69.75515726817798	69.2043040376385	8.727936428730422
-0.30517457627118644	-0.6610949152542372	0.49525107138571994	0.21822529273641061	74.57566205639448	74.65222715054122	7.322444299746424	69.06764160848076	68.64091211669064	8.66945147090693
-0.30517457627118644	-0.6102491525423729	0.49525107138571994	0.24533010655024695	74.57566205639448	74.65222715054122	7.322444299746424	68.42798946798064	68.11708561851462	8.611959035645716
-0.30517457627118644	-0.5594033898305085	0.49525107138571994	0.2758014913177542	74.57566205639448	74.65222715054122	7.322444299746424	67.85146005397851	67.64536148341459	8.557675944923847
-0.30517457627118644	-0.508557627118644	0.49525107138571994	0.3100575941645296	74.57566205639448	74.65222715054122	7.322444299746424	67.3516671848812	67.23704270840439	8.508920892756226
-0.30517457627118644	-0.45771186440677963	0.49525107138571994	0.34856849845071003	74.57566205639448	74.65222715054122	7.322444299746424	66.94015496779743	66.90179185296383	8.46813048108101
-0.30517457627118644	-0.40686610169491527	0.49525107138571994	0.39186267454461904	74.57566205639448	74.65222715054122	7.322444299746424	66.62683965036628	66.64806765960954	8.436336959810072
-0.30517457627118644	-0.35602033898305085	0.49525107138571994	0.4405342318189317	74.57566205639448	74.65222715054122	7.322444299746424	66.41875997114995	66.48185562730498	8.415223957400945
-0.30517457627118644	-0.30517457627118644	0.49525107138571994	0.49525107138571994	74.57566205639448	74.65222715054122	7.322444299746424	66.32088866332471	66.40745415617128	8.405212545745623
-0.30517457627118644	-0.254328813559322	0.49525107138571994	0.5567640514472341	74.57566205639448	74.65222715054122	7.322444299746424	66.33485892649388	66.42617803222672	8.407862033445284
-0.30517457627118644	-0.20348305084745763	0.49525107138571994	0.6259172910350144	74.57566205639448	74.65222715054122	7.322444299746424	66.4612655533373	66.53864417670823	8.421211155578092
-0.30517457627118644	-0.1526372881355932	0.49525107138571994	0.7036597535315913	74.57566205639448	74.65222715054122	7.322444299746424	66.69695097089952	66.74205339538281	8.445252428925505
-0.30517457627118644	-0.10179152542372881	0.49525107138571994	0.7910582689310004	74.57566205639448	74.65222715054122	7.322444299746424	67.03600344701952	67.03119520204598	8.480060889289181
-0.30517457627118644	-0.050945762711864406	0.49525107138571994	0.8893121735375996	74.57566205639448	74.65222715054122	7.322444299746424	67.47034530809427	67.39905123457343	8.524849442574299
-0.30517457627118644	-0.0001	0.49525107138571994	0.9997697679981565	74.57566205639448	74.65222715054122	7.322444299746424	67.99070520636344	67.83778635020424	8.576361028501346
-0.254328813559322	-3.0	0.5567640514472341	0.001	74.57566205639448	74.65222715054122	7.322444299746424	74.75440758303334	74.74153081836032	7.384940137371571
-0.254328813559322	-2.9491542372881354	0.5567640514472341	0.001124205647631211	74.57566205639448	74.65222715054122	7.322444299746424	74.77589741210762	74.75220778043291	7.392540884965374
-0.254328813559322	-2.8983084745762713	0.5567640514472341	0.001263838338165909	74.57566205639448	74.65222715054122	7.322444299746424	74.79974871476198	74.76397988919273	7.401290816686671
-0.254328813559322	-2.8474627118644067	0.5567640514472341	0.0014208141974589592	74.57566205639448	74.65222715054122	7.322444299746424	74.82660510877481	74.77735309136871	7.410526570625295
-0.254328813559322	-2.7966169491525426	0.5567640514472341	0.0015972873450179669	74.57566205639448	74.65222715054122	7.322444299746424	74.85618963717909	74.79190062063724	7.421477969516883
-0.254328813559322	-2.745771186440678	0.5567640514472341	0.0017956794541590607	74.57566205639448	74.65222715054122	7.322444299746424	74.88946150332475	74.80841934485296	7.432952660786975
-0.254328813559322	-2.6949254237288134	0.5567640514472341	0.0020187129837009464	74.57566205639448	74.65222715054122	7.322444299746424	74.92606547685995	74.82637903927284	7.446436337163081
-0.254328813559322	-2.6440796610169492	0.5567640514472341	0.002269448537223054	74.57566205639448	74.65222715054122	7.322444299746424	74.96674186862204	74.84633291847159	7.4612704136237005
-0.254328813559322	-2.5932338983050847	0.5567640514472341	0.0025513268625545478	74.57566205639448	74.65222715054122	7.322444299746424	75.01181833046647	74.86840972607904	7.477660461188218
-0.254328813559322	-2.5423881355932205	0.5567640514472341	0.002868216067837038	74.57566205639448	74.65222715054122	7.322444299746424	75.06143476474519	74.89254000215888	7.496217978650869
-0.254328813559322	-2.491542372881356	0.5567640514472341	0.0032244647020889827	74.57566205639448	74.65222715054122	7.322444299746424	75.11639180765013	74.91930663946815	7.5162493501201
-0.254328813559322	-2.4406966101694914	0.5567640514472341	0.003624961428675924	74.57566205639448	74.65222715054122	7.322444299746424	75.17656052420598	74.94835713738286	7.538916115029511
-0.254328813559322	-2.389850847457627	0.5567640514472341	0.0040752021105627725	74.57566205639448	74.65222715054122	7.322444299746424	75.24250299709658	74.9800283188748	7.563971101158155
-0.254328813559322	-2.3390050847457626	0.5567640514472341	0.004581365227933299	74.57566205639448	74.65222715054122	7.322444299746424	75.31451707510432	75.01439621323968	7.591633550815302
-0.254328813559322	-2.2881593220338985	0.5567640514472341	0.00515039666310386	74.57566205639448	74.65222715054122	7.322444299746424	75.39291879693928	75.05156525255589	7.621982263028858
-0.254328813559322	-2.237313559322034	0.5567640514472341	0.005790105016202303	74.57566205639448	74.65222715054122	7.322444299746424	75.47762954240977	75.09126405529794	7.655727291168213
-0.254328813559322	-2.1864677966101693	0.5567640514472341	0.006509268759592433	74.57566205639448	74.65222715054122	7.322444299746424	75.56914559801885	75.13382567559084	7.6922067963269924
-0.254328813559322	-2.135622033898305	0.5567640514472341	0.007317756701483213	74.57566205639448	74.65222715054122	7.322444299746424	75.66685177932763	75.17851451832891	7.732678116657647
-0.254328813559322	-2.0847762711864406	0.5567640514472341	0.00822666341179857	74.57566205639448	74.65222715054122	7.322444299746424	75.77085893769627	75.22537876654606	7.7765505050772346
-0.254328813559322	-2.0339305084745765	0.5567640514472341	0.009248461468704988	74.57566205639448	74.65222715054122	7.322444299746424	75.88047744172569	75.27374252832011	7.824325383782188
-0.254328813559322	-1.9830847457627119	0.5567640514472341	0.010397172615017792	74.57566205639448	74.65222715054122	7.322444299746424	75.99506526798156	75.32307405377637	7.875775280678146
-0.254328813559322	-1.9322389830508475	0.5567640514472341	0.011688560173199561	74.57566205639448	74.65222715054122	7.322444299746424	76.11330758576784	75.37228822820299	7.931244428082512
-0.254328813559322	-1.8813932203389832	0.5567640514472341	0.013140345359388184	74.57566205639448	74.65222715054122	7.322444299746424	76.23354756750993	75.42010123837528	7.9908389854723145
-0.254328813559322	-1.8305474576271186	0.5567640514472341	0.014772450464848772	74.57566205639448	74.65222715054122	7.322444299746424	76.35379267929763	75.46506197797423	8.054255376951154
-0.254328813559322	-1.7797016949152542	0.5567640514472341	0.016607272241935287	74.57566205639448	74.65222715054122	7.322444299746424	76.47148160168258	75.50534216175528	8.12108969634244
-0.254328813559322	-1.7288559322033898	0.5567640514472341	0.01866998924613268	74.57566205639448	74.65222715054122	7.322444299746424	76.58316965816276	75.53844298595914	8.19133862123427
-0.254328813559322	-1.6780101694915255	0.5567640514472341	0.020988907351716324	74.57566205639448	74.65222715054122	7.322444299746424	76.68479580821554	75.5614769741661	8.264742172521819
-0.254328813559322	-1.6271644067796611	0.5567640514472341	0.023595848182407723	74.57566205639448	74.65222715054122	7.322444299746424	76.77234045148191	75.57183267641314	8.339412050036987
-0.254328813559322	-1.5763186440677965	0.5567640514472341	0.026526585787311405	74.57566205639448	74.65222715054122	7.322444299746424	76.83966963340293	75.56501363445821	8.416146964490366
-0.254328813559322	-1.5254728813559322	0.5567640514472341	0.02982133755446928	74.57566205639448	74.65222715054122	7.322444299746424	76.88134404129968	75.53742687396912	8.492918563793316
-0.254328813559322	-1.4746271186440678	0.5567640514472341	0.03352531609865107	74.57566205639448	74.65222715054122	7.322444299746424	76.89070448029447	75.48442946257487	8.56889849491653
-0.254328813559322	-1.4237813559322035	0.5567640514472341	0.03768934969672507	74.57566205639448	74.65222715054122	7.322444299746424	76.86071494522496	75.40111181827449	8.643145077218525
-0.254328813559322	-1.372935593220339	0.5567640514472341	0.04237057978460597	74.57566205639448	74.65222715054122	7.322444299746424	76.78491264094043	75.28316681531415	8.713180621896575
-0.254328813559322	-1.3220898305084745	0.5567640514472341	0.04763324508726285	74.57566205639448	74.65222715054122	7.322444299746424	76.65611468066928	75.1254955139052	8.778238152439242
-0.254328813559322	-1.2712440677966101	0.5567640514472341	0.0535495631421025	74.57566205639448	74.65222715054122	7.322444299746424	76.4679625012848	74.92363412879466	8.836953728587629
-0.254328813559322	-1.2203983050847458	0.5567640514472341	0.060200721312535725	74.57566205639448	74.65222715054122	7.322444299746424	76.21563809742489	74.67434481373611	8.886835048278368
-0.254328813559322	-1.1695525423728814	0.5567640514472341	0.06767799089102523	74.57566205639448	74.65222715054122	7.322444299746424	75.89479906659079	74.37442486766896	8.927337833123977
-0.254328813559322	-1.118706779661017	0.5567640514472341	0.07608397958002418	74.57566205639448	74.65222715054122	7.322444299746424	75.50374429851068	74.02275887237587	8.956479313671549
-0.254328813559322	-1.0678610169491525	0.5567640514472341	0.08553403953812092	74.57566205639448	74.65222715054122	7.322444299746424	75.04199120950399	73.61880827855991	8.974531548410823
-0.254328813559322	-1.0170152542372881	0.5567640514472341	0.09615785031346677	74.57566205639448	74.65222715054122	7.322444299746424	74.51261871042892	73.16490140355866	8.980009697433768
-0.254328813559322	-0.9661694915254238	0.5567640514472341	0.10810119838647589	74.57566205639448	74.65222715054122	7.322444299746424	73.92093743885881	72.66489655233116	8.972735976127616
-0.254328813559322	-0.9153237288135593	0.5567640514472341	0.1215279777417781	74.57566205639448	74.65222715054122	7.322444299746424	73.27458138952106	72.12431446312125	8.953766797135419
-0.254328813559322	-0.8644779661016949	0.5567640514472341	0.13662243892250697	74.57566205639448	74.65222715054122	7.322444299746424	72.58444077286643	71.55135914964801	8.923258565504936
-0.254328813559322	-0.8136322033898306	0.5567640514472341	0.15359171742983244	74.57566205639448	74.65222715054122	7.322444299746424	71.86303229240123	70.95541560927713	8.883125061031356
-0.254328813559322	-0.7627864406779661	0.5567640514472341	0.17266867616399467	74.57566205639448	74.65222715054122	7.322444299746424	71.12530541764652	70.34801004558183	8.834511051954898
-0.254328813559322	-0.7119406779661017	0.5567640514472341	0.19411510091256737	74.57566205639448	74.65222715054122	7.322444299746424	70.38684009149296	69.74117330993839	8.780236933101738
-0.254328813559322	-0.6610949152542372	0.5567640514472341	0.21822529273641061	74.57566205639448	74.65222715054122	7.322444299746424	69.66457289720705	69.1483278129791	8.722036908229711
-0.254328813559322	-0.6102491525423729	0.5567640514472341	0.24533010655024695	74.57566205639448	74.65222715054122	7.322444299746424	68.97510984246351	68.58274215378023	8.662578621443664
-0.254328813559322	-0.5594033898305085	0.5567640514472341	0.2758014913177542	74.57566205639448	74.65222715054122	7.322444299746424	68.33462831530574	68.05754629882426	8.604352752848575
-0.254328813559322	-0.508557627118644	0.5567640514472341	0.3100575941645296	74.57566205639448	74.65222715054122	7.322444299746424	67.75826556241117	67.58519845691957	8.54969453821571
-0.254328813559322	-0.45771186440677963	0.5567640514472341	0.34856849845071003	74.57566205639448	74.65222715054122	7.322444299746424	67.25960877743913	67.17701983674682	8.500793647541995
-0.254328813559322	-0.40686610169491527	0.5567640514472341	0.39186267454461904	74.57566205639448	74.65222715054122	7.322444299746424	66.85022140659092	66.84273549804212	8.459825993572114
-0.254328813559322	-0.35602033898305085	0.5567640514472341	0.4405342318189317	74.57566205639448	74.65222715054122	7.322444299746424	66.53971452435286	66.5905379470253	8.428192366913713
-0.254328813559322	-0.30517457627118644	0.5567640514472341	0.49525107138571994	74.57566205639448	74.65222715054122	7.322444299746424	66.33521811461671	66.42653720763393	8.40714300643283
-0.254328813559322	-0.254328813559322	0.5567640514472341	0.5567640514472341	74.57566205639448	74.65222715054122	7.322444299746424	66.24085228382334	66.35420597672163	8.398567736500821
-0.254328813559322	-0.20348305084745763	0.5567640514472341	0.6259172910350144	74.57566205639448	74.65222715054122	7.322444299746424	66.26026226824457	66.37689160757009	8.399768339470223
-0.254328813559322	-0.1526372881355932	0.5567640514472341	0.7036597535315913	74.57566205639448	74.65222715054122	7.322444299746424	66.39135991083752	66.49254347538829	8.413939228582262
-0.254328813559322	-0.10179152542372881	0.5567640514472341	0.7910582689310004	74.57566205639448	74.65222715054122	7.322444299746424	66.63164048672178	66.69902580867178	8.439569526239046
-0.254328813559322	-0.050945762711864406	0.5567640514472341	0.8893121735375996	74.57566205639448	74.65222715054122	7.322444299746424	66.97588603607343	66.99182957229013	8.475166575439642
-0.254328813559322	-0.0001	0.5567640514472341	0.9997697679981565	74.57566205639448	74.65222715054122	7.322444299746424	67.4159709002175	67.36389437994787	8.519866643452273
-0.20348305084745763	-3.0	0.6259172910350144	0.001	74.57566205639448	74.65222715054122	7.322444299746424	74.73733464438196	74.73374988014864	7.378977339434225
-0.20348305084745763	-2.9491542372881354	0.6259172910350144	0.001124205647631211	74.57566205639448	74.65222715054122	7.322444299746424	74.75675161866114	74.74345106475036	7.386038297005496
-0.20348305084745763	-2.8983084745762713	0.6259172910350144	0.001263838338165909	74.57566205639448	74.65222715054122	7.322444299746424	74.77860176480944	74.75444066223653	7.393600558971602
-0.20348305084745763	-2.8474627118644067	0.6259172910350144	0.0014208141974589592	74.57566205639448	74.65222715054122	7.322444299746424	74.80293073666967	74.76663814288015	7.402151763084896
-0.20348305084745763	-2.7966169491525426	0.6259172910350144	0.0015972873450179669	74.57566205639448	74.65222715054122	7.322444299746424	74.82995574912835	74.78012275858586	7.411888762357016
-0.20348305084745763	-2.745771186440678	0.6259172910350144	0.0017956794541590607	74.57566205639448	74.65222715054122	7.322444299746424	74.86001375250162	74.79508146057594	7.422821070088197
-0.20348305084745763	-2.6949254237288134	0.6259172910350144	0.0020187129837009464	74.57566205639448	74.65222715054122	7.322444299746424	74.89361777125455	74.81186470473216	7.434655475104344
-0.20348305084745763	-2.6440796610169492	0.6259172910350144	0.002269448537223054	74.57566205639448	74.65222715054122	7.322444299746424	74.93071338196079	74.83024321851286	7.448284539821107
-0.20348305084745763	-2.5932338983050847	0.6259172910350144	0.0025513268625545478	74.57566205639448	74.65222715054122	7.322444299746424	74.9719272604764	74.85065642355507	7.463282059863001
-0.20348305084745763	-2.5423881355932205	0.6259172910350144	0.002868216067837038	74.57566205639448	74.65222715054122	7.322444299746424	75.017573481211	74.87322000691996	7.479889823470572
-0.20348305084745763	-2.491542372881356	0.6259172910350144	0.0032244647020889827	74.57566205639448	74.65222715054122	7.322444299746424	75.0680116312967	74.89808456647883	7.498284167917878
-0.20348305084745763	-2.4406966101694914	0.6259172910350144	0.003624961428675924	74.57566205639448	74.65222715054122	7.322444299746424	75.12346745466861	74.925258937208	7.518925833480722
-0.20348305084745763	-2.389850847457627	0.6259172910350144	0.0040752021105627725	74.57566205639448	74.65222715054122	7.322444299746424	75.18439764182337	74.95497751501476	7.541809087199308
-0.20348305084745763	-2.3390050847457626	0.6259172910350144	0.004581365227933299	74.57566205639448	74.65222715054122	7.322444299746424	75.25111182554869	74.98732635329617	7.567190186147326
-0.20348305084745763	-2.2881593220338985	0.6259172910350144	0.00515039666310386	74.57566205639448	74.65222715054122	7.322444299746424	75.32388868779692	75.02236471279106	7.5953254416504175
-0.20348305084745763	-2.237313559322034	0.6259172910350144	0.005790105016202303	74.57566205639448	74.65222715054122	7.322444299746424	75.40317660375493	75.06033238301181	7.626019379201909
-0.20348305084745763	-2.1864677966101693	0.6259172910350144	0.006509268759592433	74.57566205639448	74.65222715054122	7.322444299746424	75.48905223891468	75.10111728119264	7.659660096810241
-0.20348305084745763	-2.135622033898305	0.6259172910350144	0.007317756701483213	74.57566205639448	74.65222715054122	7.322444299746424	75.58119538408631	75.14424116478308	7.69719815814983
-0.20348305084745763	-2.0847762711864406	0.6259172910350144	0.00822666341179857	74.57566205639448	74.65222715054122	7.322444299746424	75.68002216854991	75.19000584821117	7.73780013312974
-0.20348305084745763	-2.0339305084745765	0.6259172910350144	0.009248461468704988	74.57566205639448	74.65222715054122	7.322444299746424	75.78498038244852	75.23780442978989	7.782161396734959
-0.20348305084745763	-1.9830847457627119	0.6259172910350144	0.010397172615017792	74.57566205639448	74.65222715054122	7.322444299746424	75.89551508180556	75.28710492635389	7.830464986851172
-0.20348305084745763	-1.9322389830508475	0.6259172910350144	0.011688560173199561	74.57566205639448	74.65222715054122	7.322444299746424	76.0109240558078	75.33732658444941	7.882538753169792
-0.20348305084745763	-1.8813932203389832	0.6259172910350144	0.013140345359388184	74.57566205639448	74.65222715054122	7.322444299746424	76.13000797894664	75.38751256915145	7.938418552268616
-0.20348305084745763	-1.8305474576271186	0.6259172910350144	0.014772450464848772	74.57566205639448	74.65222715054122	7.322444299746424	76.25072688893776	75.43601084188656	7.9988791883124435
-0.20348305084745763	-1.7797016949152542	0.6259172910350144	0.016607272241935287	74.57566205639448	74.65222715054122	7.322444299746424	76.37154735079268	75.48184561706776	8.062584342846902
-0.20348305084745763	-1.7288559322033898	0.6259172910350144	0.01866998924613268	74.57566205639448	74.65222715054122	7.322444299746424	76.48946156700858	75.52276030692457	8.129899251636258
-0.20348305084745763	-1.6780101694915255	0.6259172910350144	0.020988907351716324	74.57566205639448	74.65222715054122	7.322444299746424	76.60086424932832	75.55611408628015	8.200988569270953
-0.20348305084745763	-1.6271644067796611	0.6259172910350144	0.023595848182407723	74.57566205639448	74.65222715054122	7.322444299746424	76.7023627878688	75.57970726514614	8.27409868442695
-0.20348305084745763	-1.5763186440677965	0.6259172910350144	0.026526585787311405	74.57566205639448	74.65222715054122	7.322444299746424	76.78868366649147	75.58969264628274	8.349679746440954
-0.20348305084745763	-1.5254728813559322	0.6259172910350144	0.02982133755446928	74.57566205639448	74.65222715054122	7.322444299746424	76.85461650743238	75.58251377738333	8.426514185561441
-0.20348305084745763	-1.4746271186440678	0.6259172910350144	0.03352531609865107	74.57566205639448	74.65222715054122	7.322444299746424	76.8942635069119	75.55413201722844	8.503321477718467
-0.20348305084745763	-1.4237813559322035	0.6259172910350144	0.03768934969672507	74.57566205639448	74.65222715054122	7.322444299746424	76.90070054827139	75.49964700509422	8.579664157222377
-0.20348305084745763	-1.372935593220339	0.6259172910350144	0.04237057978460597	74.57566205639448	74.65222715054122	7.322444299746424	76.86724135930577	75.41449932881515	8.653778772005916
-0.20348305084745763	-1.3220898305084745	0.6259172910350144	0.04763324508726285	74.57566205639448	74.65222715054122	7.322444299746424	76.78727396618098	75.29422439445774	8.723415369785057
-0.20348305084745763	-1.2712440677966101	0.6259172910350144	0.0535495631421025	74.57566205639448	74.65222715054122	7.322444299746424	76.65342075469816	75.13350981085175	8.788181033612295
-0.20348305084745763	-1.2203983050847458	0.6259172910350144	0.060200721312535725	74.57566205639448	74.65222715054122	7.322444299746424	76.45977578435837	74.92831489660043	8.8458642241072
-0.20348305084745763	-1.1695525423728814	0.6259172910350144	0.06767799089102523	74.57566205639448	74.65222715054122	7.322444299746424	76.20091247484747	74.67475231265554	8.895322344578897
-0.20348305084745763	-1.118706779661017	0.6259172910350144	0.07608397958002418	74.57566205639448	74.65222715054122	7.322444299746424	75.87318347912093	74.37026302139786	8.934839830416522
-0.20348305084745763	-1.0678610169491525	0.6259172910350144	0.08553403953812092	74.57566205639448	74.65222715054122	7.322444299746424	75.47463150575057	74.01341622366932	8.963245802311949
-0.20348305084745763	-1.0170152542372881	0.6259172910350144	0.09615785031346677	74.57566205639448	74.65222715054122	7.322444299746424	75.00558197535977	73.60441673288153	8.979567384514107
-0.20348305084745763	-0.9661694915254238	0.6259172910350144	0.10810119838647589	74.57566205639448	74.65222715054122	7.322444299746424	74.46866013140115	73.14507330565613	8.983647085020271
-0.20348305084745763	-0.9153237288135593	0.6259172910350144	0.1215279777417781	74.57566205639448	74.65222715054122	7.322444299746424	73.86952656035413	72.63953160222201	8.975070693486456
-0.20348305084745763	-0.8644779661016949	0.6259172910350144	0.13662243892250697	74.57566205639448	74.65222715054122	7.322444299746424	73.21624484195151	72.09368663557491	8.954492653518129
-0.20348305084745763	-0.8136322033898306	0.6259172910350144	0.15359171742983244	74.57566205639448	74.65222715054122	7.322444299746424	72.51952276922461	71.51551604349751	8.922871279658482
-0.20348305084745763	-0.7627864406779661	0.6259172910350144	0.17266867616399467	74.57566205639448	74.65222715054122	7.322444299746424	71.79257769152345	70.91507601690729	8.881105373154742
-0.20348305084745763	-0.7119406779661017	0.6259172910350144	0.19411510091256737	74.57566205639448	74.65222715054122	7.322444299746424	71.0499998947983	70.30351956938661	8.831370096155124
-0.20348305084745763	-0.6610949152542372	0.6259172910350144	0.21822529273641061	74.57566205639448	74.65222715054122	7.322444299746424	70.30778971517033	69.69329964161248	8.775868609145283
-0.20348305084745763	-0.6102491525423729	0.6259172910350144	0.24533010655024695	74.57566205639448	74.65222715054122	7.322444299746424	69.58278531090218	69.09775566896812	8.716661244142607
-0.20348305084745763	-0.5594033898305085	0.6259172910350144	0.2758014913177542	74.57566205639448	74.65222715054122	7.322444299746424	68.89175722840672	68.53034807690634	8.65612429491319
-0.20348305084745763	-0.508557627118644	0.6259172910350144	0.3100575941645296	74.57566205639448	74.65222715054122	7.322444299746424	68.25050755022623	68.00386652341314	8.597447315232005
-0.20348305084745763	-0.45771186440677963	0.6259172910350144	0.34856849845071003	74.57566205639448	74.65222715054122	7.322444299746424	67.67443108644525	67.53106641883731	8.542335332397592
-0.20348305084745763	-0.40686610169491527	0.6259172910350144	0.39186267454461904	74.57566205639448	74.65222715054122	7.322444299746424	67.1768920417294	67.12308649694639	8.493255706799358
-0.20348305084745763	-0.35602033898305085	0.6259172910350144	0.4405342318189317	74.57566205639448	74.65222715054122	7.322444299746424	66.76943627040296	66.78967310779429	8.452214689031806
-0.20348305084745763	-0.30517457627118644	0.6259172910350144	0.49525107138571994	74.57566205639448	74.65222715054122	7.322444299746424	66.46155575662107	66.53893437545592	8.4206308715497
-0.20348305084745763	-0.254328813559322	0.6259172910350144	0.5567640514472341	74.57566205639448	74.65222715054122	7.322444299746424	66.26023898128341	66.37686833546742	8.399815568650729
-0.20348305084745763	-0.20348305084745763	0.6259172910350144	0.6259172910350144	74.57566205639448	74.65222715054122	7.322444299746424	66.16998649368612	66.30735190837495	8.390676727742479
-0.20348305084745763	-0.1526372881355932	0.6259172910350144	0.7036597535315913	74.57566205639448	74.65222715054122	7.322444299746424	66.19296071371397	66.3322679162994	8.393280398428697
-0.20348305084745763	-0.10179152542372881	0.6259172910350144	0.7910582689310004	74.57566205639448	74.65222715054122	7.322444299746424	66.32841047106547	66.45091570107071	8.407956293045808
-0.20348305084745763	-0.050945762711864406	0.6259172910350144	0.8893121735375996	74.57566205639448	74.65222715054122	7.322444299746424	66.57348020633229	66.6608179943526	8.433720868704187
-0.20348305084745763	-0.0001	0.6259172910350144	0.9997697679981565	74.57566205639448	74.65222715054122	7.322444299746424	66.92223029203163	66.95675057143534	8.47036383259515
-0.1526372881355932	-3.0	0.7036597535315913	0.001	74.57566205639448	74.65222715054122	7.322444299746424	74.72167921012633	74.72647501724467	7.3734529036115655
-0.1526372881355932	-2.9491542372881354	0.7036597535315913	0.001124205647631211	74.57566205639448	74.65222715054122	7.322444299746424	74.73934092002133	74.73541537401626	7.3796941964197735
-0.1526372881355932	-2.8983084745762713	0.7036597535315913	0.001263838338165909	74.57566205639448	74.65222715054122	7.322444299746424	74.7589973104973	74.74531724103795	7.386837340848958
-0.1526372881355932	-2.8474627118644067	0.7036597535315913	0.0014208141974589592	74.57566205639448	74.65222715054122	7.322444299746424	74.78123817810481	74.7566550037036	7.3942400456658115
-0.1526372881355932	-2.7966169491525426	0.7036597535315913	0.0015972873450179669	74.57566205639448	74.65222715054122	7.322444299746424	74.80569072329502	74.76892935734962	7.403235523889553
-0.1526372881355932	-2.745771186440678	0.7036597535315913	0.0017956794541590607	74.57566205639448	74.65222715054122	7.322444299746424	74.83307441232836	74.78272159869124	7.413021718549156
-0.1526372881355932	-2.6949254237288134	0.7036597535315913	0.0020187129837009464	74.57566205639448	74.65222715054122	7.322444299746424	74.8636152940093	74.79810755273884	7.42383545041915
-0.1526372881355932	-2.6440796610169492	0.7036597535315913	0.002269448537223054	74.57566205639448	74.65222715054122	7.322444299746424	74.89754253155431	74.81515383172825	7.435958911652683
-0.1526372881355932	-2.5932338983050847	0.7036597535315913	0.0025513268625545478	74.57566205639448	74.65222715054122	7.322444299746424	74.93505236959072	74.83388169113293	7.449789549515348
-0.1526372881355932	-2.5423881355932205	0.7036597535315913	0.002868216067837038	74.57566205639448	74.65222715054122	7.322444299746424	74.97675340208293	74.85471269035752	7.464944377504697
-0.1526372881355932	-2.491542372881356	0.7036597535315913	0.0032244647020889827	74.57566205639448	74.65222715054122	7.322444299746424	75.02295730478097	74.87776019749599	7.481674984418021
-0.1526372881355932	-2.4406966101694914	0.7036597535315913	0.003624961428675924	74.57566205639448	74.65222715054122	7.322444299746424	75.0738613963227	74.90301320300891	7.500487750724187
-0.1526372881355932	-2.389850847457627	0.7036597535315913	0.0040752021105627725	74.57566205639448	74.65222715054122	7.322444299746424	75.12990607868716	74.93069593963673	7.521418922392122
-0.1526372881355932	-2.3390050847457626	0.7036597535315913	0.004581365227933299	74.57566205639448	74.65222715054122	7.322444299746424	75.19146622300968	74.96096212112022	7.54462789618553
-0.1526372881355932	-2.2881593220338985	0.7036597535315913	0.00515039666310386	74.57566205639448	74.65222715054122	7.322444299746424	75.25897856968936	74.994026574259	7.5701178192211405
-0.1526372881355932	-2.237313559322034	0.7036597535315913	0.005790105016202303	74.57566205639448	74.65222715054122	7.322444299746424	75.33248659940195	75.02971540079237	7.598610567545643
-0.1526372881355932	-2.1864677966101693	0.7036597535315913	0.006509268759592433	74.57566205639448	74.65222715054122	7.322444299746424	75.41266715049306	75.06849982137354	7.629448866297436
-0.1526372881355932	-2.135622033898305	0.7036597535315913	0.007317756701483213	74.57566205639448	74.65222715054122	7.322444299746424	75.49926060634095	75.10993518761975	7.663678968086686
-0.1526372881355932	-2.0847762711864406	0.7036597535315913	0.00822666341179857	74.57566205639448	74.65222715054122	7.322444299746424	75.59233304546909	75.15393410493384	7.701461940392737
-0.1526372881355932	-2.0339305084745765	0.7036597535315913	0.009248461468704988	74.57566205639448	74.65222715054122	7.322444299746424	75.6920220273048	75.2005257101028	7.74249572192401
-0.1526372881355932	-1.9830847457627119	0.7036597535315913	0.010397172615017792	74.57566205639448	74.65222715054122	7.322444299746424	75.79764203861377	75.24897677489034	7.787703023874914
-0.1526372881355932	-1.9322389830508475	0.7036597535315913	0.011688560173199561	74.57566205639448	74.65222715054122	7.322444299746424	75.90919335502393	75.2993191662504	7.8361131023033535
-0.1526372881355932	-1.8813932203389832	0.7036597535315913	0.013140345359388184	74.57566205639448	74.65222715054122	7.322444299746424	76.02540006986021	75.35040848515341	7.888642349140178
-0.1526372881355932	-1.8305474576271186	0.7036597535315913	0.014772450464848772	74.57566205639448	74.65222715054122	7.322444299746424	76.14503906687175	75.40127589990583	7.945300774051677
-0.1526372881355932	-1.7797016949152542	0.7036597535315913	0.016607272241935287	74.57566205639448	74.65222715054122	7.322444299746424	76.2665302778455	75.45074261432659	8.005855310115969
-0.1526372881355932	-1.7288559322033898	0.7036597535315913	0.01866998924613268	74.57566205639448	74.65222715054122	7.322444299746424	76.38768155648317	75.49718906525001	8.070185505707514
-0.1526372881355932	-1.6780101694915255	0.7036597535315913	0.020988907351716324	74.57566205639448	74.65222715054122	7.322444299746424	76.50568699132278	75.5385765511642	8.138130596341352
-0.1526372881355932	-1.6271644067796611	0.7036597535315913	0.023595848182407723	74.57566205639448	74.65222715054122	7.322444299746424	76.61730512947867	75.57264528923835	8.208996913152586
-0.1526372881355932	-1.5763186440677965	0.7036597535315913	0.026526585787311405	74.57566205639448	74.65222715054122	7.322444299746424	76.71800338098875	75.59607237879409	8.283164898256231
-0.1526372881355932	-1.5254728813559322	0.7036597535315913	0.02982133755446928	74.57566205639448	74.65222715054122	7.322444299746424	76.80351990715509	75.60603896712875	8.358909450772058
-0.1526372881355932	-1.4746271186440678	0.7036597535315913	0.03352531609865107	74.57566205639448	74.65222715054122	7.322444299746424	76.86807349233165	75.59843201254313	8.435999184325738
-0.1526372881355932	-1.4237813559322035	0.7036597535315913	0.03768934969672507	74.57566205639448	74.65222715054122	7.322444299746424	76.90567916148963	75.56913694053351	8.513182237436673
-0.1526372881355932	-1.372935593220339	0.7036597535315913	0.04237057978460597	74.57566205639448	74.65222715054122	7.322444299746424	76.90953302854166	75.51337957272062	8.589647886154056
-0.1526372881355932	-1.3220898305084745	0.7036597535315913	0.04763324508726285	74.57566205639448	74.65222715054122	7.322444299746424	76.87332691320863	75.42697842860741	8.66277546278033
-0.1526372881355932	-1.2712440677966101	0.7036597535315913	0.0535495631421025	74.57566205639448	74.65222715054122	7.322444299746424	76.78907908302672	75.30409085908572	8.73299055268351
-0.1526372881355932	-1.2203983050847458	0.7036597535315913	0.060200721312535725	74.57566205639448	74.65222715054122	7.322444299746424	76.65087709980912	75.14085178726704	8.796964428448609
-0.1526372881355932	-1.1695525423728814	0.7036597535315913	0.06767799089102523	74.57566205639448	74.65222715054122	7.322444299746424	76.4520563365622	74.93243444893044	8.854055433879324
-0.1526372881355932	-1.118706779661017	0.7036597535315913	0.07608397958002418	74.57566205639448	74.65222715054122	7.322444299746424	76.187267017526	74.67499023628133	8.903098378981081
-0.1526372881355932	-1.0678610169491525	0.7036597535315913	0.08553403953812092	74.57566205639448	74.65222715054122	7.322444299746424	75.85368057791642	74.36673235081534	8.940939956007474
-0.1526372881355932	-1.0170152542372881	0.7036597535315913	0.09615785031346677	74.57566205639448	74.65222715054122	7.322444299746424	75.44840083653705	74.00523720314456	8.96856389743281
-0.1526372881355932	-0.9661694915254238	0.7036597535315913	0.10810119838647589	74.57566205639448	74.65222715054122	7.322444299746424	74.9724054196946	73.59130311450251	8.984031118200914
-0.1526372881355932	-0.9153237288135593	0.7036597535315913	0.1215279777417781	74.57566205639448	74.65222715054122	7.322444299746424	74.4289042833725	73.12726477281946	8.986399573439208
-0.1526372881355932	-0.8644779661016949	0.7036597535315913	0.13662243892250697	74.57566205639448	74.65222715054122	7.322444299746424	73.82321263779701	72.61686614463805	8.976360912193524
-0.1526372881355932	-0.8136322033898306	0.7036597535315913	0.15359171742983244	74.57566205639448	74.65222715054122	7.322444299746424	73.16333420695616	72.06589364218561	8.955103295875697
-0.1526372881355932	-0.7627864406779661	0.7036597535315913	0.17266867616399467	74.57566205639448	74.65222715054122	7.322444299746424	72.46098423711042	71.48329429965834	8.921961880938078
-0.1526372881355932	-0.7119406779661017	0.7036597535315913	0.19411510091256737	74.57566205639448	74.65222715054122	7.322444299746424	71.72893075002172	70.87864933455427	8.879077509995446
-0.1526372881355932	-0.6610949152542372	0.7036597535315913	0.21822529273641061	74.57566205639448	74.65222715054122	7.322444299746424	70.9821223128842	70.26345891059708	8.828183591674971
-0.1526372881355932	-0.6102491525423729	0.7036597535315913	0.24533010655024695	74.57566205639448	74.65222715054122	7.322444299746424	70.23652762442606	69.65014717492697	8.77174084173896
-0.1526372881355932	-0.5594033898305085	0.7036597535315913	0.2758014913177542	74.57566205639448	74.65222715054122	7.322444299746424	69.50928468612257	69.05236868833185	8.711320099079765
-0.1526372881355932	-0.508557627118644	0.7036597535315913	0.3100575941645296	74.57566205639448	74.65222715054122	7.322444299746424	68.81634086444822	68.48278591883674	8.650968990243818
-0.1526372881355932	-0.45771186440677963	0.7036597535315913	0.34856849845071003	74.57566205639448	74.65222715054122	7.322444299746424	68.17464625881539	67.955368839695	8.591531669300583
-0.1526372881355932	-0.40686610169491527	0.7036597535315913	0.39186267454461904	74.57566205639448	74.65222715054122	7.322444299746424	67.59889368734454	67.48220691140685	8.536007280521703
-0.1526372881355932	-0.35602033898305085	0.7036597535315913	0.4405342318189317	74.57566205639448	74.65222715054122	7.322444299746424	67.1023720743517	67.07440013088231	8.486855779145877
-0.1526372881355932	-0.30517457627118644	0.7036597535315913	0.49525107138571994	74.57566205639448	74.65222715054122	7.322444299746424	66.69680466704048	66.7419071017571	8.44554409399077
-0.1526372881355932	-0.254328813559322	0.7036597535315913	0.5567640514472341	74.57566205639448	74.65222715054122	7.322444299746424	66.3913485434166	66.49253210659938	8.413960903358001
-0.1526372881355932	-0.20348305084745763	0.7036597535315913	0.6259172910350144	74.57566205639448	74.65222715054122	7.322444299746424	66.19292741102156	66.33223461130487	8.393346780946423
-0.1526372881355932	-0.1526372881355932	0.7036597535315913	0.7036597535315913	74.57566205639448	74.65222715054122	7.322444299746424	66.10610798163091	66.26497873049273	8.384281144874588
-0.1526372881355932	-0.10179152542372881	0.7036597535315913	0.7910582689310004	74.57566205639448	74.65222715054122	7.322444299746424	66.13256498685536	66.29217544650952	8.387623575292285
-0.1526372881355932	-0.050945762711864406	0.7036597535315913	0.8893121735375996	74.57566205639448	74.65222715054122	7.322444299746424	66.27211617951994	66.41370454535311	8.402395367629836
-0.1526372881355932	-0.0001	0.7036597535315913	0.9997697679981565	74.57566205639448	74.65222715054122	7.322444299746424	66.52111981932295	66.62631054491699	8.429031297581284
-0.10179152542372881	-3.0	0.7910582689310004	0.001	74.57566205639448	74.65222715054122	7.322444299746424	74.70730294300805	74.71964677251643	7.368483435805013
-0.10179152542372881	-2.9491542372881354	0.7910582689310004	0.001124205647631211	74.57566205639448	74.65222715054122	7.322444299746424	74.72336005194792	74.72788230698369	7.373944596082542
-0.10179152542372881	-2.8983084745762713	0.7910582689310004	0.001263838338165909	74.57566205639448	74.65222715054122	7.322444299746424	74.74117545243793	74.73694499586959	7.380337149534758
-0.10179152542372881	-2.8474627118644067	0.7910582689310004	0.0014208141974589592	74.57566205639448	74.65222715054122	7.322444299746424	74.76111080596534	74.74709126493805	7.387432105474237
-0.10179152542372881	-2.7966169491525426	0.7910582689310004	0.0015972873450179669	74.57566205639448	74.65222715054122	7.322444299746424	74.78342368875849	74.7584630280359	7.395259086558117
-0.10179152542372881	-2.745771186440678	0.7910582689310004	0.0017956794541590607	74.57566205639448	74.65222715054122	7.322444299746424	74.80822899351064	74.77104842917214	7.404179163608572
-0.10179152542372881	-2.6949254237288134	0.7910582689310004	0.0020187129837009464	74.57566205639448	74.65222715054122	7.322444299746424	74.83600102504116	74.78518349326009	7.413886357993542
-0.10179152542372881	-2.6440796610169492	0.7910582689310004	0.002269448537223054	74.57566205639448	74.65222715054122	7.322444299746424	74.8667471901878	74.80072524330619	7.425061595145409
-0.10179152542372881	-2.5932338983050847	0.7910582689310004	0.0025513268625545478	74.57566205639448	74.65222715054122	7.322444299746424	74.90096575224055	74.81800918731854	7.437454280090829
-0.10179152542372881	-2.5423881355932205	0.7910582689310004	0.002868216067837038	74.57566205639448	74.65222715054122	7.322444299746424	74.93891709975787	74.83712083648355	7.451340001467454
-0.10179152542372881	-2.491542372881356	0.7910582689310004	0.0032244647020889827	74.57566205639448	74.65222715054122	7.322444299746424	74.98114641106815	74.85841842465662	7.466469254636419
-0.10179152542372881	-2.4406966101694914	0.7910582689310004	0.003624961428675924	74.57566205639448	74.65222715054122	7.322444299746424	75.02774359739986	74.88179380203998	7.483539300488962
-0.10179152542372881	-2.389850847457627	0.7910582689310004	0.0040752021105627725	74.57566205639448	74.65222715054122	7.322444299746424	75.07910395678756	74.90743442751705	7.502670182326662
-0.10179152542372881	-2.3390050847457626	0.7910582689310004	0.004581365227933299	74.57566205639448	74.65222715054122	7.322444299746424	75.13594122701346	74.9358386156398	7.523351095392006
-0.10179152542372881	-2.2881593220338985	0.7910582689310004	0.00515039666310386	74.57566205639448	74.65222715054122	7.322444299746424	75.1980152493071	74.96654610493201	7.546974409562103
-0.10179152542372881	-2.237313559322034	0.7910582689310004	0.005790105016202303	74.57566205639448	74.65222715054122	7.322444299746424	75.2661207066301	75.00013112659079	7.572829111460991
-0.10179152542372881	-2.1864677966101693	0.7910582689310004	0.006509268759592433	74.57566205639448	74.65222715054122	7.322444299746424	75.34042461500084	75.03654538618326	7.601385385948271
-0.10179152542372881	-2.135622033898305	0.7910582689310004	0.007317756701483213	74.57566205639448	74.65222715054122	7.322444299746424	75.42126754930027	75.07592645883545	7.632651223107547
-0.10179152542372881	-2.0847762711864406	0.7910582689310004	0.00822666341179857	74.57566205639448	74.65222715054122	7.322444299746424	75.50848744878073	75.11793054524463	7.667468615525137
-0.10179152542372881	-2.0339305084745765	0.7910582689310004	0.009248461468704988	74.57566205639448	74.65222715054122	7.322444299746424	75.60242458187557	75.16274881235425	7.705430633848408
-0.10179152542372881	-1.9830847457627119	0.7910582689310004	0.010397172615017792	74.57566205639448	74.65222715054122	7.322444299746424	75.70286628577685	75.21006545714576	7.746911662374156
-0.10179152542372881	-1.9322389830508475	0.7910582689310004	0.011688560173199561	74.57566205639448	74.65222715054122	7.322444299746424	75.809402493521	75.25942908011281	7.79225322423232
-0.10179152542372881	-1.8813932203389832	0.7910582689310004	0.013140345359388184	74.57566205639448	74.65222715054122	7.322444299746424	75.92156968550178	75.31041567057369	7.841367566155647
-0.10179152542372881	-1.8305474576271186	0.7910582689310004	0.014772450464848772	74.57566205639448	74.65222715054122	7.322444299746424	76.0383772327118	75.36217521048957	7.894546838563816
-0.10179152542372881	-1.7797016949152542	0.7910582689310004	0.016607272241935287	74.57566205639448	74.65222715054122	7.322444299746424	76.15862333321304	75.4137708215176	7.951692135204275
-0.10179152542372881	-1.7288559322033898	0.7910582689310004	0.01866998924613268	74.57566205639448	74.65222715054122	7.322444299746424	76.28075178535272	75.46405970126888	8.01244307218659
-0.10179152542372881	-1.6780101694915255	0.7910582689310004	0.020988907351716324	74.57566205639448	74.65222715054122	7.322444299746424	76.40241211083308	75.51127737716314	8.07690075276001
-0.10179152542372881	-1.6271644067796611	0.7910582689310004	0.023595848182407723	74.57566205639448	74.65222715054122	7.322444299746424	76.5204879941201	75.55308938345267	8.145417130752612
-0.10179152542372881	-1.5763186440677965	0.7910582689310004	0.026526585787311405	74.57566205639448	74.65222715054122	7.322444299746424	76.63188144452957	75.58739449364897	8.216890975953563
-0.10179152542372881	-1.5254728813559322	0.7910582689310004	0.02982133755446928	74.57566205639448	74.65222715054122	7.322444299746424	76.73227340775838	75.61109882196632	8.291145091968943
-0.10179152542372881	-1.4746271186440678	0.7910582689310004	0.03352531609865107	74.57566205639448	74.65222715054122	7.322444299746424	76.81689897057691	75.62089481343143	8.367320002498985
-0.10179152542372881	-1.4237813559322035	0.7910582689310004	0.03768934969672507	74.57566205639448	74.65222715054122	7.322444299746424	76.88022700449436	75.6129323027738	8.444546878133321
-0.10179152542372881	-1.372935593220339	0.7910582689310004	0.04237057978460597	74.57566205639448	74.65222715054122	7.322444299746424	76.91602123674369	75.58285486605256	8.521943582739448
-0.10179152542372881	-1.3220898305084745	0.7910582689310004	0.04763324508726285	74.57566205639448	74.65222715054122	7.322444299746424	76.91789914397481	75.52631500787396	8.597740915565582
-0.10179152542372881	-1.2712440677966101	0.7910582689310004	0.0535495631421025	74.57566205639448	74.65222715054122	7.322444299746424	76.87842950711901	75.43800730326032	8.671472507039429
-0.10179152542372881	-1.2203983050847458	0.7910582689310004	0.060200721312535725	74.57566205639448	74.65222715054122	7.322444299746424	76.79071893964621	75.31316893553617	8.741337177497144
-0.10179152542372881	-1.1695525423728814	0.7910582689310004	0.06767799089102523	74.57566205639448	74.65222715054122	7.322444299746424	76.64828945086661	75.14735312951798	8.805130743861815
-0.10179152542372881	-1.118706779661017	0.7910582689310004	0.07608397958002418	74.57566205639448	74.65222715054122	7.322444299746424	76.44465478895678	74.93588544252063	8.861911579350762
-0.10179152542372881	-1.0678610169491525	0.7910582689310004	0.08553403953812092	74.57566205639448	74.65222715054122	7.322444299746424	76.17498722741003	74.67540497776555	8.909587307191227
-0.10179152542372881	-1.0170152542372881	0.7910582689310004	0.09615785031346677	74.57566205639448	74.65222715054122	7.322444299746424	75.83541577263317	74.3630397159091	8.947279989826841
-0.10179152542372881	-0.9661694915254238	0.7910582689310004	0.10810119838647589	74.57566205639448	74.65222715054122	7.322444299746424	75.42428336588165	73.99755621044358	8.973745854166582
-0.10179152542372881	-0.9153237288135593	0.7910582689310004	0.1215279777417781	74.57566205639448	74.65222715054122	7.322444299746424	74.94255665337401	73.57968917811954	8.987374729543175
-0.10179152542372881	-0.8644779661016949	0.7910582689310004	0.13662243892250697	74.57566205639448	74.65222715054122	7.322444299746424	74.39242741156905	73.11070210973976	8.989617139130193
-0.10179152542372881	-0.8136322033898306	0.7910582689310004	0.15359171742983244	74.57566205639448	74.65222715054122	7.322444299746424	73.78078340067078	72.59586164298003	8.978386583011556
-0.10179152542372881	-0.7627864406779661	0.7910582689310004	0.17266867616399467	74.57566205639448	74.65222715054122	7.322444299746424	73.11551637597522	72.04079905572112	8.955472565414244
-0.10179152542372881	-0.7119406779661017	0.7910582689310004	0.19411510091256737	74.57566205639448	74.65222715054122	7.322444299746424	72.40817013565108	71.45425624840517	8.920900490249132
-0.10179152542372881	-0.6610949152542372	0.7910582689310004	0.21822529273641061	74.57566205639448	74.65222715054122	7.322444299746424	71.67141036985932	70.84569064264201	8.877320345844582
-0.10179152542372881	-0.6102491525423729	0.7910582689310004	0.24533010655024695	74.57566205639448	74.65222715054122	7.322444299746424	70.9207304262719	70.22713813863146	8.825620658170303
-0.10179152542372881	-0.5594033898305085	0.7910582689310004	0.2758014913177542	74.57566205639448	74.65222715054122	7.322444299746424	70.17231230104352	69.61123959408155	8.768004106545717
-0.10179152542372881	-0.508557627118644	0.7910582689310004	0.3100575941645296	74.57566205639448	74.65222715054122	7.322444299746424	69.44258312791492	69.01095349195924	8.707556664544875
-0.10179152542372881	-0.45771186440677963	0.7910582689310004	0.34856849845071003	74.57566205639448	74.65222715054122	7.322444299746424	68.74878303310503	68.44025854471282	8.645756978959065
-0.10179152542372881	-0.40686610169491527	0.7910582689310004	0.39186267454461904	74.57566205639448	74.65222715054122	7.322444299746424	68.10666899856335	67.9119611640359	8.585786417440842
-0.10179152542372881	-0.35602033898305085	0.7910582689310004	0.4405342318189317	74.57566205639448	74.65222715054122	7.322444299746424	67.53114151171684	67.4383910035803	8.530124371409352
-0.10179152542372881	-0.30517457627118644	0.7910582689310004	0.49525107138571994	74.57566205639448	74.65222715054122	7.322444299746424	67.03576845674955	67.03096023674583	8.48053066406493
-0.10179152542372881	-0.254328813559322	0.7910582689310004	0.5567640514472341	74.57566205639448	74.65222715054122	7.322444299746424	66.63172324424487	66.69910856575524	8.439404009444937
-0.10179152542372881	-0.20348305084745763	0.7910582689310004	0.6259172910350144	74.57566205639448	74.65222715054122	7.322444299746424	66.3286841747104	66.45118943381657	8.407409009008013
-0.10179152542372881	-0.1526372881355932	0.7910582689310004	0.7036597535315913	74.57566205639448	74.65222715054122	7.322444299746424	66.13283177089538	66.2924422394325	8.387089912181668
-0.10179152542372881	-0.10179152542372881	0.7910582689310004	0.7910582689310004	74.57566205639448	74.65222715054122	7.322444299746424	66.0487916052527	66.22690865296613	8.378735401731982
-0.10179152542372881	-0.050945762711864406	0.7910582689310004	0.8893121735375996	74.57566205639448	74.65222715054122	7.322444299746424	66.07877436282965	66.25654937848637	8.381971309653911
-0.10179152542372881	-0.0001	0.7910582689310004	0.9997697679981565	74.57566205639448	74.65222715054122	7.322444299746424	66.22160151006871	66.38025812696657	8.3976592327196
-0.050945762711864406	-3.0	0.8893121735375996	0.001	74.57566205639448	74.65222715054122	7.322444299746424	74.69424948562782	74.71338287358766	7.363805358304226
-0.050945762711864406	-2.9491542372881354	0.8893121735375996	0.001124205647631211	74.57566205639448	74.65222715054122	7.322444299746424	74.70863651582545	74.72076108162759	7.368946201339931
-0.050945762711864406	-2.8983084745762713	0.8893121735375996	0.001263838338165909	74.57566205639448	74.65222715054122	7.322444299746424	74.72466380986116	74.72894147165617	7.374841340319826
-0.050945762711864406	-2.8474627118644067	0.8893121735375996	0.0014208141974589592	74.57566205639448	74.65222715054122	7.322444299746424	74.74285860998114	74.73835554916839	7.380891974463309
-0.050945762711864406	-2.7966169491525426	0.8893121735375996	0.0015972873450179669	74.57566205639448	74.65222715054122	7.322444299746424	74.76301643193989	74.74869346390264	7.388007078586279
-0.050945762711864406	-2.745771186440678	0.8893121735375996	0.0017956794541590607	74.57566205639448	74.65222715054122	7.322444299746424	74.78547979450143	74.7601817651825	7.3960484547382785
-0.050945762711864406	-2.6949254237288134	0.8893121735375996	0.0020187129837009464	74.57566205639448	74.65222715054122	7.322444299746424	74.81058135836858	74.77302625722787	7.404948532270032
-0.050945762711864406	-2.6440796610169492	0.8893121735375996	0.002269448537223054	74.57566205639448	74.65222715054122	7.322444299746424	74.83853309494877	74.78730045473888	7.41493084807661
-0.050945762711864406	-2.5932338983050847	0.8893121735375996	0.0025513268625545478	74.57566205639448	74.65222715054122	7.322444299746424	74.86957020033397	74.80308896829278	7.426225978463464
-0.050945762711864406	-2.5423881355932205	0.8893121735375996	0.002868216067837038	74.57566205639448	74.65222715054122	7.322444299746424	74.90418956661328	74.82072598285144	7.438591007023782
-0.050945762711864406	-2.491542372881356	0.8893121735375996	0.0032244647020889827	74.57566205639448	74.65222715054122	7.322444299746424	74.94264646315362	74.84029188309587	7.452318534788426
-0.050945762711864406	-2.4406966101694914	0.8893121735375996	0.003624961428675924	74.57566205639448	74.65222715054122	7.322444299746424	74.98514859783499	74.86180748221948	7.467837328169317
-0.050945762711864406	-2.389850847457627	0.8893121735375996	0.0040752021105627725	74.57566205639448	74.65222715054122	7.322444299746424	75.03209704137151	74.88547611105517	7.485229870433293
-0.050945762711864406	-2.3390050847457626	0.8893121735375996	0.004581365227933299	74.57566205639448	74.65222715054122	7.322444299746424	75.08410151229234	74.91170003719199	7.504188383395572
-0.050945762711864406	-2.2881593220338985	0.8893121735375996	0.00515039666310386	74.57566205639448	74.65222715054122	7.322444299746424	75.14116705886377	74.9402695972588	7.525625080068097
-0.050945762711864406	-2.237313559322034	0.8893121735375996	0.005790105016202303	74.57566205639448	74.65222715054122	7.322444299746424	75.20394130282925	74.97161332900457	7.549158362926755
-0.050945762711864406	-2.1864677966101693	0.8893121735375996	0.006509268759592433	74.57566205639448	74.65222715054122	7.322444299746424	75.27262427677269	75.00571218210779	7.5752638888848605
-0.050945762711864406	-2.135622033898305	0.8893121735375996	0.007317756701483213	74.57566205639448	74.65222715054122	7.322444299746424	75.34761722595607	75.04275390682825	7.603943023342871
-0.050945762711864406	-2.0847762711864406	0.8893121735375996	0.00822666341179857	74.57566205639448	74.65222715054122	7.322444299746424	75.4289219246791	75.08253967869872	7.6358742078126
-0.050945762711864406	-2.0339305084745765	0.8893121735375996	0.009248461468704988	74.57566205639448	74.65222715054122	7.322444299746424	75.51689898424742	75.12525151049074	7.670844321724004
-0.050945762711864406	-1.9830847457627119	0.8893121735375996	0.010397172615017792	74.57566205639448	74.65222715054122	7.322444299746424	75.61153976329781	75.17073558932503	7.709127650872189
-0.050945762711864406	-1.9322389830508475	0.8893121735375996	0.011688560173199561	74.57566205639448	74.65222715054122	7.322444299746424	75.71263861465975	75.21868781180727	7.751061316526911
-0.050945762711864406	-1.8813932203389832	0.8893121735375996	0.013140345359388184	74.57566205639448	74.65222715054122	7.322444299746424	75.8199696977807	75.2688470288849	7.796592315803941
-0.050945762711864406	-1.8305474576271186	0.8893121735375996	0.014772450464848772	74.57566205639448	74.65222715054122	7.322444299746424	75.93290391099816	75.32063061892866	7.8459205314891785
-0.050945762711864406	-1.7797016949152542	0.8893121735375996	0.016607272241935287	74.57566205639448	74.65222715054122	7.322444299746424	76.05046233642975	75.37320867365013	7.8992683449459316
-0.050945762711864406	-1.7288559322033898	0.8893121735375996	0.01866998924613268	74.57566205639448	74.65222715054122	7.322444299746424	76.1713128801062	75.42552361792688	7.9567346596801825
-0.050945762711864406	-1.6780101694915255	0.8893121735375996	0.020988907351716324	74.57566205639448	74.65222715054122	7.322444299746424	76.29375159063824	75.4762958358604	8.018183474682614
-0.050945762711864406	-1.6271644067796611	0.8893121735375996	0.023595848182407723	74.57566205639448	74.65222715054122	7.322444299746424	76.41559493620008	75.52394002067038	8.083295322029995
-0.050945762711864406	-1.5763186440677965	0.8893121735375996	0.026526585787311405	74.57566205639448	74.65222715054122	7.322444299746424	76.5338796404822	75.56628776014455	8.152018546994746
-0.050945762711864406	-1.5254728813559322	0.8893121735375996	0.02982133755446928	74.57566205639448	74.65222715054122	7.322444299746424	76.64511930707029	75.60086302061612	8.223918429905478
-0.050945762711864406	-1.4746271186440678	0.8893121735375996	0.03352531609865107	74.57566205639448	74.65222715054122	7.322444299746424	76.7451805405795	75.62477137205624	8.298326298036338
-0.050945762711864406	-1.4237813559322035	0.8893121735375996	0.03768934969672507	74.57566205639448	74.65222715054122	7.322444299746424	76.82895438420202	75.63437402863852	8.374949199891493
-0.050945762711864406	-1.372935593220339	0.8893121735375996	0.04237057978460597	74.57566205639448	74.65222715054122	7.322444299746424	76.89116163705737	75.62608401801684	8.452287835331083
-0.050945762711864406	-1.3220898305084745	0.8893121735375996	0.04763324508726285	74.57566205639448	74.65222715054122	7.322444299746424	76.92530779383323	75.59529499787406	8.529857867450012
-0.050945762711864406	-1.2712440677966101	0.8893121735375996	0.0535495631421025	74.57566205639448	74.65222715054122	7.322444299746424	76.92494477477115	75.53759810597015	8.605917666083766
-0.050945762711864406	-1.2203983050847458	0.8893121735375996	0.060200721312535725	74.57566205639448	74.65222715054122	7.322444299746424	76.88286118356768	75.4479063104388	8.67948023474526
-0.050945762711864406	-1.1695525423728814	0.8893121735375996	0.06767799089102523	74.57566205639448	74.65222715054122	7.322444299746424	76.79219106556104	75.32147661223038	8.74864709750341
-0.050945762711864406	-1.118706779661017	0.8893121735375996	0.07608397958002418	74.57566205639448	74.65222715054122	7.322444299746424	76.64583560291894	75.15322550673207	8.812454200809723
-0.050945762711864406	-1.0678610169491525	0.8893121735375996	0.08553403953812092	74.57566205639448	74.65222715054122	7.322444299746424	76.4380251763718	74.93917174394771	8.86857945233755
-0.050945762711864406	-1.0170152542372881	0.8893121735375996	0.09615785031346677	74.57566205639448	74.65222715054122	7.322444299746424	76.16365221029385	74.67564298553424	8.915601599274318
-0.050945762711864406	-0.9661694915254238	0.8893121735375996	0.10810119838647589	74.57566205639448	74.65222715054122	7.322444299746424	75.81907302906602	74.35995560646386	8.95236103271174
-0.050945762711864406	-0.9153237288135593	0.8893121735375996	0.1215279777417781	74.57566205639448	74.65222715054122	7.322444299746424	75.40247854343279	73.99067982372738	8.978147655078429
-0.050945762711864406	-0.8644779661016949	0.8893121735375996	0.13662243892250697	74.57566205639448	74.65222715054122	7.322444299746424	74.91491788547454	73.56858566667451	8.991469035280556
-0.050945762711864406	-0.8136322033898306	0.8893121735375996	0.15359171742983244	74.57566205639448	74.65222715054122	7.322444299746424	74.35969827148415	73.09600430252682	8.991860613482904
-0.050945762711864406	-0.7627864406779661	0.8893121735375996	0.17266867616399467	74.57566205639448	74.65222715054122	7.322444299746424	73.74247143949384	72.57692202475464	8.980045799783348
-0.050945762711864406	-0.7119406779661017	0.8893121735375996	0.19411510091256737	74.57566205639448	74.65222715054122	7.322444299746424	73.07199778608421	72.01780050790315	8.956408897651796
-0.050945762711864406	-0.6610949152542372	0.8893121735375996	0.21822529273641061	74.57566205639448	74.65222715054122	7.322444299746424	72.36021119460078	71.42774248779712	8.920509813485706
-0.050945762711864406	-0.6102491525423729	0.8893121735375996	0.24533010655024695	74.57566205639448	74.65222715054122	7.322444299746424	71.61950026692915	70.81590955251681	8.87582469366309
-0.050945762711864406	-0.5594033898305085	0.8893121735375996	0.2758014913177542	74.57566205639448	74.65222715054122	7.322444299746424	70.8654828758577	70.19445504983406	8.823202858593726
-0.050945762711864406	-0.508557627118644	0.8893121735375996	0.3100575941645296	74.57566205639448	74.65222715054122	7.322444299746424	70.11438897877096	69.57607186471795	8.764903705583288
-0.050945762711864406	-0.45771186440677963	0.8893121735375996	0.34856849845071003	74.57566205639448	74.65222715054122	7.322444299746424	69.3830708149342	68.97415754192309	8.703238926972542
-0.050945762711864406	-0.40686610169491527	0.8893121735375996	0.39186267454461904	74.57566205639448	74.65222715054122	7.322444299746424	68.68838521169668	68.40232912192643	8.640464235762865
-0.050945762711864406	-0.35602033898305085	0.8893121735375996	0.4405342318189317	74.57566205639448	74.65222715054122	7.322444299746424	68.04554321415603	67.87287392571095	8.580807538926216
-0.050945762711864406	-0.30517457627118644	0.8893121735375996	0.49525107138571994	74.57566205639448	74.65222715054122	7.322444299746424	67.47046607739381	67.39917203961363	8.52460817176074
-0.050945762711864406	-0.254328813559322	0.8893121735375996	0.5567640514472341	74.57566205639448	74.65222715054122	7.322444299746424	66.97585723035117	66.99180079789602	8.475224796239292
-0.050945762711864406	-0.20348305084745763	0.8893121735375996	0.6259172910350144	74.57566205639448	74.65222715054122	7.322444299746424	66.57347490861105	66.66081269221162	8.433731483657201
-0.050945762711864406	-0.1526372881355932	0.8893121735375996	0.7036597535315913	74.57566205639448	74.65222715054122	7.322444299746424	66.2720349460821	66.41362331032379	8.402557672348218
-0.050945762711864406	-0.10179152542372881	0.8893121735375996	0.7910582689310004	74.57566205639448	74.65222715054122	7.322444299746424	66.07864633635369	66.25642136575604	8.382227508126736
-0.050945762711864406	-0.050945762711864406	0.8893121735375996	0.8893121735375996	74.57566205639448	74.65222715054122	7.322444299746424	65.99754813023762	66.19287814840295	8.373645818871797
-0.050945762711864406	-0.0001	0.8893121735375996	0.9997697679981565	74.57566205639448	74.65222715054122	7.322444299746424	66.03050696453822	66.2245229727734	8.377180371897051
-0.0001	-3.0	0.9997697679981565	0.001	74.57566205639448	74.65222715054122	7.322444299746424	74.6823328437875	74.70756653709975	7.359608324231783
-0.0001	-2.9491542372881354	0.9997697679981565	0.001124205647631211	74.57566205639448	74.65222715054122	7.322444299746424	74.69531079144124	74.71426870867361	7.364219351027432
-0.0001	-2.8983084745762713	0.9997697679981565	0.001263838338165909	74.57566205639448	74.65222715054122	7.322444299746424	74.70986246496025	74.72179109986922	7.369334831650524
-0.0001	-2.8474627118644067	0.9997697679981565	0.0014208141974589592	74.57566205639448	74.65222715054122	7.322444299746424	74.72615258636469	74.73021171620103	7.375044596612895
-0.0001	-2.7966169491525426	0.9997697679981565	0.0015972873450179669	74.57566205639448	74.65222715054122	7.322444299746424	74.74436232607007	74.73961575462572	7.381443318587023
-0.0001	-2.745771186440678	0.9997697679981565	0.0017956794541590607	74.57566205639448	74.65222715054122	7.322444299746424	74.76470436033853	74.75011033143994	7.388610853208287
-0.0001	-2.6949254237288134	0.9997697679981565	0.0020187129837009464	74.57566205639448	74.65222715054122	7.322444299746424	74.78736293457435	74.76176360035947	7.39672989461644
-0.0001	-2.6440796610169492	0.9997697679981565	0.002269448537223054	74.57566205639448	74.65222715054122	7.322444299746424	74.81268374891555	74.77479422989194	7.405710563684705
-0.0001	-2.5932338983050847	0.9997697679981565	0.0025513268625545478	74.57566205639448	74.65222715054122	7.322444299746424	74.84077439833236	74.78917116198852	7.415990787773536
-0.0001	-2.5423881355932205	0.9997697679981565	0.002868216067837038	74.57566205639448	74.65222715054122	7.322444299746424	74.87221577494508	74.80532466142455	7.427113593691054
-0.0001	-2.491542372881356	0.9997697679981565	0.0032244647020889827	74.57566205639448	74.65222715054122	7.322444299746424	74.90715513902701	74.82323927049048	7.439541352713281
-0.0001	-2.4406966101694914	0.9997697679981565	0.003624961428675924	74.57566205639448	74.65222715054122	7.322444299746424	74.94592624429951	74.84307369609942	7.453412900979697
-0.0001	-2.389850847457627	0.9997697679981565	0.0040752021105627725	74.57566205639448	74.65222715054122	7.322444299746424	74.98871419711777	74.86482644057551	7.469208282293376
-0.0001	-2.3390050847457626	0.9997697679981565	0.004581365227933299	74.57566205639448	74.65222715054122	7.322444299746424	75.03611258418117	74.88889349921428	7.486629359132671
-0.0001	-2.2881593220338985	0.9997697679981565	0.00515039666310386	74.57566205639448	74.65222715054122	7.322444299746424	75.0884665955643	74.91541313227431	7.50590037034984
-0.0001	-2.237313559322034	0.9997697679981565	0.005790105016202303	74.57566205639448	74.65222715054122	7.322444299746424	75.14604810860072	74.94444307882115	7.527403498728071
-0.0001	-2.1864677966101693	0.9997697679981565	0.006509268759592433	74.57566205639448	74.65222715054122	7.322444299746424	75.20924953234505	74.97615758381849	7.551267869248618
-0.0001	-2.135622033898305	0.9997697679981565	0.007317756701483213	74.57566205639448	74.65222715054122	7.322444299746424	75.27850394312455	75.01077190135553	7.577505528015298
-0.0001	-2.0847762711864406	0.9997697679981565	0.00822666341179857	74.57566205639448	74.65222715054122	7.322444299746424	75.35399514934196	75.0482580334675	7.60654634700925
-0.0001	-2.0339305084745765	0.9997697679981565	0.009248461468704988	74.57566205639448	74.65222715054122	7.322444299746424	75.43596637801609	75.08866082600377	7.63858311463041
-0.0001	-1.9830847457627119	0.9997697679981565	0.010397172615017792	74.57566205639448	74.65222715054122	7.322444299746424	75.52466342370568	75.13205029040327	7.6736203349752925
-0.0001	-1.9322389830508475	0.9997697679981565	0.011688560173199561	74.57566205639448	74.65222715054122	7.322444299746424	75.61989453305878	75.17809292495222	7.712285635523727
-0.0001	-1.8813932203389832	0.9997697679981565	0.013140345359388184	74.57566205639448	74.65222715054122	7.322444299746424	75.72167802894278	75.2267132397715	7.754448496130788
-0.0001	-1.8305474576271186	0.9997697679981565	0.014772450464848772	74.57566205639448	74.65222715054122	7.322444299746424	75.82959003690803	75.27745720563597	7.8004215167082585
-0.0001	-1.7797016949152542	0.9997697679981565	0.016607272241935287	74.57566205639448	74.65222715054122	7.322444299746424	75.94305400638949	75.32980126254412	7.85026683583875
-0.0001	-1.7288559322033898	0.9997697679981565	0.01866998924613268	74.57566205639448	74.65222715054122	7.322444299746424	76.0611538780515	75.38298578818001	7.9040347437285154
-0.0001	-1.6780101694915255	0.9997697679981565	0.020988907351716324	74.57566205639448	74.65222715054122	7.322444299746424	76.18255071464571	75.43595516290374	7.961783509207905
-0.0001	-1.6271644067796611	0.9997697679981565	0.023595848182407723	74.57566205639448	74.65222715054122	7.322444299746424	76.30543696768724	75.4873359649813	8.0235174751079
-0.0001	-1.5763186440677965	0.9997697679981565	0.026526585787311405	74.57566205639448	74.65222715054122	7.322444299746424	76.42754925913727	75.53547397802001	8.08899956803036
-0.0001	-1.5254728813559322	0.9997697679981565	0.02982133755446928	74.57566205639448	74.65222715054122	7.322444299746424	76.54593447088956	75.57822274272031	8.158068657470205
-0.0001	-1.4746271186440678	0.9997697679981565	0.03352531609865107	74.57566205639448	74.65222715054122	7.322444299746424	76.6570602853025	75.61307262015879	8.230283036147695
-0.0001	-1.4237813559322035	0.9997697679981565	0.03768934969672507	74.57566205639448	74.65222715054122	7.322444299746424	76.75664771448358	75.63699560503912	8.305157418222663
-0.0001	-1.372935593220339	0.9997697679981565	0.04237057978460597	74.57566205639448	74.65222715054122	7.322444299746424	76.83986264780516	75.64663938701955	8.381736408431005
-0.0001	-1.3220898305084745	0.9997697679981565	0.04763324508726285	74.57566205639448	74.65222715054122	7.322444299746424	76.90098010872039	75.63798103938572	8.45930077009864
-0.0001	-1.2712440677966101	0.9997697679981565	0.0535495631421025	74.57566205639448	74.65222715054122	7.322444299746424	76.93374207134666	75.60665785475538	8.53678627088427
-0.0001	-1.2203983050847458	0.9997697679981565	0.060200721312535725	74.57566205639448	74.65222715054122	7.322444299746424	76.93137409433712	75.54793810181026	8.613012008824846
-0.0001	-1.1695525423728814	0.9997697679981565	0.06767799089102523	74.57566205639448	74.65222715054122	7.322444299746424	76.88687431139707	75.45694272835055	8.68650399572449
-0.0001	-1.118706779661017	0.9997697679981565	0.07608397958002418	74.57566205639448	74.65222715054122	7.322444299746424	76.79323209589926	75.32877642268119	8.75561213385923
-0.0001	-1.0678610169491525	0.9997697679981565	0.08553403953812092	74.57566205639448	74.65222715054122	7.322444299746424	76.64369773703731	75.15869052793833	8.818676722215438
-0.0001	-1.0170152542372881	0.9997697679981565	0.09615785031346677	74.57566205639448	74.65222715054122	7.322444299746424	76.43200930551203	74.94218966199449	8.874411760988012
-0.0001	-0.9661694915254238	0.9997697679981565	0.10810119838647589	74.57566205639448	74.65222715054122	7.322444299746424	76.15324707051607	74.67576041574085	8.92112233685908
-0.0001	-0.9153237288135593	0.9997697679981565	0.1215279777417781	74.57566205639448	74.65222715054122	7.322444299746424	75.8040369479997	74.35695367704707	8.957268782335344
-0.0001	-0.8644779661016949	0.9997697679981565	0.13662243892250697	74.57566205639448	74.65222715054122	7.322444299746424	75.38279726433107	73.98452714629059	8.981896805775698
-0.0001	-0.8136322033898306	0.9997697679981565	0.15359171742983244	74.57566205639448	74.65222715054122	7.322444299746424	74.89014879278261	73.55877969335597	8.99462392995219
-0.0001	-0.7627864406779661	0.9997697679981565	0.17266867616399467	74.57566205639448	74.65222715054122	7.322444299746424	74.32995455974073	73.0825559419964	8.994162240932503
-0.0001	-0.7119406779661017	0.9997697679981565	0.19411510091256737	74.57566205639448	74.65222715054122	7.322444299746424	73.70798669294382	72.55992301816936	8.981296188936456
-0.0001	-0.6610949152542372	0.9997697679981565	0.21822529273641061	74.57566205639448	74.65222715054122	7.322444299746424	73.03336568860828	71.9976688725045	8.955989991336912
-0.0001	-0.6102491525423729	0.9997697679981565	0.24533010655024695	74.57566205639448	74.65222715054122	7.322444299746424	72.3173473110759	71.40419243555588	8.919438385262183
-0.0001	-0.5594033898305085	0.9997697679981565	0.2758014913177542	74.57566205639448	74.65222715054122	7.322444299746424	71.5730151754796	70.78933429401242	8.873967947855718
-0.0001	-0.508557627118644	0.9997697679981565	0.3100575941645296	74.57566205639448	74.65222715054122	7.322444299746424	70.81591621060593	70.1651712313118	8.820762041195884
-0.0001	-0.45771186440677963	0.9997697679981565	0.34856849845071003	74.57566205639448	74.65222715054122	7.322444299746424	70.0624700088205	69.5445900474968	8.761826187565308
-0.0001	-0.40686610169491527	0.9997697679981565	0.39186267454461904	74.57566205639448	74.65222715054122	7.322444299746424	69.32953951783945	68.94101204254588	8.699518105708544
-0.0001	-0.35602033898305085	0.9997697679981565	0.4405342318189317	74.57566205639448	74.65222715054122	7.322444299746424	68.63361569582587	68.36770829898158	8.63683386015929
-0.0001	-0.30517457627118644	0.9997697679981565	0.49525107138571994	74.57566205639448	74.65222715054122	7.322444299746424	67.99042597705218	67.83750710193826	8.576919047942804
-0.0001	-0.254328813559322	0.9997697679981565	0.5567640514472341	74.57566205639448	74.65222715054122	7.322444299746424	67.41592963845511	67.36385310208097	8.519948768291146
-0.0001	-0.20348305084745763	0.9997697679981565	0.6259172910350144	74.57566205639448	74.65222715054122	7.322444299746424	66.92250298130608	66.95702323789948	8.4698181705891
-0.0001	-0.1526372881355932	0.9997697679981565	0.7036597535315913	74.57566205639448	74.65222715054122	7.322444299746424	66.52114937849353	66.62634010002672	8.428972233148045
-0.0001	-0.10179152542372881	0.9997697679981565	0.7910582689310004	74.57566205639448	74.65222715054122	7.322444299746424	66.2215609967209	66.38021761067124	8.397739757990328
-0.0001	-0.050945762711864406	0.9997697679981565	0.8893121735375996	74.57566205639448	74.65222715054122	7.322444299746424	66.0304786677783	66.22449468518445	8.377236892401852
-0.0001	-0.0001	0.9997697679981565	0.9997697679981565	74.57566205639448	74.65222715054122	7.322444299746424	65.95165370478506	66.16236940529771	8.369204104449928
